# Written by the engine's save_obj (Lesson 3.5).
# 1225 vertices, 2304 triangles
o mesh
v 1.39999998 0 0
v 1.3863703 0.10352762 0
v 1.34641016 0.200000003 0
v 1.28284276 0.282842726 0
v 1.20000005 0.346410185 0
v 1.10352767 0.386370331 0
v 1 0.400000006 0
v 0.896472394 0.386370331 0
v 0.799999952 0.346410155 0
v 0.717157304 0.282842726 0
v 0.653589845 0.200000033 0
v 0.613629639 0.103527568 0
v 0.600000024 -3.49691121e-08 0
v 0.613629699 -0.103527725 0
v 0.653589845 -0.199999988 0
v 0.717157364 -0.282842755 0
v 0.800000012 -0.346410185 0
v 0.896472394 -0.386370361 0
v 1 -0.400000006 0
v 1.10352778 -0.386370271 0
v 1.19999993 -0.346410185 0
v 1.28284276 -0.282842606 0
v 1.34641027 -0.199999914 0
v 1.3863703 -0.103527538 0
v 1.38802278 0 0.18273668
v 1.37450969 0.10352762 0.180957645
v 1.33489144 0.200000003 0.175741807
v 1.27186787 0.282842726 0.167444587
v 1.18973386 0.346410185 0.15663144
v 1.09408689 0.386370331 0.144039273
v 0.991444886 0.400000006 0.1305262
v 0.888802946 0.386370331 0.117013134
v 0.793155849 0.346410155 0.104420952
v 0.71102196 0.282842726 0.0936078206
v 0.647998333 0.200000033 0.0853106007
v 0.60837996 0.103527568 0.0800947472
v 0.594866931 -3.49691121e-08 0.07831572
v 0.60838002 -0.103527725 0.0800947547
v 0.647998333 -0.199999988 0.0853106007
v 0.711022019 -0.282842755 0.093607828
v 0.793155909 -0.346410185 0.10442096
v 0.888802946 -0.386370361 0.117013134
v 0.991444886 -0.400000006 0.1305262
v 1.094087 -0.386370271 0.144039288
v 1.18973374 -0.346410185 0.156631425
v 1.27186787 -0.282842606 0.167444587
v 1.33489156 -0.199999914 0.175741822
v 1.37450969 -0.103527538 0.180957645
v 1.35229611 0 0.362346649
v 1.33913088 0.10352762 0.358819038
v 1.30053234 0.200000003 0.348476589
v 1.23913097 0.282842726 0.332024127
v 1.15911102 0.346410185 0.310582876
v 1.06592584 0.386370331 0.285613984
v 0.965925813 0.400000006 0.258819044
v 0.865925848 0.386370331 0.232024133
v 0.772740602 0.346410155 0.207055226
v 0.692720771 0.282842726 0.185613975
v 0.631319284 0.200000033 0.169161499
v 0.592720687 0.103527568 0.158819035
v 0.579555511 -3.49691121e-08 0.155291438
v 0.592720747 -0.103527725 0.15881905
v 0.631319284 -0.199999988 0.169161499
v 0.69272083 -0.282842755 0.18561399
v 0.772740662 -0.346410185 0.207055241
v 0.865925848 -0.386370361 0.232024133
v 0.965925813 -0.400000006 0.258819044
v 1.06592596 -0.386370271 0.285614014
v 1.1591109 -0.346410185 0.310582846
v 1.23913097 -0.282842606 0.332024127
v 1.30053246 -0.199999914 0.348476619
v 1.33913088 -0.103527538 0.358819038
v 1.29343128 0 0.535756826
v 1.28083909 0.10352762 0.530541003
v 1.2439208 0.200000003 0.515248895
v 1.18519211 0.282842726 0.490922689
v 1.10865545 0.346410185 0.459220171
v 1.0195266 0.386370331 0.422301769
v 0.923879504 0.400000006 0.382683456
v 0.828232467 0.386370331 0.343065143
v 0.739103556 0.346410155 0.306146741
v 0.66256696 0.282842726 0.274444222
v 0.603838265 0.200000033 0.250118017
v 0.566919863 0.103527568 0.234825909
v 0.554327726 -3.49691121e-08 0.229610085
v 0.566919923 -0.103527725 0.234825939
v 0.603838265 -0.199999988 0.250118017
v 0.662567019 -0.282842755 0.274444252
v 0.739103615 -0.346410185 0.306146771
v 0.828232467 -0.386370361 0.343065143
v 0.923879504 -0.400000006 0.382683456
v 1.01952672 -0.386370271 0.422301829
v 1.10865533 -0.346410185 0.459220111
v 1.18519211 -0.282842606 0.490922689
v 1.2439208 -0.199999914 0.515248954
v 1.28083909 -0.103527538 0.530541003
v 1.21243548 0 0.699999988
v 1.20063186 0.10352762 0.693185151
v 1.1660254 0.200000003 0.673205078
v 1.11097443 0.282842726 0.641421378
v 1.03923047 0.346410185 0.600000024
v 0.955682993 0.386370331 0.551763833
v 0.866025388 0.400000006 0.5
v 0.776367843 0.386370331 0.448236197
v 0.692820251 0.346410155 0.399999976
v 0.621076405 0.282842726 0.358578652
v 0.566025376 0.200000033 0.326794922
v 0.53141886 0.103527568 0.30681482
v 0.519615233 -3.49691121e-08 0.300000012
v 0.53141892 -0.103527725 0.306814849
v 0.566025376 -0.199999988 0.326794922
v 0.621076465 -0.282842755 0.358578682
v 0.692820311 -0.346410185 0.400000006
v 0.776367843 -0.386370361 0.448236197
v 0.866025388 -0.400000006 0.5
v 0.955683053 -0.386370271 0.551763892
v 1.03923035 -0.346410185 0.599999964
v 1.11097443 -0.282842606 0.641421378
v 1.16602552 -0.199999914 0.673205137
v 1.20063186 -0.103527538 0.693185151
v 1.11069465 0 0.852266014
v 1.09988153 0.10352762 0.843968749
v 1.06817901 0.200000003 0.819642544
v 1.01774752 0.282842726 0.780945182
v 0.952024043 0.346410185 0.730513752
v 0.875487328 0.386370331 0.671785057
v 0.793353319 0.400000006 0.60876143
v 0.71121937 0.386370331 0.545737803
v 0.634682596 0.346410155 0.487009108
v 0.568959117 0.282842726 0.436577708
v 0.518527687 0.200000033 0.397880286
v 0.486825109 0.103527568 0.373554051
v 0.476012021 -3.49691121e-08 0.365256876
v 0.486825168 -0.103527725 0.373554081
v 0.518527687 -0.199999988 0.397880286
v 0.568959177 -0.282842755 0.436577737
v 0.634682655 -0.346410185 0.487009138
v 0.71121937 -0.386370361 0.545737803
v 0.793353319 -0.400000006 0.60876143
v 0.875487447 -0.386370271 0.671785176
v 0.952023923 -0.346410185 0.730513692
v 1.01774752 -0.282842606 0.780945182
v 1.06817901 -0.199999914 0.819642663
v 1.09988153 -0.103527538 0.843968749
v 0.989949465 0 0.989949465
v 0.980311811 0.10352762 0.980311811
v 0.952055752 0.200000003 0.952055752
v 0.907106817 0.282842726 0.907106817
v 0.848528147 0.346410185 0.848528147
v 0.780311882 0.386370331 0.780311882
v 0.707106769 0.400000006 0.707106769
v 0.633901715 0.386370331 0.633901715
v 0.565685391 0.346410155 0.565685391
v 0.507106781 0.282842726 0.507106781
v 0.462157816 0.200000033 0.462157816
v 0.433901668 0.103527568 0.433901668
v 0.424264073 -3.49691121e-08 0.424264073
v 0.433901727 -0.103527725 0.433901727
v 0.462157816 -0.199999988 0.462157816
v 0.507106841 -0.282842755 0.507106841
v 0.565685451 -0.346410185 0.565685451
v 0.633901715 -0.386370361 0.633901715
v 0.707106769 -0.400000006 0.707106769
v 0.780311942 -0.386370271 0.780311942
v 0.848528087 -0.346410185 0.848528087
v 0.907106817 -0.282842606 0.907106817
v 0.952055812 -0.199999914 0.952055812
v 0.980311811 -0.103527538 0.980311811
v 0.852266014 0 1.11069465
v 0.843968749 0.10352762 1.09988153
v 0.819642544 0.200000003 1.06817901
v 0.780945182 0.282842726 1.01774752
v 0.730513752 0.346410185 0.952024043
v 0.671785057 0.386370331 0.875487328
v 0.60876143 0.400000006 0.793353319
v 0.545737803 0.386370331 0.71121937
v 0.487009108 0.346410155 0.634682596
v 0.436577708 0.282842726 0.568959117
v 0.397880286 0.200000033 0.518527687
v 0.373554051 0.103527568 0.486825109
v 0.365256876 -3.49691121e-08 0.476012021
v 0.373554081 -0.103527725 0.486825168
v 0.397880286 -0.199999988 0.518527687
v 0.436577737 -0.282842755 0.568959177
v 0.487009138 -0.346410185 0.634682655
v 0.545737803 -0.386370361 0.71121937
v 0.60876143 -0.400000006 0.793353319
v 0.671785176 -0.386370271 0.875487447
v 0.730513692 -0.346410185 0.952023923
v 0.780945182 -0.282842606 1.01774752
v 0.819642663 -0.199999914 1.06817901
v 0.843968749 -0.103527538 1.09988153
v 0.699999928 0 1.2124356
v 0.693185091 0.10352762 1.20063198
v 0.673205018 0.200000003 1.1660254
v 0.641421318 0.282842726 1.11097443
v 0.599999964 0.346410185 1.03923059
v 0.551763773 0.386370331 0.955683053
v 0.49999997 0.400000006 0.866025448
v 0.448236167 0.386370331 0.776367903
v 0.399999946 0.346410155 0.692820311
v 0.358578622 0.282842726 0.621076465
v 0.326794893 0.200000033 0.566025436
v 0.30681479 0.103527568 0.53141886
v 0.299999982 -3.49691121e-08 0.519615293
v 0.30681482 -0.103527725 0.53141892
v 0.326794893 -0.199999988 0.566025436
v 0.358578652 -0.282842755 0.621076524
v 0.399999976 -0.346410185 0.69282037
v 0.448236167 -0.386370361 0.776367903
v 0.49999997 -0.400000006 0.866025448
v 0.551763833 -0.386370271 0.955683172
v 0.599999905 -0.346410185 1.03923047
v 0.641421318 -0.282842606 1.11097443
v 0.673205078 -0.199999914 1.16602552
v 0.693185091 -0.103527538 1.20063198
v 0.535756767 0 1.29343128
v 0.530540943 0.10352762 1.28083909
v 0.515248835 0.200000003 1.2439208
v 0.49092266 0.282842726 1.18519211
v 0.459220141 0.346410185 1.10865545
v 0.422301739 0.386370331 1.0195266
v 0.382683426 0.400000006 0.923879504
v 0.343065113 0.386370331 0.828232467
v 0.306146711 0.346410155 0.739103556
v 0.274444222 0.282842726 0.66256696
v 0.250117987 0.200000033 0.603838265
v 0.234825894 0.103527568 0.566919863
v 0.229610071 -3.49691121e-08 0.554327726
v 0.234825909 -0.103527725 0.566919923
v 0.250117987 -0.199999988 0.603838265
v 0.274444222 -0.282842755 0.662567019
v 0.306146741 -0.346410185 0.739103615
v 0.343065113 -0.386370361 0.828232467
v 0.382683426 -0.400000006 0.923879504
v 0.422301799 -0.386370271 1.01952672
v 0.459220082 -0.346410185 1.10865533
v 0.49092266 -0.282842606 1.18519211
v 0.515248895 -0.199999914 1.2439208
v 0.530540943 -0.103527538 1.28083909
v 0.362346709 0 1.35229611
v 0.358819067 0.10352762 1.33913088
v 0.348476619 0.200000003 1.30053234
v 0.332024187 0.282842726 1.23913097
v 0.310582906 0.346410185 1.15911102
v 0.285614014 0.386370331 1.06592584
v 0.258819073 0.400000006 0.965925813
v 0.232024148 0.386370331 0.865925848
v 0.207055241 0.346410155 0.772740602
v 0.18561399 0.282842726 0.692720771
v 0.169161513 0.200000033 0.631319284
v 0.15881905 0.103527568 0.592720687
v 0.155291453 -3.49691121e-08 0.579555511
v 0.158819064 -0.103527725 0.592720747
v 0.169161513 -0.199999988 0.631319284
v 0.185614005 -0.282842755 0.69272083
v 0.207055256 -0.346410185 0.772740662
v 0.232024148 -0.386370361 0.865925848
v 0.258819073 -0.400000006 0.965925813
v 0.285614043 -0.386370271 1.06592596
v 0.310582876 -0.346410185 1.1591109
v 0.332024187 -0.282842606 1.23913097
v 0.348476648 -0.199999914 1.30053246
v 0.358819067 -0.103527538 1.33913088
v 0.182736576 0 1.38802278
v 0.180957541 0.10352762 1.37450969
v 0.175741702 0.200000003 1.33489144
v 0.167444497 0.282842726 1.27186787
v 0.156631351 0.346410185 1.18973386
v 0.144039184 0.386370331 1.09408689
v 0.130526125 0.400000006 0.991444886
v 0.117013067 0.386370331 0.888802946
v 0.104420893 0.346410155 0.793155849
v 0.093607761 0.282842726 0.71102196
v 0.0853105485 0.200000033 0.647998333
v 0.0800947025 0.103527568 0.60837996
v 0.0783156753 -3.49691121e-08 0.594866931
v 0.08009471 -0.103527725 0.60838002
v 0.0853105485 -0.199999988 0.647998333
v 0.0936077684 -0.282842755 0.711022019
v 0.1044209 -0.346410185 0.793155909
v 0.117013067 -0.386370361 0.888802946
v 0.130526125 -0.400000006 0.991444886
v 0.144039199 -0.386370271 1.094087
v 0.156631336 -0.346410185 1.18973374
v 0.167444497 -0.282842606 1.27186787
v 0.175741717 -0.199999914 1.33489156
v 0.180957541 -0.103527538 1.37450969
v -6.11959408e-08 0 1.39999998
v -6.0600172e-08 0.10352762 1.3863703
v -5.88534554e-08 0.200000003 1.34641016
v -5.6074839e-08 0.282842726 1.28284276
v -5.24536681e-08 0.346410185 1.20000005
v -4.82367248e-08 0.386370331 1.10352767
v -4.37113883e-08 0.400000006 1
v -3.91860517e-08 0.386370331 0.896472394
v -3.49691085e-08 0.346410155 0.799999952
v -3.13479411e-08 0.282842726 0.717157304
v -2.85693194e-08 0.200000033 0.653589845
v -2.68226028e-08 0.103527568 0.613629639
v -2.6226834e-08 -3.49691121e-08 0.600000024
v -2.68226064e-08 -0.103527725 0.613629699
v -2.85693194e-08 -0.199999988 0.653589845
v -3.13479447e-08 -0.282842755 0.717157364
v -3.49691121e-08 -0.346410185 0.800000012
v -3.91860517e-08 -0.386370361 0.896472394
v -4.37113883e-08 -0.400000006 1
v -4.82367319e-08 -0.386370271 1.10352778
v -5.24536645e-08 -0.346410185 1.19999993
v -5.6074839e-08 -0.282842606 1.28284276
v -5.88534625e-08 -0.199999914 1.34641027
v -6.0600172e-08 -0.103527538 1.3863703
v -0.182736859 0 1.38802278
v -0.180957839 0.10352762 1.37450969
v -0.175741985 0.200000003 1.33489144
v -0.167444766 0.282842726 1.27186787
v -0.156631604 0.346410185 1.18973386
v -0.144039422 0.386370331 1.09408677
v -0.130526334 0.400000006 0.991444826
v -0.117013253 0.386370331 0.888802946
v -0.104421064 0.346410155 0.793155789
v -0.0936079174 0.282842726 0.7110219
v -0.0853106901 0.200000033 0.647998273
v -0.0800948292 0.103527568 0.60837996
v -0.0783158019 -3.49691121e-08 0.594866931
v -0.0800948367 -0.103527725 0.60838002
v -0.0853106901 -0.199999988 0.647998273
v -0.0936079249 -0.282842755 0.71102196
v -0.104421072 -0.346410185 0.793155849
v -0.117013253 -0.386370361 0.888802946
v -0.130526334 -0.400000006 0.991444826
v -0.144039437 -0.386370271 1.09408689
v -0.156631589 -0.346410185 1.18973374
v -0.167444766 -0.282842606 1.27186787
v -0.175742 -0.199999914 1.33489156
v -0.180957839 -0.103527538 1.37450969
v -0.362346649 0 1.35229611
v -0.358819038 0.10352762 1.33913088
v -0.348476589 0.200000003 1.30053234
v -0.332024127 0.282842726 1.23913097
v -0.310582876 0.346410185 1.15911102
v -0.285613984 0.386370331 1.06592584
v -0.258819044 0.400000006 0.965925813
v -0.232024133 0.386370331 0.865925848
v -0.207055226 0.346410155 0.772740602
v -0.185613975 0.282842726 0.692720771
v -0.169161499 0.200000033 0.631319284
v -0.158819035 0.103527568 0.592720687
v -0.155291438 -3.49691121e-08 0.579555511
v -0.15881905 -0.103527725 0.592720747
v -0.169161499 -0.199999988 0.631319284
v -0.18561399 -0.282842755 0.69272083
v -0.207055241 -0.346410185 0.772740662
v -0.232024133 -0.386370361 0.865925848
v -0.258819044 -0.400000006 0.965925813
v -0.285614014 -0.386370271 1.06592596
v -0.310582846 -0.346410185 1.1591109
v -0.332024127 -0.282842606 1.23913097
v -0.348476619 -0.199999914 1.30053246
v -0.358819038 -0.103527538 1.33913088
v -0.535756886 0 1.29343128
v -0.530541062 0.10352762 1.28083909
v -0.515248954 0.200000003 1.2439208
v -0.490922779 0.282842726 1.18519211
v -0.459220231 0.346410185 1.10865545
v -0.422301859 0.386370331 1.0195266
v -0.382683516 0.400000006 0.923879504
v -0.343065202 0.386370331 0.828232467
v -0.306146801 0.346410155 0.739103556
v -0.274444282 0.282842726 0.66256696
v -0.250118047 0.200000033 0.603838265
v -0.234825954 0.103527568 0.566919863
v -0.229610115 -3.49691121e-08 0.554327726
v -0.234825969 -0.103527725 0.566919923
v -0.250118047 -0.199999988 0.603838265
v -0.274444312 -0.282842755 0.662567019
v -0.30614683 -0.346410185 0.739103615
v -0.343065202 -0.386370361 0.828232467
v -0.382683516 -0.400000006 0.923879504
v -0.422301888 -0.386370271 1.01952672
v -0.459220201 -0.346410185 1.10865533
v -0.490922779 -0.282842606 1.18519211
v -0.515249014 -0.199999914 1.2439208
v -0.530541062 -0.103527538 1.28083909
v -0.700000048 0 1.21243548
v -0.69318521 0.10352762 1.20063186
v -0.673205137 0.200000003 1.1660254
v -0.641421437 0.282842726 1.11097443
v -0.600000083 0.346410185 1.03923047
v -0.551763892 0.386370331 0.955682993
v -0.50000006 0.400000006 0.866025388
v -0.448236257 0.386370331 0.776367843
v -0.400000036 0.346410155 0.692820251
v -0.358578682 0.282842726 0.621076405
v -0.326794952 0.200000033 0.566025376
v -0.306814849 0.103527568 0.53141886
v -0.300000042 -3.49691121e-08 0.519615233
v -0.306814879 -0.103527725 0.53141892
v -0.326794952 -0.199999988 0.566025376
v -0.358578712 -0.282842755 0.621076465
v -0.400000066 -0.346410185 0.692820311
v -0.448236257 -0.386370361 0.776367843
v -0.50000006 -0.400000006 0.866025388
v -0.551763952 -0.386370271 0.955683053
v -0.600000024 -0.346410185 1.03923035
v -0.641421437 -0.282842606 1.11097443
v -0.673205197 -0.199999914 1.16602552
v -0.69318521 -0.103527538 1.20063186
v -0.852266014 0 1.11069465
v -0.843968749 0.10352762 1.09988153
v -0.819642544 0.200000003 1.06817901
v -0.780945182 0.282842726 1.01774752
v -0.730513752 0.346410185 0.952024043
v -0.671785057 0.386370331 0.875487328
v -0.60876143 0.400000006 0.793353319
v -0.545737803 0.386370331 0.71121937
v -0.487009108 0.346410155 0.634682596
v -0.436577708 0.282842726 0.568959117
v -0.397880286 0.200000033 0.518527687
v -0.373554051 0.103527568 0.486825109
v -0.365256876 -3.49691121e-08 0.476012021
v -0.373554081 -0.103527725 0.486825168
v -0.397880286 -0.199999988 0.518527687
v -0.436577737 -0.282842755 0.568959177
v -0.487009138 -0.346410185 0.634682655
v -0.545737803 -0.386370361 0.71121937
v -0.60876143 -0.400000006 0.793353319
v -0.671785176 -0.386370271 0.875487447
v -0.730513692 -0.346410185 0.952023923
v -0.780945182 -0.282842606 1.01774752
v -0.819642663 -0.199999914 1.06817901
v -0.843968749 -0.103527538 1.09988153
v -0.989949465 0 0.989949465
v -0.980311811 0.10352762 0.980311811
v -0.952055752 0.200000003 0.952055752
v -0.907106817 0.282842726 0.907106817
v -0.848528147 0.346410185 0.848528147
v -0.780311882 0.386370331 0.780311882
v -0.707106769 0.400000006 0.707106769
v -0.633901715 0.386370331 0.633901715
v -0.565685391 0.346410155 0.565685391
v -0.507106781 0.282842726 0.507106781
v -0.462157816 0.200000033 0.462157816
v -0.433901668 0.103527568 0.433901668
v -0.424264073 -3.49691121e-08 0.424264073
v -0.433901727 -0.103527725 0.433901727
v -0.462157816 -0.199999988 0.462157816
v -0.507106841 -0.282842755 0.507106841
v -0.565685451 -0.346410185 0.565685451
v -0.633901715 -0.386370361 0.633901715
v -0.707106769 -0.400000006 0.707106769
v -0.780311942 -0.386370271 0.780311942
v -0.848528087 -0.346410185 0.848528087
v -0.907106817 -0.282842606 0.907106817
v -0.952055812 -0.199999914 0.952055812
v -0.980311811 -0.103527538 0.980311811
v -1.11069489 0 0.852265716
v -1.09988177 0.10352762 0.843968511
v -1.06817925 0.200000003 0.819642305
v -1.01774776 0.282842726 0.780944943
v -0.952024221 0.346410185 0.730513513
v -0.875487506 0.386370331 0.671784878
v -0.793353498 0.400000006 0.608761251
v -0.71121949 0.386370331 0.545737684
v -0.634682775 0.346410155 0.487008959
v -0.568959236 0.282842726 0.436577588
v -0.518527806 0.200000033 0.397880167
v -0.486825228 0.103527568 0.373553962
v -0.476012111 -3.49691121e-08 0.365256757
v -0.486825258 -0.103527725 0.373553991
v -0.518527806 -0.199999988 0.397880167
v -0.568959296 -0.282842755 0.436577618
v -0.634682834 -0.346410185 0.487009019
v -0.71121949 -0.386370361 0.545737684
v -0.793353498 -0.400000006 0.608761251
v -0.875487626 -0.386370271 0.671784937
v -0.952024162 -0.346410185 0.730513453
v -1.01774776 -0.282842606 0.780944943
v -1.06817925 -0.199999914 0.819642425
v -1.09988177 -0.103527538 0.843968511
v -1.21243548 0 0.700000048
v -1.20063186 0.10352762 0.69318521
v -1.1660254 0.200000003 0.673205137
v -1.11097443 0.282842726 0.641421437
v -1.03923047 0.346410185 0.600000083
v -0.955682993 0.386370331 0.551763892
v -0.866025388 0.400000006 0.50000006
v -0.776367843 0.386370331 0.448236257
v -0.692820251 0.346410155 0.400000036
v -0.621076405 0.282842726 0.358578682
v -0.566025376 0.200000033 0.326794952
v -0.53141886 0.103527568 0.306814849
v -0.519615233 -3.49691121e-08 0.300000042
v -0.53141892 -0.103527725 0.306814879
v -0.566025376 -0.199999988 0.326794952
v -0.621076465 -0.282842755 0.358578712
v -0.692820311 -0.346410185 0.400000066
v -0.776367843 -0.386370361 0.448236257
v -0.866025388 -0.400000006 0.50000006
v -0.955683053 -0.386370271 0.551763952
v -1.03923035 -0.346410185 0.600000024
v -1.11097443 -0.282842606 0.641421437
v -1.16602552 -0.199999914 0.673205197
v -1.20063186 -0.103527538 0.69318521
v -1.2934314 0 0.535756588
v -1.28083932 0.10352762 0.530540705
v -1.24392092 0.200000003 0.515248656
v -1.18519223 0.282842726 0.490922481
v -1.10865557 0.346410185 0.459219962
v -1.01952672 0.386370331 0.42230159
v -0.923879623 0.400000006 0.382683277
v -0.828232586 0.386370331 0.343064994
v -0.739103675 0.346410155 0.306146592
v -0.662567019 0.282842726 0.274444103
v -0.603838325 0.200000033 0.250117898
v -0.566919923 0.103527568 0.234825805
v -0.554327786 -3.49691121e-08 0.229609981
v -0.566919982 -0.103527725 0.23482582
v -0.603838325 -0.199999988 0.250117898
v -0.662567079 -0.282842755 0.274444133
v -0.739103734 -0.346410185 0.306146622
v -0.828232586 -0.386370361 0.343064994
v -0.923879623 -0.400000006 0.382683277
v -1.01952684 -0.386370271 0.42230162
v -1.10865545 -0.346410185 0.459219903
v -1.18519223 -0.282842606 0.490922481
v -1.24392104 -0.199999914 0.515248716
v -1.28083932 -0.103527538 0.530540705
v -1.35229623 0 0.3623465
v -1.339131 0.10352762 0.358818859
v -1.30053246 0.200000003 0.34847644
v -1.23913097 0.282842726 0.332023978
v -1.15911114 0.346410185 0.310582727
v -1.06592596 0.386370331 0.285613835
v -0.965925872 0.400000006 0.258818924
v -0.865925908 0.386370331 0.232024014
v -0.772740662 0.346410155 0.207055122
v -0.692720771 0.282842726 0.185613886
v -0.631319344 0.200000033 0.169161424
v -0.592720747 0.103527568 0.15881896
v -0.579555571 -3.49691121e-08 0.155291364
v -0.592720807 -0.103527725 0.158818975
v -0.631319344 -0.199999988 0.169161424
v -0.69272083 -0.282842755 0.1856139
v -0.772740722 -0.346410185 0.207055137
v -0.865925908 -0.386370361 0.232024014
v -0.965925872 -0.400000006 0.258818924
v -1.06592607 -0.386370271 0.285613865
v -1.15911102 -0.346410185 0.310582697
v -1.23913097 -0.282842606 0.332023978
v -1.30053246 -0.199999914 0.34847647
v -1.339131 -0.103527538 0.358818859
v -1.38802278 0 0.182736516
v -1.37450969 0.10352762 0.180957481
v -1.33489144 0.200000003 0.175741643
v -1.27186787 0.282842726 0.167444438
v -1.18973386 0.346410185 0.156631306
v -1.09408689 0.386370331 0.144039139
v -0.991444886 0.400000006 0.130526081
v -0.888802946 0.386370331 0.11701303
v -0.793155849 0.346410155 0.104420856
v -0.71102196 0.282842726 0.0936077312
v -0.647998333 0.200000033 0.0853105187
v -0.60837996 0.103527568 0.0800946727
v -0.594866931 -3.49691121e-08 0.0783156529
v -0.60838002 -0.103527725 0.0800946802
v -0.647998333 -0.199999988 0.0853105187
v -0.711022019 -0.282842755 0.0936077386
v -0.793155909 -0.346410185 0.104420863
v -0.888802946 -0.386370361 0.11701303
v -0.991444886 -0.400000006 0.130526081
v -1.094087 -0.386370271 0.144039154
v -1.18973374 -0.346410185 0.156631291
v -1.27186787 -0.282842606 0.167444438
v -1.33489156 -0.199999914 0.175741658
v -1.37450969 -0.103527538 0.180957481
v -1.39999998 0 -1.22391882e-07
v -1.3863703 0.10352762 -1.21200344e-07
v -1.34641016 0.200000003 -1.17706911e-07
v -1.28284276 0.282842726 -1.12149678e-07
v -1.20000005 0.346410185 -1.04907336e-07
v -1.10352767 0.386370331 -9.64734497e-08
v -1 0.400000006 -8.74227766e-08
v -0.896472394 0.386370331 -7.83721035e-08
v -0.799999952 0.346410155 -6.9938217e-08
v -0.717157304 0.282842726 -6.26958823e-08
v -0.653589845 0.200000033 -5.71386387e-08
v -0.613629639 0.103527568 -5.36452056e-08
v -0.600000024 -3.49691121e-08 -5.24536681e-08
v -0.613629699 -0.103527725 -5.36452127e-08
v -0.653589845 -0.199999988 -5.71386387e-08
v -0.717157364 -0.282842755 -6.26958894e-08
v -0.800000012 -0.346410185 -6.99382241e-08
v -0.896472394 -0.386370361 -7.83721035e-08
v -1 -0.400000006 -8.74227766e-08
v -1.10352778 -0.386370271 -9.64734639e-08
v -1.19999993 -0.346410185 -1.04907329e-07
v -1.28284276 -0.282842606 -1.12149678e-07
v -1.34641027 -0.199999914 -1.17706925e-07
v -1.3863703 -0.103527538 -1.21200344e-07
v -1.38802278 0 -0.182736754
v -1.37450969 0.10352762 -0.180957735
v -1.33489144 0.200000003 -0.175741881
v -1.27186787 0.282842726 -0.167444661
v -1.18973386 0.346410185 -0.156631514
v -1.09408677 0.386370331 -0.144039333
v -0.991444826 0.400000006 -0.13052626
v -0.888802946 0.386370331 -0.117013186
v -0.793155789 0.346410155 -0.104421005
v -0.7110219 0.282842726 -0.0936078578
v -0.647998273 0.200000033 -0.085310638
v -0.60837996 0.103527568 -0.0800947845
v -0.594866931 -3.49691121e-08 -0.0783157572
v -0.60838002 -0.103527725 -0.0800947919
v -0.647998273 -0.199999988 -0.085310638
v -0.71102196 -0.282842755 -0.0936078653
v -0.793155849 -0.346410185 -0.104421012
v -0.888802946 -0.386370361 -0.117013186
v -0.991444826 -0.400000006 -0.13052626
v -1.09408689 -0.386370271 -0.144039348
v -1.18973374 -0.346410185 -0.1566315
v -1.27186787 -0.282842606 -0.167444661
v -1.33489156 -0.199999914 -0.175741896
v -1.37450969 -0.103527538 -0.180957735
v -1.35229599 0 -0.362347037
v -1.33913076 0.10352762 -0.358819395
v -1.30053222 0.200000003 -0.348476946
v -1.23913085 0.282842726 -0.332024485
v -1.1591109 0.346410185 -0.310583174
v -1.06592584 0.386370331 -0.285614282
v -0.965925753 0.400000006 -0.258819312
v -0.865925789 0.386370331 -0.232024372
v -0.772740543 0.346410155 -0.207055435
v -0.692720711 0.282842726 -0.185614154
v -0.631319284 0.200000033 -0.169161677
v -0.592720687 0.103527568 -0.158819199
v -0.579555452 -3.49691121e-08 -0.155291587
v -0.592720747 -0.103527725 -0.158819214
v -0.631319284 -0.199999988 -0.169161677
v -0.692720771 -0.282842755 -0.185614169
v -0.772740602 -0.346410185 -0.207055449
v -0.865925789 -0.386370361 -0.232024372
v -0.965925753 -0.400000006 -0.258819312
v -1.06592596 -0.386370271 -0.285614312
v -1.15911078 -0.346410185 -0.310583144
v -1.23913085 -0.282842606 -0.332024485
v -1.30053234 -0.199999914 -0.348476976
v -1.33913076 -0.103527538 -0.358819395
v -1.29343128 0 -0.535756767
v -1.28083909 0.10352762 -0.530540943
v -1.2439208 0.200000003 -0.515248835
v -1.18519211 0.282842726 -0.49092266
v -1.10865545 0.346410185 -0.459220141
v -1.0195266 0.386370331 -0.422301739
v -0.923879504 0.400000006 -0.382683426
v -0.828232467 0.386370331 -0.343065113
v -0.739103556 0.346410155 -0.306146711
v -0.66256696 0.282842726 -0.274444222
v -0.603838265 0.200000033 -0.250117987
v -0.566919863 0.103527568 -0.234825894
v -0.554327726 -3.49691121e-08 -0.229610071
v -0.566919923 -0.103527725 -0.234825909
v -0.603838265 -0.199999988 -0.250117987
v -0.662567019 -0.282842755 -0.274444222
v -0.739103615 -0.346410185 -0.306146741
v -0.828232467 -0.386370361 -0.343065113
v -0.923879504 -0.400000006 -0.382683426
v -1.01952672 -0.386370271 -0.422301799
v -1.10865533 -0.346410185 -0.459220082
v -1.18519211 -0.282842606 -0.49092266
v -1.2439208 -0.199999914 -0.515248895
v -1.28083909 -0.103527538 -0.530540943
v -1.21243548 0 -0.699999928
v -1.20063186 0.10352762 -0.693185091
v -1.1660254 0.200000003 -0.673205018
v -1.11097443 0.282842726 -0.641421318
v -1.03923047 0.346410185 -0.599999964
v -0.955682993 0.386370331 -0.551763773
v -0.866025388 0.400000006 -0.49999997
v -0.776367843 0.386370331 -0.448236167
v -0.692820251 0.346410155 -0.399999946
v -0.621076405 0.282842726 -0.358578622
v -0.566025376 0.200000033 -0.326794893
v -0.53141886 0.103527568 -0.30681479
v -0.519615233 -3.49691121e-08 -0.299999982
v -0.53141892 -0.103527725 -0.30681482
v -0.566025376 -0.199999988 -0.326794893
v -0.621076465 -0.282842755 -0.358578652
v -0.692820311 -0.346410185 -0.399999976
v -0.776367843 -0.386370361 -0.448236167
v -0.866025388 -0.400000006 -0.49999997
v -0.955683053 -0.386370271 -0.551763833
v -1.03923035 -0.346410185 -0.599999905
v -1.11097443 -0.282842606 -0.641421318
v -1.16602552 -0.199999914 -0.673205078
v -1.20063186 -0.103527538 -0.693185091
v -1.11069441 0 -0.852266252
v -1.09988129 0.10352762 -0.843968987
v -1.06817877 0.200000003 -0.819642782
v -1.0177474 0.282842726 -0.78094542
v -0.952023864 0.346410185 -0.73051393
v -0.875487208 0.386370331 -0.671785295
v -0.7933532 0.400000006 -0.608761609
v -0.711219251 0.386370331 -0.545737982
v -0.634682536 0.346410155 -0.487009257
v -0.568959057 0.282842726 -0.436577827
v -0.518527567 0.200000033 -0.397880405
v -0.486825049 0.103527568 -0.37355417
v -0.476011932 -3.49691121e-08 -0.365256965
v -0.486825079 -0.103527725 -0.3735542
v -0.518527567 -0.199999988 -0.397880405
v -0.568959117 -0.282842755 -0.436577857
v -0.634682596 -0.346410185 -0.487009287
v -0.711219251 -0.386370361 -0.545737982
v -0.7933532 -0.400000006 -0.608761609
v -0.875487328 -0.386370271 -0.671785355
v -0.952023804 -0.346410185 -0.730513871
v -1.0177474 -0.282842606 -0.78094542
v -1.06817889 -0.199999914 -0.819642901
v -1.09988129 -0.103527538 -0.843968987
v -0.989949286 0 -0.989949644
v -0.980311632 0.10352762 -0.98031199
v -0.952055573 0.200000003 -0.952055871
v -0.907106638 0.282842726 -0.907106936
v -0.848528028 0.346410185 -0.848528326
v -0.780311763 0.386370331 -0.780312002
v -0.70710665 0.400000006 -0.707106888
v -0.633901596 0.386370331 -0.633901834
v -0.565685272 0.346410155 -0.565685451
v -0.507106721 0.282842726 -0.507106841
v -0.462157726 0.200000033 -0.462157875
v -0.433901608 0.103527568 -0.433901757
v -0.424264014 -3.49691121e-08 -0.424264163
v -0.433901638 -0.103527725 -0.433901787
v -0.462157726 -0.199999988 -0.462157875
v -0.507106721 -0.282842755 -0.5071069
v -0.565685332 -0.346410185 -0.565685511
v -0.633901596 -0.386370361 -0.633901834
v -0.70710665 -0.400000006 -0.707106888
v -0.780311823 -0.386370271 -0.780312121
v -0.848527908 -0.346410185 -0.848528206
v -0.907106638 -0.282842606 -0.907106936
v -0.952055633 -0.199999914 -0.952055991
v -0.980311632 -0.103527538 -0.98031199
v -0.852266073 0 -1.11069453
v -0.843968868 0.10352762 -1.09988141
v -0.819642663 0.200000003 -1.06817889
v -0.780945241 0.282842726 -1.01774752
v -0.730513811 0.346410185 -0.952023923
v -0.671785116 0.386370331 -0.875487268
v -0.608761489 0.400000006 -0.79335326
v -0.545737863 0.386370331 -0.711219311
v -0.487009168 0.346410155 -0.634682596
v -0.436577737 0.282842726 -0.568959057
v -0.397880316 0.200000033 -0.518527627
v -0.373554081 0.103527568 -0.486825079
v -0.365256906 -3.49691121e-08 -0.476011962
v -0.37355414 -0.103527725 -0.486825109
v -0.397880316 -0.199999988 -0.518527627
v -0.436577797 -0.282842755 -0.568959117
v -0.487009197 -0.346410185 -0.634682596
v -0.545737863 -0.386370361 -0.711219311
v -0.608761489 -0.400000006 -0.79335326
v -0.671785235 -0.386370271 -0.875487387
v -0.730513752 -0.346410185 -0.952023864
v -0.780945241 -0.282842606 -1.01774752
v -0.819642723 -0.199999914 -1.06817901
v -0.843968868 -0.103527538 -1.09988141
v -0.699999869 0 -1.2124356
v -0.693185031 0.10352762 -1.20063198
v -0.673204958 0.200000003 -1.1660254
v -0.641421258 0.282842726 -1.11097443
v -0.599999905 0.346410185 -1.03923059
v -0.551763713 0.386370331 -0.955683053
v -0.499999911 0.400000006 -0.866025448
v -0.448236108 0.386370331 -0.776367903
v -0.399999917 0.346410155 -0.692820311
v -0.358578593 0.282842726 -0.621076465
v -0.326794863 0.200000033 -0.566025436
v -0.30681476 0.103527568 -0.53141886
v -0.299999952 -3.49691121e-08 -0.519615293
v -0.30681479 -0.103527725 -0.53141892
v -0.326794863 -0.199999988 -0.566025436
v -0.358578622 -0.282842755 -0.621076524
v -0.399999946 -0.346410185 -0.69282037
v -0.448236108 -0.386370361 -0.776367903
v -0.499999911 -0.400000006 -0.866025448
v -0.551763773 -0.386370271 -0.955683172
v -0.599999845 -0.346410185 -1.03923047
v -0.641421258 -0.282842606 -1.11097443
v -0.673205018 -0.199999914 -1.16602552
v -0.693185031 -0.103527538 -1.20063198
v -0.53575635 0 -1.29343152
v -0.530540526 0.10352762 -1.28083932
v -0.515248477 0.200000003 -1.24392104
v -0.490922272 0.282842726 -1.18519235
v -0.459219784 0.346410185 -1.10865569
v -0.422301412 0.386370331 -1.01952684
v -0.382683128 0.400000006 -0.923879683
v -0.343064874 0.386370331 -0.828232646
v -0.306146473 0.346410155 -0.739103675
v -0.274444014 0.282842726 -0.662567079
v -0.250117809 0.200000033 -0.603838384
v -0.234825715 0.103527568 -0.566919982
v -0.229609892 -3.49691121e-08 -0.554327846
v -0.23482573 -0.103527725 -0.566919982
v -0.250117809 -0.199999988 -0.603838384
v -0.274444014 -0.282842755 -0.662567139
v -0.306146502 -0.346410185 -0.739103734
v -0.343064874 -0.386370361 -0.828232646
v -0.382683128 -0.400000006 -0.923879683
v -0.422301471 -0.386370271 -1.01952696
v -0.459219724 -0.346410185 -1.10865557
v -0.490922272 -0.282842606 -1.18519235
v -0.515248477 -0.199999914 -1.24392104
v -0.530540526 -0.103527538 -1.28083932
v -0.36234656 0 -1.35229623
v -0.358818948 0.10352762 -1.339131
v -0.348476499 0.200000003 -1.30053246
v -0.332024068 0.282842726 -1.23913097
v -0.310582787 0.346410185 -1.15911114
v -0.285613894 0.386370331 -1.06592596
v -0.258818984 0.400000006 -0.965925872
v -0.232024074 0.386370331 -0.865925908
v -0.207055181 0.346410155 -0.772740662
v -0.18561393 0.282842726 -0.692720771
v -0.169161454 0.200000033 -0.631319344
v -0.158819005 0.103527568 -0.592720747
v -0.155291393 -3.49691121e-08 -0.579555571
v -0.15881902 -0.103527725 -0.592720807
v -0.169161454 -0.199999988 -0.631319344
v -0.185613945 -0.282842755 -0.69272083
v -0.207055196 -0.346410185 -0.772740722
v -0.232024074 -0.386370361 -0.865925908
v -0.258818984 -0.400000006 -0.965925872
v -0.285613954 -0.386370271 -1.06592607
v -0.310582757 -0.346410185 -1.15911102
v -0.332024068 -0.282842606 -1.23913097
v -0.348476529 -0.199999914 -1.30053246
v -0.358818948 -0.103527538 -1.339131
v -0.182736278 0 -1.38802278
v -0.180957258 0.10352762 -1.37450969
v -0.175741419 0.200000003 -1.33489144
v -0.167444229 0.282842726 -1.27186787
v -0.156631112 0.346410185 -1.18973386
v -0.14403896 0.386370331 -1.09408689
v -0.130525917 0.400000006 -0.991444886
v -0.117012881 0.386370331 -0.888802946
v -0.104420729 0.346410155 -0.793155849
v -0.093607612 0.282842726 -0.71102196
v -0.0853104144 0.200000033 -0.647998333
v -0.0800945684 0.103527568 -0.60837996
v -0.078315556 -3.49691121e-08 -0.594866931
v -0.0800945759 -0.103527725 -0.60838002
v -0.0853104144 -0.199999988 -0.647998333
v -0.0936076194 -0.282842755 -0.711022019
v -0.104420736 -0.346410185 -0.793155909
v -0.117012881 -0.386370361 -0.888802946
v -0.130525917 -0.400000006 -0.991444886
v -0.144038975 -0.386370271 -1.094087
v -0.156631097 -0.346410185 -1.18973374
v -0.167444229 -0.282842606 -1.27186787
v -0.175741434 -0.199999914 -1.33489156
v -0.180957258 -0.103527538 -1.37450969
v 1.66948322e-08 0 -1.39999998
v 1.65323009e-08 0.10352762 -1.3863703
v 1.60557807e-08 0.200000003 -1.34641016
v 1.52977471e-08 0.282842726 -1.28284276
v 1.43098573e-08 0.346410185 -1.20000005
v 1.31594353e-08 0.386370331 -1.10352767
v 1.19248806e-08 0.400000006 -1
v 1.0690326e-08 0.386370331 -0.896472394
v 9.53990398e-09 0.346410155 -0.799999952
v 8.5520151e-09 0.282842726 -0.717157304
v 7.79398057e-09 0.200000033 -0.653589845
v 7.31746042e-09 0.103527568 -0.613629639
v 7.15492865e-09 -3.49691121e-08 -0.600000024
v 7.31746086e-09 -0.103527725 -0.613629699
v 7.79398057e-09 -0.199999988 -0.653589845
v 8.55201598e-09 -0.282842755 -0.717157364
v 9.53990487e-09 -0.346410185 -0.800000012
v 1.0690326e-08 -0.386370361 -0.896472394
v 1.19248806e-08 -0.400000006 -1
v 1.31594371e-08 -0.386370271 -1.10352778
v 1.43098555e-08 -0.346410185 -1.19999993
v 1.52977471e-08 -0.282842606 -1.28284276
v 1.60557825e-08 -0.199999914 -1.34641027
v 1.65323009e-08 -0.103527538 -1.3863703
v 0.182736963 0 -1.38802278
v 0.180957943 0.10352762 -1.37450969
v 0.175742075 0.200000003 -1.33489144
v 0.167444855 0.282842726 -1.27186787
v 0.156631693 0.346410185 -1.18973386
v 0.144039497 0.386370331 -1.09408677
v 0.130526409 0.400000006 -0.991444826
v 0.11701332 0.386370331 -0.888802946
v 0.104421124 0.346410155 -0.793155789
v 0.0936079696 0.282842726 -0.7110219
v 0.0853107348 0.200000033 -0.647998273
v 0.0800948739 0.103527568 -0.60837996
v 0.0783158466 -3.49691121e-08 -0.594866931
v 0.0800948814 -0.103527725 -0.60838002
v 0.0853107348 -0.199999988 -0.647998273
v 0.093607977 -0.282842755 -0.71102196
v 0.104421131 -0.346410185 -0.793155849
v 0.11701332 -0.386370361 -0.888802946
v 0.130526409 -0.400000006 -0.991444826
v 0.144039512 -0.386370271 -1.09408689
v 0.156631678 -0.346410185 -1.18973374
v 0.167444855 -0.282842606 -1.27186787
v 0.175742105 -0.199999914 -1.33489156
v 0.180957943 -0.103527538 -1.37450969
v 0.362347245 0 -1.35229599
v 0.358819604 0.10352762 -1.33913064
v 0.348477155 0.200000003 -1.30053222
v 0.332024664 0.282842726 -1.23913074
v 0.310583353 0.346410185 -1.1591109
v 0.285614431 0.386370331 -1.06592572
v 0.258819461 0.400000006 -0.965925694
v 0.232024506 0.386370331 -0.865925729
v 0.207055554 0.346410155 -0.772740483
v 0.185614273 0.282842726 -0.692720652
v 0.169161767 0.200000033 -0.631319225
v 0.158819288 0.103527568 -0.592720628
v 0.155291677 -3.49691121e-08 -0.579555452
v 0.158819303 -0.103527725 -0.592720687
v 0.169161767 -0.199999988 -0.631319225
v 0.185614288 -0.282842755 -0.692720711
v 0.207055569 -0.346410185 -0.772740543
v 0.232024506 -0.386370361 -0.865925729
v 0.258819461 -0.400000006 -0.965925694
v 0.285614461 -0.386370271 -1.06592584
v 0.310583323 -0.346410185 -1.15911078
v 0.332024664 -0.282842606 -1.23913074
v 0.348477185 -0.199999914 -1.30053222
v 0.358819604 -0.103527538 -1.33913064
v 0.535757065 0 -1.29343116
v 0.530541182 0.10352762 -1.28083897
v 0.515249074 0.200000003 -1.24392068
v 0.490922898 0.282842726 -1.18519211
v 0.45922035 0.346410185 -1.10865533
v 0.422301948 0.386370331 -1.01952648
v 0.382683605 0.400000006 -0.923879445
v 0.343065292 0.386370331 -0.828232408
v 0.30614686 0.346410155 -0.739103496
v 0.274444342 0.282842726 -0.6625669
v 0.250118107 0.200000033 -0.603838205
v 0.234825999 0.103527568 -0.566919804
v 0.229610175 -3.49691121e-08 -0.554327667
v 0.234826028 -0.103527725 -0.566919863
v 0.250118107 -0.199999988 -0.603838205
v 0.274444371 -0.282842755 -0.66256696
v 0.30614689 -0.346410185 -0.739103556
v 0.343065292 -0.386370361 -0.828232408
v 0.382683605 -0.400000006 -0.923879445
v 0.422301978 -0.386370271 -1.0195266
v 0.45922029 -0.346410185 -1.10865521
v 0.490922898 -0.282842606 -1.18519211
v 0.515249133 -0.199999914 -1.2439208
v 0.530541182 -0.103527538 -1.28083897
v 0.699999869 0 -1.2124356
v 0.693185031 0.10352762 -1.20063198
v 0.673204958 0.200000003 -1.1660254
v 0.641421258 0.282842726 -1.11097443
v 0.599999905 0.346410185 -1.03923059
v 0.551763713 0.386370331 -0.955683053
v 0.499999911 0.400000006 -0.866025448
v 0.448236108 0.386370331 -0.776367903
v 0.399999917 0.346410155 -0.692820311
v 0.358578593 0.282842726 -0.621076465
v 0.326794863 0.200000033 -0.566025436
v 0.30681476 0.103527568 -0.53141886
v 0.299999952 -3.49691121e-08 -0.519615293
v 0.30681479 -0.103527725 -0.53141892
v 0.326794863 -0.199999988 -0.566025436
v 0.358578622 -0.282842755 -0.621076524
v 0.399999946 -0.346410185 -0.69282037
v 0.448236108 -0.386370361 -0.776367903
v 0.499999911 -0.400000006 -0.866025448
v 0.551763773 -0.386370271 -0.955683172
v 0.599999845 -0.346410185 -1.03923047
v 0.641421258 -0.282842606 -1.11097443
v 0.673205018 -0.199999914 -1.16602552
v 0.693185031 -0.103527538 -1.20063198
v 0.852266133 0 -1.11069453
v 0.843968928 0.10352762 -1.09988141
v 0.819642723 0.200000003 -1.06817889
v 0.780945361 0.282842726 -1.01774752
v 0.730513871 0.346410185 -0.952023923
v 0.671785235 0.386370331 -0.875487268
v 0.608761549 0.400000006 -0.79335326
v 0.545737922 0.386370331 -0.711219311
v 0.487009197 0.346410155 -0.634682596
v 0.436577797 0.282842726 -0.568959057
v 0.397880375 0.200000033 -0.518527627
v 0.37355414 0.103527568 -0.486825079
v 0.365256935 -3.49691121e-08 -0.476011962
v 0.37355417 -0.103527725 -0.486825109
v 0.397880375 -0.199999988 -0.518527627
v 0.436577827 -0.282842755 -0.568959117
v 0.487009257 -0.346410185 -0.634682596
v 0.545737922 -0.386370361 -0.711219311
v 0.608761549 -0.400000006 -0.79335326
v 0.671785295 -0.386370271 -0.875487387
v 0.730513811 -0.346410185 -0.952023864
v 0.780945361 -0.282842606 -1.01774752
v 0.819642782 -0.199999914 -1.06817901
v 0.843968928 -0.103527538 -1.09988141
v 0.989949822 0 -0.989949107
v 0.980312169 0.10352762 -0.980311513
v 0.95205605 0.200000003 -0.952055395
v 0.907107115 0.282842726 -0.907106519
v 0.848528445 0.346410185 -0.848527849
v 0.780312121 0.386370331 -0.780311644
v 0.707107008 0.400000006 -0.707106531
v 0.633901894 0.386370331 -0.633901477
v 0.56568557 0.346410155 -0.565685213
v 0.50710696 0.282842726 -0.507106602
v 0.462157965 0.200000033 -0.462157637
v 0.433901817 0.103527568 -0.433901519
v 0.424264222 -3.49691121e-08 -0.424263924
v 0.433901846 -0.103527725 -0.433901578
v 0.462157965 -0.199999988 -0.462157637
v 0.507107019 -0.282842755 -0.507106662
v 0.56568563 -0.346410185 -0.565685213
v 0.633901894 -0.386370361 -0.633901477
v 0.707107008 -0.400000006 -0.707106531
v 0.78031224 -0.386370271 -0.780311704
v 0.848528385 -0.346410185 -0.848527789
v 0.907107115 -0.282842606 -0.907106519
v 0.95205617 -0.199999914 -0.952055514
v 0.980312169 -0.103527538 -0.980311513
v 1.11069477 0 -0.852265894
v 1.09988153 0.10352762 -0.843968689
v 1.06817901 0.200000003 -0.819642484
v 1.01774764 0.282842726 -0.780945122
v 0.952024102 0.346410185 -0.730513692
v 0.875487387 0.386370331 -0.671784997
v 0.793353379 0.400000006 -0.60876137
v 0.71121943 0.386370331 -0.545737743
v 0.634682655 0.346410155 -0.487009078
v 0.568959177 0.282842726 -0.436577678
v 0.518527687 0.200000033 -0.397880256
v 0.486825138 0.103527568 -0.373554021
v 0.476012051 -3.49691121e-08 -0.365256846
v 0.486825198 -0.103527725 -0.373554051
v 0.518527687 -0.199999988 -0.397880256
v 0.568959236 -0.282842755 -0.436577708
v 0.634682715 -0.346410185 -0.487009108
v 0.71121943 -0.386370361 -0.545737743
v 0.793353379 -0.400000006 -0.60876137
v 0.875487506 -0.386370271 -0.671785057
v 0.952023983 -0.346410185 -0.730513573
v 1.01774764 -0.282842606 -0.780945122
v 1.06817913 -0.199999914 -0.819642544
v 1.09988153 -0.103527538 -0.843968689
v 1.21243572 0 -0.69999963
v 1.2006321 0.10352762 -0.693184793
v 1.16602564 0.200000003 -0.67320478
v 1.11097467 0.282842726 -0.64142108
v 1.0392307 0.346410185 -0.599999726
v 0.955683172 0.386370331 -0.551763594
v 0.866025567 0.400000006 -0.499999762
v 0.776368022 0.386370331 -0.448235989
v 0.69282043 0.346410155 -0.399999797
v 0.621076584 0.282842726 -0.358578473
v 0.566025496 0.200000033 -0.326794773
v 0.531418979 0.103527568 -0.306814671
v 0.519615352 -3.49691121e-08 -0.299999863
v 0.531418979 -0.103527725 -0.3068147
v 0.566025496 -0.199999988 -0.326794773
v 0.621076584 -0.282842755 -0.358578503
v 0.692820489 -0.346410185 -0.399999827
v 0.776368022 -0.386370361 -0.448235989
v 0.866025567 -0.400000006 -0.499999762
v 0.955683291 -0.386370271 -0.551763654
v 1.03923059 -0.346410185 -0.599999666
v 1.11097467 -0.282842606 -0.64142108
v 1.16602576 -0.199999914 -0.673204839
v 1.2006321 -0.103527538 -0.693184793
v 1.2934314 0 -0.535756767
v 1.2808392 0.10352762 -0.530540943
v 1.2439208 0.200000003 -0.515248835
v 1.18519223 0.282842726 -0.49092266
v 1.10865557 0.346410185 -0.459220141
v 1.0195266 0.386370331 -0.422301739
v 0.923879564 0.400000006 -0.382683426
v 0.828232527 0.386370331 -0.343065113
v 0.739103615 0.346410155 -0.306146711
v 0.66256696 0.282842726 -0.274444222
v 0.603838325 0.200000033 -0.250117987
v 0.566919863 0.103527568 -0.234825894
v 0.554327786 -3.49691121e-08 -0.229610071
v 0.566919923 -0.103527725 -0.234825909
v 0.603838325 -0.199999988 -0.250117987
v 0.662567019 -0.282842755 -0.274444222
v 0.739103675 -0.346410185 -0.306146741
v 0.828232527 -0.386370361 -0.343065113
v 0.923879564 -0.400000006 -0.382683426
v 1.01952672 -0.386370271 -0.422301799
v 1.10865545 -0.346410185 -0.459220082
v 1.18519223 -0.282842606 -0.49092266
v 1.24392092 -0.199999914 -0.515248895
v 1.2808392 -0.103527538 -0.530540943
v 1.35229623 0 -0.362346351
v 1.339131 0.10352762 -0.35881874
v 1.30053246 0.200000003 -0.348476321
v 1.23913097 0.282842726 -0.332023859
v 1.15911114 0.346410185 -0.310582608
v 1.06592596 0.386370331 -0.285613745
v 0.965925872 0.400000006 -0.258818835
v 0.865925908 0.386370331 -0.232023939
v 0.772740662 0.346410155 -0.207055062
v 0.692720771 0.282842726 -0.185613811
v 0.631319344 0.200000033 -0.169161364
v 0.592720747 0.103527568 -0.158818915
v 0.579555571 -3.49691121e-08 -0.155291304
v 0.592720807 -0.103527725 -0.15881893
v 0.631319344 -0.199999988 -0.169161364
v 0.69272083 -0.282842755 -0.185613841
v 0.772740722 -0.346410185 -0.207055077
v 0.865925908 -0.386370361 -0.232023939
v 0.965925872 -0.400000006 -0.258818835
v 1.06592607 -0.386370271 -0.285613775
v 1.15911102 -0.346410185 -0.310582578
v 1.23913097 -0.282842606 -0.332023859
v 1.30053246 -0.199999914 -0.34847635
v 1.339131 -0.103527538 -0.35881874
v 1.3880229 0 -0.182736054
v 1.37450981 0.10352762 -0.180957034
v 1.33489156 0.200000003 -0.175741196
v 1.27186799 0.282842726 -0.167444021
v 1.18973398 0.346410185 -0.156630903
v 1.09408689 0.386370331 -0.144038782
v 0.991444945 0.400000006 -0.130525753
v 0.888803005 0.386370331 -0.117012732
v 0.793155909 0.346410155 -0.104420595
v 0.71102196 0.282842726 -0.0936075002
v 0.647998333 0.200000033 -0.0853103101
v 0.60838002 0.103527568 -0.0800944716
v 0.594866991 -3.49691121e-08 -0.0783154517
v 0.608380079 -0.103527725 -0.080094479
v 0.647998333 -0.199999988 -0.0853103101
v 0.711022019 -0.282842755 -0.0936075076
v 0.793155968 -0.346410185 -0.104420602
v 0.888803005 -0.386370361 -0.117012732
v 0.991444945 -0.400000006 -0.130525753
v 1.094087 -0.386370271 -0.144038796
v 1.18973386 -0.346410185 -0.156630889
v 1.27186799 -0.282842606 -0.167444021
v 1.33489168 -0.199999914 -0.175741211
v 1.37450981 -0.103527538 -0.180957034
vt 0 0
vt 0 0.0416666679
vt 0 0.0833333358
vt 0 0.125
vt 0 0.166666672
vt 0 0.208333328
vt 0 0.25
vt 0 0.291666657
vt 0 0.333333343
vt 0 0.375
vt 0 0.416666657
vt 0 0.458333343
vt 0 0.5
vt 0 0.541666687
vt 0 0.583333313
vt 0 0.625
vt 0 0.666666687
vt 0 0.708333313
vt 0 0.75
vt 0 0.791666687
vt 0 0.833333313
vt 0 0.875
vt 0 0.916666687
vt 0 0.958333313
vt 0 1
vt 0.020833334 0
vt 0.020833334 0.0416666679
vt 0.020833334 0.0833333358
vt 0.020833334 0.125
vt 0.020833334 0.166666672
vt 0.020833334 0.208333328
vt 0.020833334 0.25
vt 0.020833334 0.291666657
vt 0.020833334 0.333333343
vt 0.020833334 0.375
vt 0.020833334 0.416666657
vt 0.020833334 0.458333343
vt 0.020833334 0.5
vt 0.020833334 0.541666687
vt 0.020833334 0.583333313
vt 0.020833334 0.625
vt 0.020833334 0.666666687
vt 0.020833334 0.708333313
vt 0.020833334 0.75
vt 0.020833334 0.791666687
vt 0.020833334 0.833333313
vt 0.020833334 0.875
vt 0.020833334 0.916666687
vt 0.020833334 0.958333313
vt 0.020833334 1
vt 0.0416666679 0
vt 0.0416666679 0.0416666679
vt 0.0416666679 0.0833333358
vt 0.0416666679 0.125
vt 0.0416666679 0.166666672
vt 0.0416666679 0.208333328
vt 0.0416666679 0.25
vt 0.0416666679 0.291666657
vt 0.0416666679 0.333333343
vt 0.0416666679 0.375
vt 0.0416666679 0.416666657
vt 0.0416666679 0.458333343
vt 0.0416666679 0.5
vt 0.0416666679 0.541666687
vt 0.0416666679 0.583333313
vt 0.0416666679 0.625
vt 0.0416666679 0.666666687
vt 0.0416666679 0.708333313
vt 0.0416666679 0.75
vt 0.0416666679 0.791666687
vt 0.0416666679 0.833333313
vt 0.0416666679 0.875
vt 0.0416666679 0.916666687
vt 0.0416666679 0.958333313
vt 0.0416666679 1
vt 0.0625 0
vt 0.0625 0.0416666679
vt 0.0625 0.0833333358
vt 0.0625 0.125
vt 0.0625 0.166666672
vt 0.0625 0.208333328
vt 0.0625 0.25
vt 0.0625 0.291666657
vt 0.0625 0.333333343
vt 0.0625 0.375
vt 0.0625 0.416666657
vt 0.0625 0.458333343
vt 0.0625 0.5
vt 0.0625 0.541666687
vt 0.0625 0.583333313
vt 0.0625 0.625
vt 0.0625 0.666666687
vt 0.0625 0.708333313
vt 0.0625 0.75
vt 0.0625 0.791666687
vt 0.0625 0.833333313
vt 0.0625 0.875
vt 0.0625 0.916666687
vt 0.0625 0.958333313
vt 0.0625 1
vt 0.0833333358 0
vt 0.0833333358 0.0416666679
vt 0.0833333358 0.0833333358
vt 0.0833333358 0.125
vt 0.0833333358 0.166666672
vt 0.0833333358 0.208333328
vt 0.0833333358 0.25
vt 0.0833333358 0.291666657
vt 0.0833333358 0.333333343
vt 0.0833333358 0.375
vt 0.0833333358 0.416666657
vt 0.0833333358 0.458333343
vt 0.0833333358 0.5
vt 0.0833333358 0.541666687
vt 0.0833333358 0.583333313
vt 0.0833333358 0.625
vt 0.0833333358 0.666666687
vt 0.0833333358 0.708333313
vt 0.0833333358 0.75
vt 0.0833333358 0.791666687
vt 0.0833333358 0.833333313
vt 0.0833333358 0.875
vt 0.0833333358 0.916666687
vt 0.0833333358 0.958333313
vt 0.0833333358 1
vt 0.104166664 0
vt 0.104166664 0.0416666679
vt 0.104166664 0.0833333358
vt 0.104166664 0.125
vt 0.104166664 0.166666672
vt 0.104166664 0.208333328
vt 0.104166664 0.25
vt 0.104166664 0.291666657
vt 0.104166664 0.333333343
vt 0.104166664 0.375
vt 0.104166664 0.416666657
vt 0.104166664 0.458333343
vt 0.104166664 0.5
vt 0.104166664 0.541666687
vt 0.104166664 0.583333313
vt 0.104166664 0.625
vt 0.104166664 0.666666687
vt 0.104166664 0.708333313
vt 0.104166664 0.75
vt 0.104166664 0.791666687
vt 0.104166664 0.833333313
vt 0.104166664 0.875
vt 0.104166664 0.916666687
vt 0.104166664 0.958333313
vt 0.104166664 1
vt 0.125 0
vt 0.125 0.0416666679
vt 0.125 0.0833333358
vt 0.125 0.125
vt 0.125 0.166666672
vt 0.125 0.208333328
vt 0.125 0.25
vt 0.125 0.291666657
vt 0.125 0.333333343
vt 0.125 0.375
vt 0.125 0.416666657
vt 0.125 0.458333343
vt 0.125 0.5
vt 0.125 0.541666687
vt 0.125 0.583333313
vt 0.125 0.625
vt 0.125 0.666666687
vt 0.125 0.708333313
vt 0.125 0.75
vt 0.125 0.791666687
vt 0.125 0.833333313
vt 0.125 0.875
vt 0.125 0.916666687
vt 0.125 0.958333313
vt 0.125 1
vt 0.145833328 0
vt 0.145833328 0.0416666679
vt 0.145833328 0.0833333358
vt 0.145833328 0.125
vt 0.145833328 0.166666672
vt 0.145833328 0.208333328
vt 0.145833328 0.25
vt 0.145833328 0.291666657
vt 0.145833328 0.333333343
vt 0.145833328 0.375
vt 0.145833328 0.416666657
vt 0.145833328 0.458333343
vt 0.145833328 0.5
vt 0.145833328 0.541666687
vt 0.145833328 0.583333313
vt 0.145833328 0.625
vt 0.145833328 0.666666687
vt 0.145833328 0.708333313
vt 0.145833328 0.75
vt 0.145833328 0.791666687
vt 0.145833328 0.833333313
vt 0.145833328 0.875
vt 0.145833328 0.916666687
vt 0.145833328 0.958333313
vt 0.145833328 1
vt 0.166666672 0
vt 0.166666672 0.0416666679
vt 0.166666672 0.0833333358
vt 0.166666672 0.125
vt 0.166666672 0.166666672
vt 0.166666672 0.208333328
vt 0.166666672 0.25
vt 0.166666672 0.291666657
vt 0.166666672 0.333333343
vt 0.166666672 0.375
vt 0.166666672 0.416666657
vt 0.166666672 0.458333343
vt 0.166666672 0.5
vt 0.166666672 0.541666687
vt 0.166666672 0.583333313
vt 0.166666672 0.625
vt 0.166666672 0.666666687
vt 0.166666672 0.708333313
vt 0.166666672 0.75
vt 0.166666672 0.791666687
vt 0.166666672 0.833333313
vt 0.166666672 0.875
vt 0.166666672 0.916666687
vt 0.166666672 0.958333313
vt 0.166666672 1
vt 0.1875 0
vt 0.1875 0.0416666679
vt 0.1875 0.0833333358
vt 0.1875 0.125
vt 0.1875 0.166666672
vt 0.1875 0.208333328
vt 0.1875 0.25
vt 0.1875 0.291666657
vt 0.1875 0.333333343
vt 0.1875 0.375
vt 0.1875 0.416666657
vt 0.1875 0.458333343
vt 0.1875 0.5
vt 0.1875 0.541666687
vt 0.1875 0.583333313
vt 0.1875 0.625
vt 0.1875 0.666666687
vt 0.1875 0.708333313
vt 0.1875 0.75
vt 0.1875 0.791666687
vt 0.1875 0.833333313
vt 0.1875 0.875
vt 0.1875 0.916666687
vt 0.1875 0.958333313
vt 0.1875 1
vt 0.208333328 0
vt 0.208333328 0.0416666679
vt 0.208333328 0.0833333358
vt 0.208333328 0.125
vt 0.208333328 0.166666672
vt 0.208333328 0.208333328
vt 0.208333328 0.25
vt 0.208333328 0.291666657
vt 0.208333328 0.333333343
vt 0.208333328 0.375
vt 0.208333328 0.416666657
vt 0.208333328 0.458333343
vt 0.208333328 0.5
vt 0.208333328 0.541666687
vt 0.208333328 0.583333313
vt 0.208333328 0.625
vt 0.208333328 0.666666687
vt 0.208333328 0.708333313
vt 0.208333328 0.75
vt 0.208333328 0.791666687
vt 0.208333328 0.833333313
vt 0.208333328 0.875
vt 0.208333328 0.916666687
vt 0.208333328 0.958333313
vt 0.208333328 1
vt 0.229166672 0
vt 0.229166672 0.0416666679
vt 0.229166672 0.0833333358
vt 0.229166672 0.125
vt 0.229166672 0.166666672
vt 0.229166672 0.208333328
vt 0.229166672 0.25
vt 0.229166672 0.291666657
vt 0.229166672 0.333333343
vt 0.229166672 0.375
vt 0.229166672 0.416666657
vt 0.229166672 0.458333343
vt 0.229166672 0.5
vt 0.229166672 0.541666687
vt 0.229166672 0.583333313
vt 0.229166672 0.625
vt 0.229166672 0.666666687
vt 0.229166672 0.708333313
vt 0.229166672 0.75
vt 0.229166672 0.791666687
vt 0.229166672 0.833333313
vt 0.229166672 0.875
vt 0.229166672 0.916666687
vt 0.229166672 0.958333313
vt 0.229166672 1
vt 0.25 0
vt 0.25 0.0416666679
vt 0.25 0.0833333358
vt 0.25 0.125
vt 0.25 0.166666672
vt 0.25 0.208333328
vt 0.25 0.25
vt 0.25 0.291666657
vt 0.25 0.333333343
vt 0.25 0.375
vt 0.25 0.416666657
vt 0.25 0.458333343
vt 0.25 0.5
vt 0.25 0.541666687
vt 0.25 0.583333313
vt 0.25 0.625
vt 0.25 0.666666687
vt 0.25 0.708333313
vt 0.25 0.75
vt 0.25 0.791666687
vt 0.25 0.833333313
vt 0.25 0.875
vt 0.25 0.916666687
vt 0.25 0.958333313
vt 0.25 1
vt 0.270833343 0
vt 0.270833343 0.0416666679
vt 0.270833343 0.0833333358
vt 0.270833343 0.125
vt 0.270833343 0.166666672
vt 0.270833343 0.208333328
vt 0.270833343 0.25
vt 0.270833343 0.291666657
vt 0.270833343 0.333333343
vt 0.270833343 0.375
vt 0.270833343 0.416666657
vt 0.270833343 0.458333343
vt 0.270833343 0.5
vt 0.270833343 0.541666687
vt 0.270833343 0.583333313
vt 0.270833343 0.625
vt 0.270833343 0.666666687
vt 0.270833343 0.708333313
vt 0.270833343 0.75
vt 0.270833343 0.791666687
vt 0.270833343 0.833333313
vt 0.270833343 0.875
vt 0.270833343 0.916666687
vt 0.270833343 0.958333313
vt 0.270833343 1
vt 0.291666657 0
vt 0.291666657 0.0416666679
vt 0.291666657 0.0833333358
vt 0.291666657 0.125
vt 0.291666657 0.166666672
vt 0.291666657 0.208333328
vt 0.291666657 0.25
vt 0.291666657 0.291666657
vt 0.291666657 0.333333343
vt 0.291666657 0.375
vt 0.291666657 0.416666657
vt 0.291666657 0.458333343
vt 0.291666657 0.5
vt 0.291666657 0.541666687
vt 0.291666657 0.583333313
vt 0.291666657 0.625
vt 0.291666657 0.666666687
vt 0.291666657 0.708333313
vt 0.291666657 0.75
vt 0.291666657 0.791666687
vt 0.291666657 0.833333313
vt 0.291666657 0.875
vt 0.291666657 0.916666687
vt 0.291666657 0.958333313
vt 0.291666657 1
vt 0.3125 0
vt 0.3125 0.0416666679
vt 0.3125 0.0833333358
vt 0.3125 0.125
vt 0.3125 0.166666672
vt 0.3125 0.208333328
vt 0.3125 0.25
vt 0.3125 0.291666657
vt 0.3125 0.333333343
vt 0.3125 0.375
vt 0.3125 0.416666657
vt 0.3125 0.458333343
vt 0.3125 0.5
vt 0.3125 0.541666687
vt 0.3125 0.583333313
vt 0.3125 0.625
vt 0.3125 0.666666687
vt 0.3125 0.708333313
vt 0.3125 0.75
vt 0.3125 0.791666687
vt 0.3125 0.833333313
vt 0.3125 0.875
vt 0.3125 0.916666687
vt 0.3125 0.958333313
vt 0.3125 1
vt 0.333333343 0
vt 0.333333343 0.0416666679
vt 0.333333343 0.0833333358
vt 0.333333343 0.125
vt 0.333333343 0.166666672
vt 0.333333343 0.208333328
vt 0.333333343 0.25
vt 0.333333343 0.291666657
vt 0.333333343 0.333333343
vt 0.333333343 0.375
vt 0.333333343 0.416666657
vt 0.333333343 0.458333343
vt 0.333333343 0.5
vt 0.333333343 0.541666687
vt 0.333333343 0.583333313
vt 0.333333343 0.625
vt 0.333333343 0.666666687
vt 0.333333343 0.708333313
vt 0.333333343 0.75
vt 0.333333343 0.791666687
vt 0.333333343 0.833333313
vt 0.333333343 0.875
vt 0.333333343 0.916666687
vt 0.333333343 0.958333313
vt 0.333333343 1
vt 0.354166657 0
vt 0.354166657 0.0416666679
vt 0.354166657 0.0833333358
vt 0.354166657 0.125
vt 0.354166657 0.166666672
vt 0.354166657 0.208333328
vt 0.354166657 0.25
vt 0.354166657 0.291666657
vt 0.354166657 0.333333343
vt 0.354166657 0.375
vt 0.354166657 0.416666657
vt 0.354166657 0.458333343
vt 0.354166657 0.5
vt 0.354166657 0.541666687
vt 0.354166657 0.583333313
vt 0.354166657 0.625
vt 0.354166657 0.666666687
vt 0.354166657 0.708333313
vt 0.354166657 0.75
vt 0.354166657 0.791666687
vt 0.354166657 0.833333313
vt 0.354166657 0.875
vt 0.354166657 0.916666687
vt 0.354166657 0.958333313
vt 0.354166657 1
vt 0.375 0
vt 0.375 0.0416666679
vt 0.375 0.0833333358
vt 0.375 0.125
vt 0.375 0.166666672
vt 0.375 0.208333328
vt 0.375 0.25
vt 0.375 0.291666657
vt 0.375 0.333333343
vt 0.375 0.375
vt 0.375 0.416666657
vt 0.375 0.458333343
vt 0.375 0.5
vt 0.375 0.541666687
vt 0.375 0.583333313
vt 0.375 0.625
vt 0.375 0.666666687
vt 0.375 0.708333313
vt 0.375 0.75
vt 0.375 0.791666687
vt 0.375 0.833333313
vt 0.375 0.875
vt 0.375 0.916666687
vt 0.375 0.958333313
vt 0.375 1
vt 0.395833343 0
vt 0.395833343 0.0416666679
vt 0.395833343 0.0833333358
vt 0.395833343 0.125
vt 0.395833343 0.166666672
vt 0.395833343 0.208333328
vt 0.395833343 0.25
vt 0.395833343 0.291666657
vt 0.395833343 0.333333343
vt 0.395833343 0.375
vt 0.395833343 0.416666657
vt 0.395833343 0.458333343
vt 0.395833343 0.5
vt 0.395833343 0.541666687
vt 0.395833343 0.583333313
vt 0.395833343 0.625
vt 0.395833343 0.666666687
vt 0.395833343 0.708333313
vt 0.395833343 0.75
vt 0.395833343 0.791666687
vt 0.395833343 0.833333313
vt 0.395833343 0.875
vt 0.395833343 0.916666687
vt 0.395833343 0.958333313
vt 0.395833343 1
vt 0.416666657 0
vt 0.416666657 0.0416666679
vt 0.416666657 0.0833333358
vt 0.416666657 0.125
vt 0.416666657 0.166666672
vt 0.416666657 0.208333328
vt 0.416666657 0.25
vt 0.416666657 0.291666657
vt 0.416666657 0.333333343
vt 0.416666657 0.375
vt 0.416666657 0.416666657
vt 0.416666657 0.458333343
vt 0.416666657 0.5
vt 0.416666657 0.541666687
vt 0.416666657 0.583333313
vt 0.416666657 0.625
vt 0.416666657 0.666666687
vt 0.416666657 0.708333313
vt 0.416666657 0.75
vt 0.416666657 0.791666687
vt 0.416666657 0.833333313
vt 0.416666657 0.875
vt 0.416666657 0.916666687
vt 0.416666657 0.958333313
vt 0.416666657 1
vt 0.4375 0
vt 0.4375 0.0416666679
vt 0.4375 0.0833333358
vt 0.4375 0.125
vt 0.4375 0.166666672
vt 0.4375 0.208333328
vt 0.4375 0.25
vt 0.4375 0.291666657
vt 0.4375 0.333333343
vt 0.4375 0.375
vt 0.4375 0.416666657
vt 0.4375 0.458333343
vt 0.4375 0.5
vt 0.4375 0.541666687
vt 0.4375 0.583333313
vt 0.4375 0.625
vt 0.4375 0.666666687
vt 0.4375 0.708333313
vt 0.4375 0.75
vt 0.4375 0.791666687
vt 0.4375 0.833333313
vt 0.4375 0.875
vt 0.4375 0.916666687
vt 0.4375 0.958333313
vt 0.4375 1
vt 0.458333343 0
vt 0.458333343 0.0416666679
vt 0.458333343 0.0833333358
vt 0.458333343 0.125
vt 0.458333343 0.166666672
vt 0.458333343 0.208333328
vt 0.458333343 0.25
vt 0.458333343 0.291666657
vt 0.458333343 0.333333343
vt 0.458333343 0.375
vt 0.458333343 0.416666657
vt 0.458333343 0.458333343
vt 0.458333343 0.5
vt 0.458333343 0.541666687
vt 0.458333343 0.583333313
vt 0.458333343 0.625
vt 0.458333343 0.666666687
vt 0.458333343 0.708333313
vt 0.458333343 0.75
vt 0.458333343 0.791666687
vt 0.458333343 0.833333313
vt 0.458333343 0.875
vt 0.458333343 0.916666687
vt 0.458333343 0.958333313
vt 0.458333343 1
vt 0.479166657 0
vt 0.479166657 0.0416666679
vt 0.479166657 0.0833333358
vt 0.479166657 0.125
vt 0.479166657 0.166666672
vt 0.479166657 0.208333328
vt 0.479166657 0.25
vt 0.479166657 0.291666657
vt 0.479166657 0.333333343
vt 0.479166657 0.375
vt 0.479166657 0.416666657
vt 0.479166657 0.458333343
vt 0.479166657 0.5
vt 0.479166657 0.541666687
vt 0.479166657 0.583333313
vt 0.479166657 0.625
vt 0.479166657 0.666666687
vt 0.479166657 0.708333313
vt 0.479166657 0.75
vt 0.479166657 0.791666687
vt 0.479166657 0.833333313
vt 0.479166657 0.875
vt 0.479166657 0.916666687
vt 0.479166657 0.958333313
vt 0.479166657 1
vt 0.5 0
vt 0.5 0.0416666679
vt 0.5 0.0833333358
vt 0.5 0.125
vt 0.5 0.166666672
vt 0.5 0.208333328
vt 0.5 0.25
vt 0.5 0.291666657
vt 0.5 0.333333343
vt 0.5 0.375
vt 0.5 0.416666657
vt 0.5 0.458333343
vt 0.5 0.5
vt 0.5 0.541666687
vt 0.5 0.583333313
vt 0.5 0.625
vt 0.5 0.666666687
vt 0.5 0.708333313
vt 0.5 0.75
vt 0.5 0.791666687
vt 0.5 0.833333313
vt 0.5 0.875
vt 0.5 0.916666687
vt 0.5 0.958333313
vt 0.5 1
vt 0.520833313 0
vt 0.520833313 0.0416666679
vt 0.520833313 0.0833333358
vt 0.520833313 0.125
vt 0.520833313 0.166666672
vt 0.520833313 0.208333328
vt 0.520833313 0.25
vt 0.520833313 0.291666657
vt 0.520833313 0.333333343
vt 0.520833313 0.375
vt 0.520833313 0.416666657
vt 0.520833313 0.458333343
vt 0.520833313 0.5
vt 0.520833313 0.541666687
vt 0.520833313 0.583333313
vt 0.520833313 0.625
vt 0.520833313 0.666666687
vt 0.520833313 0.708333313
vt 0.520833313 0.75
vt 0.520833313 0.791666687
vt 0.520833313 0.833333313
vt 0.520833313 0.875
vt 0.520833313 0.916666687
vt 0.520833313 0.958333313
vt 0.520833313 1
vt 0.541666687 0
vt 0.541666687 0.0416666679
vt 0.541666687 0.0833333358
vt 0.541666687 0.125
vt 0.541666687 0.166666672
vt 0.541666687 0.208333328
vt 0.541666687 0.25
vt 0.541666687 0.291666657
vt 0.541666687 0.333333343
vt 0.541666687 0.375
vt 0.541666687 0.416666657
vt 0.541666687 0.458333343
vt 0.541666687 0.5
vt 0.541666687 0.541666687
vt 0.541666687 0.583333313
vt 0.541666687 0.625
vt 0.541666687 0.666666687
vt 0.541666687 0.708333313
vt 0.541666687 0.75
vt 0.541666687 0.791666687
vt 0.541666687 0.833333313
vt 0.541666687 0.875
vt 0.541666687 0.916666687
vt 0.541666687 0.958333313
vt 0.541666687 1
vt 0.5625 0
vt 0.5625 0.0416666679
vt 0.5625 0.0833333358
vt 0.5625 0.125
vt 0.5625 0.166666672
vt 0.5625 0.208333328
vt 0.5625 0.25
vt 0.5625 0.291666657
vt 0.5625 0.333333343
vt 0.5625 0.375
vt 0.5625 0.416666657
vt 0.5625 0.458333343
vt 0.5625 0.5
vt 0.5625 0.541666687
vt 0.5625 0.583333313
vt 0.5625 0.625
vt 0.5625 0.666666687
vt 0.5625 0.708333313
vt 0.5625 0.75
vt 0.5625 0.791666687
vt 0.5625 0.833333313
vt 0.5625 0.875
vt 0.5625 0.916666687
vt 0.5625 0.958333313
vt 0.5625 1
vt 0.583333313 0
vt 0.583333313 0.0416666679
vt 0.583333313 0.0833333358
vt 0.583333313 0.125
vt 0.583333313 0.166666672
vt 0.583333313 0.208333328
vt 0.583333313 0.25
vt 0.583333313 0.291666657
vt 0.583333313 0.333333343
vt 0.583333313 0.375
vt 0.583333313 0.416666657
vt 0.583333313 0.458333343
vt 0.583333313 0.5
vt 0.583333313 0.541666687
vt 0.583333313 0.583333313
vt 0.583333313 0.625
vt 0.583333313 0.666666687
vt 0.583333313 0.708333313
vt 0.583333313 0.75
vt 0.583333313 0.791666687
vt 0.583333313 0.833333313
vt 0.583333313 0.875
vt 0.583333313 0.916666687
vt 0.583333313 0.958333313
vt 0.583333313 1
vt 0.604166687 0
vt 0.604166687 0.0416666679
vt 0.604166687 0.0833333358
vt 0.604166687 0.125
vt 0.604166687 0.166666672
vt 0.604166687 0.208333328
vt 0.604166687 0.25
vt 0.604166687 0.291666657
vt 0.604166687 0.333333343
vt 0.604166687 0.375
vt 0.604166687 0.416666657
vt 0.604166687 0.458333343
vt 0.604166687 0.5
vt 0.604166687 0.541666687
vt 0.604166687 0.583333313
vt 0.604166687 0.625
vt 0.604166687 0.666666687
vt 0.604166687 0.708333313
vt 0.604166687 0.75
vt 0.604166687 0.791666687
vt 0.604166687 0.833333313
vt 0.604166687 0.875
vt 0.604166687 0.916666687
vt 0.604166687 0.958333313
vt 0.604166687 1
vt 0.625 0
vt 0.625 0.0416666679
vt 0.625 0.0833333358
vt 0.625 0.125
vt 0.625 0.166666672
vt 0.625 0.208333328
vt 0.625 0.25
vt 0.625 0.291666657
vt 0.625 0.333333343
vt 0.625 0.375
vt 0.625 0.416666657
vt 0.625 0.458333343
vt 0.625 0.5
vt 0.625 0.541666687
vt 0.625 0.583333313
vt 0.625 0.625
vt 0.625 0.666666687
vt 0.625 0.708333313
vt 0.625 0.75
vt 0.625 0.791666687
vt 0.625 0.833333313
vt 0.625 0.875
vt 0.625 0.916666687
vt 0.625 0.958333313
vt 0.625 1
vt 0.645833313 0
vt 0.645833313 0.0416666679
vt 0.645833313 0.0833333358
vt 0.645833313 0.125
vt 0.645833313 0.166666672
vt 0.645833313 0.208333328
vt 0.645833313 0.25
vt 0.645833313 0.291666657
vt 0.645833313 0.333333343
vt 0.645833313 0.375
vt 0.645833313 0.416666657
vt 0.645833313 0.458333343
vt 0.645833313 0.5
vt 0.645833313 0.541666687
vt 0.645833313 0.583333313
vt 0.645833313 0.625
vt 0.645833313 0.666666687
vt 0.645833313 0.708333313
vt 0.645833313 0.75
vt 0.645833313 0.791666687
vt 0.645833313 0.833333313
vt 0.645833313 0.875
vt 0.645833313 0.916666687
vt 0.645833313 0.958333313
vt 0.645833313 1
vt 0.666666687 0
vt 0.666666687 0.0416666679
vt 0.666666687 0.0833333358
vt 0.666666687 0.125
vt 0.666666687 0.166666672
vt 0.666666687 0.208333328
vt 0.666666687 0.25
vt 0.666666687 0.291666657
vt 0.666666687 0.333333343
vt 0.666666687 0.375
vt 0.666666687 0.416666657
vt 0.666666687 0.458333343
vt 0.666666687 0.5
vt 0.666666687 0.541666687
vt 0.666666687 0.583333313
vt 0.666666687 0.625
vt 0.666666687 0.666666687
vt 0.666666687 0.708333313
vt 0.666666687 0.75
vt 0.666666687 0.791666687
vt 0.666666687 0.833333313
vt 0.666666687 0.875
vt 0.666666687 0.916666687
vt 0.666666687 0.958333313
vt 0.666666687 1
vt 0.6875 0
vt 0.6875 0.0416666679
vt 0.6875 0.0833333358
vt 0.6875 0.125
vt 0.6875 0.166666672
vt 0.6875 0.208333328
vt 0.6875 0.25
vt 0.6875 0.291666657
vt 0.6875 0.333333343
vt 0.6875 0.375
vt 0.6875 0.416666657
vt 0.6875 0.458333343
vt 0.6875 0.5
vt 0.6875 0.541666687
vt 0.6875 0.583333313
vt 0.6875 0.625
vt 0.6875 0.666666687
vt 0.6875 0.708333313
vt 0.6875 0.75
vt 0.6875 0.791666687
vt 0.6875 0.833333313
vt 0.6875 0.875
vt 0.6875 0.916666687
vt 0.6875 0.958333313
vt 0.6875 1
vt 0.708333313 0
vt 0.708333313 0.0416666679
vt 0.708333313 0.0833333358
vt 0.708333313 0.125
vt 0.708333313 0.166666672
vt 0.708333313 0.208333328
vt 0.708333313 0.25
vt 0.708333313 0.291666657
vt 0.708333313 0.333333343
vt 0.708333313 0.375
vt 0.708333313 0.416666657
vt 0.708333313 0.458333343
vt 0.708333313 0.5
vt 0.708333313 0.541666687
vt 0.708333313 0.583333313
vt 0.708333313 0.625
vt 0.708333313 0.666666687
vt 0.708333313 0.708333313
vt 0.708333313 0.75
vt 0.708333313 0.791666687
vt 0.708333313 0.833333313
vt 0.708333313 0.875
vt 0.708333313 0.916666687
vt 0.708333313 0.958333313
vt 0.708333313 1
vt 0.729166687 0
vt 0.729166687 0.0416666679
vt 0.729166687 0.0833333358
vt 0.729166687 0.125
vt 0.729166687 0.166666672
vt 0.729166687 0.208333328
vt 0.729166687 0.25
vt 0.729166687 0.291666657
vt 0.729166687 0.333333343
vt 0.729166687 0.375
vt 0.729166687 0.416666657
vt 0.729166687 0.458333343
vt 0.729166687 0.5
vt 0.729166687 0.541666687
vt 0.729166687 0.583333313
vt 0.729166687 0.625
vt 0.729166687 0.666666687
vt 0.729166687 0.708333313
vt 0.729166687 0.75
vt 0.729166687 0.791666687
vt 0.729166687 0.833333313
vt 0.729166687 0.875
vt 0.729166687 0.916666687
vt 0.729166687 0.958333313
vt 0.729166687 1
vt 0.75 0
vt 0.75 0.0416666679
vt 0.75 0.0833333358
vt 0.75 0.125
vt 0.75 0.166666672
vt 0.75 0.208333328
vt 0.75 0.25
vt 0.75 0.291666657
vt 0.75 0.333333343
vt 0.75 0.375
vt 0.75 0.416666657
vt 0.75 0.458333343
vt 0.75 0.5
vt 0.75 0.541666687
vt 0.75 0.583333313
vt 0.75 0.625
vt 0.75 0.666666687
vt 0.75 0.708333313
vt 0.75 0.75
vt 0.75 0.791666687
vt 0.75 0.833333313
vt 0.75 0.875
vt 0.75 0.916666687
vt 0.75 0.958333313
vt 0.75 1
vt 0.770833313 0
vt 0.770833313 0.0416666679
vt 0.770833313 0.0833333358
vt 0.770833313 0.125
vt 0.770833313 0.166666672
vt 0.770833313 0.208333328
vt 0.770833313 0.25
vt 0.770833313 0.291666657
vt 0.770833313 0.333333343
vt 0.770833313 0.375
vt 0.770833313 0.416666657
vt 0.770833313 0.458333343
vt 0.770833313 0.5
vt 0.770833313 0.541666687
vt 0.770833313 0.583333313
vt 0.770833313 0.625
vt 0.770833313 0.666666687
vt 0.770833313 0.708333313
vt 0.770833313 0.75
vt 0.770833313 0.791666687
vt 0.770833313 0.833333313
vt 0.770833313 0.875
vt 0.770833313 0.916666687
vt 0.770833313 0.958333313
vt 0.770833313 1
vt 0.791666687 0
vt 0.791666687 0.0416666679
vt 0.791666687 0.0833333358
vt 0.791666687 0.125
vt 0.791666687 0.166666672
vt 0.791666687 0.208333328
vt 0.791666687 0.25
vt 0.791666687 0.291666657
vt 0.791666687 0.333333343
vt 0.791666687 0.375
vt 0.791666687 0.416666657
vt 0.791666687 0.458333343
vt 0.791666687 0.5
vt 0.791666687 0.541666687
vt 0.791666687 0.583333313
vt 0.791666687 0.625
vt 0.791666687 0.666666687
vt 0.791666687 0.708333313
vt 0.791666687 0.75
vt 0.791666687 0.791666687
vt 0.791666687 0.833333313
vt 0.791666687 0.875
vt 0.791666687 0.916666687
vt 0.791666687 0.958333313
vt 0.791666687 1
vt 0.8125 0
vt 0.8125 0.0416666679
vt 0.8125 0.0833333358
vt 0.8125 0.125
vt 0.8125 0.166666672
vt 0.8125 0.208333328
vt 0.8125 0.25
vt 0.8125 0.291666657
vt 0.8125 0.333333343
vt 0.8125 0.375
vt 0.8125 0.416666657
vt 0.8125 0.458333343
vt 0.8125 0.5
vt 0.8125 0.541666687
vt 0.8125 0.583333313
vt 0.8125 0.625
vt 0.8125 0.666666687
vt 0.8125 0.708333313
vt 0.8125 0.75
vt 0.8125 0.791666687
vt 0.8125 0.833333313
vt 0.8125 0.875
vt 0.8125 0.916666687
vt 0.8125 0.958333313
vt 0.8125 1
vt 0.833333313 0
vt 0.833333313 0.0416666679
vt 0.833333313 0.0833333358
vt 0.833333313 0.125
vt 0.833333313 0.166666672
vt 0.833333313 0.208333328
vt 0.833333313 0.25
vt 0.833333313 0.291666657
vt 0.833333313 0.333333343
vt 0.833333313 0.375
vt 0.833333313 0.416666657
vt 0.833333313 0.458333343
vt 0.833333313 0.5
vt 0.833333313 0.541666687
vt 0.833333313 0.583333313
vt 0.833333313 0.625
vt 0.833333313 0.666666687
vt 0.833333313 0.708333313
vt 0.833333313 0.75
vt 0.833333313 0.791666687
vt 0.833333313 0.833333313
vt 0.833333313 0.875
vt 0.833333313 0.916666687
vt 0.833333313 0.958333313
vt 0.833333313 1
vt 0.854166687 0
vt 0.854166687 0.0416666679
vt 0.854166687 0.0833333358
vt 0.854166687 0.125
vt 0.854166687 0.166666672
vt 0.854166687 0.208333328
vt 0.854166687 0.25
vt 0.854166687 0.291666657
vt 0.854166687 0.333333343
vt 0.854166687 0.375
vt 0.854166687 0.416666657
vt 0.854166687 0.458333343
vt 0.854166687 0.5
vt 0.854166687 0.541666687
vt 0.854166687 0.583333313
vt 0.854166687 0.625
vt 0.854166687 0.666666687
vt 0.854166687 0.708333313
vt 0.854166687 0.75
vt 0.854166687 0.791666687
vt 0.854166687 0.833333313
vt 0.854166687 0.875
vt 0.854166687 0.916666687
vt 0.854166687 0.958333313
vt 0.854166687 1
vt 0.875 0
vt 0.875 0.0416666679
vt 0.875 0.0833333358
vt 0.875 0.125
vt 0.875 0.166666672
vt 0.875 0.208333328
vt 0.875 0.25
vt 0.875 0.291666657
vt 0.875 0.333333343
vt 0.875 0.375
vt 0.875 0.416666657
vt 0.875 0.458333343
vt 0.875 0.5
vt 0.875 0.541666687
vt 0.875 0.583333313
vt 0.875 0.625
vt 0.875 0.666666687
vt 0.875 0.708333313
vt 0.875 0.75
vt 0.875 0.791666687
vt 0.875 0.833333313
vt 0.875 0.875
vt 0.875 0.916666687
vt 0.875 0.958333313
vt 0.875 1
vt 0.895833313 0
vt 0.895833313 0.0416666679
vt 0.895833313 0.0833333358
vt 0.895833313 0.125
vt 0.895833313 0.166666672
vt 0.895833313 0.208333328
vt 0.895833313 0.25
vt 0.895833313 0.291666657
vt 0.895833313 0.333333343
vt 0.895833313 0.375
vt 0.895833313 0.416666657
vt 0.895833313 0.458333343
vt 0.895833313 0.5
vt 0.895833313 0.541666687
vt 0.895833313 0.583333313
vt 0.895833313 0.625
vt 0.895833313 0.666666687
vt 0.895833313 0.708333313
vt 0.895833313 0.75
vt 0.895833313 0.791666687
vt 0.895833313 0.833333313
vt 0.895833313 0.875
vt 0.895833313 0.916666687
vt 0.895833313 0.958333313
vt 0.895833313 1
vt 0.916666687 0
vt 0.916666687 0.0416666679
vt 0.916666687 0.0833333358
vt 0.916666687 0.125
vt 0.916666687 0.166666672
vt 0.916666687 0.208333328
vt 0.916666687 0.25
vt 0.916666687 0.291666657
vt 0.916666687 0.333333343
vt 0.916666687 0.375
vt 0.916666687 0.416666657
vt 0.916666687 0.458333343
vt 0.916666687 0.5
vt 0.916666687 0.541666687
vt 0.916666687 0.583333313
vt 0.916666687 0.625
vt 0.916666687 0.666666687
vt 0.916666687 0.708333313
vt 0.916666687 0.75
vt 0.916666687 0.791666687
vt 0.916666687 0.833333313
vt 0.916666687 0.875
vt 0.916666687 0.916666687
vt 0.916666687 0.958333313
vt 0.916666687 1
vt 0.9375 0
vt 0.9375 0.0416666679
vt 0.9375 0.0833333358
vt 0.9375 0.125
vt 0.9375 0.166666672
vt 0.9375 0.208333328
vt 0.9375 0.25
vt 0.9375 0.291666657
vt 0.9375 0.333333343
vt 0.9375 0.375
vt 0.9375 0.416666657
vt 0.9375 0.458333343
vt 0.9375 0.5
vt 0.9375 0.541666687
vt 0.9375 0.583333313
vt 0.9375 0.625
vt 0.9375 0.666666687
vt 0.9375 0.708333313
vt 0.9375 0.75
vt 0.9375 0.791666687
vt 0.9375 0.833333313
vt 0.9375 0.875
vt 0.9375 0.916666687
vt 0.9375 0.958333313
vt 0.9375 1
vt 0.958333313 0
vt 0.958333313 0.0416666679
vt 0.958333313 0.0833333358
vt 0.958333313 0.125
vt 0.958333313 0.166666672
vt 0.958333313 0.208333328
vt 0.958333313 0.25
vt 0.958333313 0.291666657
vt 0.958333313 0.333333343
vt 0.958333313 0.375
vt 0.958333313 0.416666657
vt 0.958333313 0.458333343
vt 0.958333313 0.5
vt 0.958333313 0.541666687
vt 0.958333313 0.583333313
vt 0.958333313 0.625
vt 0.958333313 0.666666687
vt 0.958333313 0.708333313
vt 0.958333313 0.75
vt 0.958333313 0.791666687
vt 0.958333313 0.833333313
vt 0.958333313 0.875
vt 0.958333313 0.916666687
vt 0.958333313 0.958333313
vt 0.958333313 1
vt 0.979166687 0
vt 0.979166687 0.0416666679
vt 0.979166687 0.0833333358
vt 0.979166687 0.125
vt 0.979166687 0.166666672
vt 0.979166687 0.208333328
vt 0.979166687 0.25
vt 0.979166687 0.291666657
vt 0.979166687 0.333333343
vt 0.979166687 0.375
vt 0.979166687 0.416666657
vt 0.979166687 0.458333343
vt 0.979166687 0.5
vt 0.979166687 0.541666687
vt 0.979166687 0.583333313
vt 0.979166687 0.625
vt 0.979166687 0.666666687
vt 0.979166687 0.708333313
vt 0.979166687 0.75
vt 0.979166687 0.791666687
vt 0.979166687 0.833333313
vt 0.979166687 0.875
vt 0.979166687 0.916666687
vt 0.979166687 0.958333313
vt 0.979166687 1
vt 1 0
vt 1 0.0416666679
vt 1 0.0833333358
vt 1 0.125
vt 1 0.166666672
vt 1 0.208333328
vt 1 0.25
vt 1 0.291666657
vt 1 0.333333343
vt 1 0.375
vt 1 0.416666657
vt 1 0.458333343
vt 1 0.5
vt 1 0.541666687
vt 1 0.583333313
vt 1 0.625
vt 1 0.666666687
vt 1 0.708333313
vt 1 0.75
vt 1 0.791666687
vt 1 0.833333313
vt 1 0.875
vt 1 0.916666687
vt 1 0.958333313
vt 1 1
vn 1 0 0
vn 0.965925813 0.258819044 0
vn 0.866025388 0.5 0
vn 0.707106769 0.707106769 0
vn 0.49999997 0.866025448 0
vn 0.258819073 0.965925813 0
vn -4.37113883e-08 1 -0
vn -0.258819044 0.965925813 -0
vn -0.50000006 0.866025388 -0
vn -0.707106769 0.707106769 -0
vn -0.866025388 0.50000006 -0
vn -0.965925872 0.258818924 -0
vn -1 -8.74227766e-08 -0
vn -0.965925753 -0.258819312 -0
vn -0.866025388 -0.49999997 -0
vn -0.70710665 -0.707106888 -0
vn -0.499999911 -0.866025448 -0
vn -0.258818984 -0.965925872 -0
vn 1.19248806e-08 -1 0
vn 0.258819461 -0.965925694 0
vn 0.499999911 -0.866025448 0
vn 0.707107008 -0.707106531 0
vn 0.866025567 -0.499999762 0
vn 0.965925872 -0.258818835 0
vn 0.991444886 0 0.1305262
vn 0.957662225 0.258819044 0.126078621
vn 0.858616471 0.5 0.113039002
vn 0.701057374 0.707106769 0.0922959596
vn 0.495722413 0.866025448 0.0652630925
vn 0.25660485 0.965925813 0.0337826684
vn -4.33374332e-08 1 -5.70548142e-09
vn -0.25660482 0.965925813 -0.0337826647
vn -0.495722502 0.866025388 -0.0652631074
vn -0.701057374 0.707106769 -0.0922959596
vn -0.858616471 0.50000006 -0.113039002
vn -0.957662284 0.258818924 -0.126078635
vn -0.991444886 -8.74227766e-08 -0.1305262
vn -0.957662165 -0.258819312 -0.126078621
vn -0.858616471 -0.49999997 -0.113039002
vn -0.701057255 -0.707106888 -0.0922959447
vn -0.495722353 -0.866025448 -0.0652630851
vn -0.256604761 -0.965925872 -0.0337826572
vn 1.18228618e-08 -1 1.55650937e-09
vn 0.256605238 -0.965925694 0.0337827206
vn 0.495722353 -0.866025448 0.0652630851
vn 0.701057613 -0.707106531 0.0922959894
vn 0.85861659 -0.499999762 0.113039024
vn 0.957662284 -0.258818835 0.126078635
vn 0.965925813 0 0.258819044
vn 0.933012664 0.258819044 0.25
vn 0.836516261 0.5 0.224143863
vn 0.683012664 0.707106769 0.183012694
vn 0.482962877 0.866025448 0.129409507
vn 0.25000003 0.965925813 0.0669873059
vn -4.22219593e-08 1 -1.13133396e-08
vn -0.25 0.965925813 -0.0669872984
vn -0.482962966 0.866025388 -0.129409537
vn -0.683012664 0.707106769 -0.183012694
vn -0.836516261 0.50000006 -0.224143863
vn -0.933012724 0.258818924 -0.25
vn -0.965925813 -8.74227766e-08 -0.258819044
vn -0.933012605 -0.258819312 -0.249999985
vn -0.836516261 -0.49999997 -0.224143863
vn -0.683012545 -0.707106888 -0.183012664
vn -0.482962817 -0.866025448 -0.129409492
vn -0.24999994 -0.965925872 -0.0669872835
vn 1.15185497e-08 -1 3.08638626e-09
vn 0.250000387 -0.965925694 0.0669874027
vn 0.482962817 -0.866025448 0.129409492
vn 0.683012903 -0.707106531 0.183012754
vn 0.83651644 -0.499999762 0.224143907
vn 0.933012724 -0.258818835 0.25
vn 0.923879504 0 0.382683456
vn 0.892399073 0.258819044 0.369643837
vn 0.800103128 0.5 0.331413597
vn 0.65328145 0.707106769 0.270598054
vn 0.461939722 0.866025448 0.191341713
vn 0.239117637 0.965925813 0.0990457758
vn -4.03840552e-08 1 -1.67276255e-08
vn -0.239117607 0.965925813 -0.0990457684
vn -0.461939812 0.866025388 -0.191341758
vn -0.65328145 0.707106769 -0.270598054
vn -0.800103128 0.50000006 -0.331413597
vn -0.892399132 0.258818924 -0.369643837
vn -0.923879504 -8.74227766e-08 -0.382683456
vn -0.892399013 -0.258819312 -0.369643807
vn -0.800103128 -0.49999997 -0.331413597
vn -0.653281331 -0.707106888 -0.270598024
vn -0.461939663 -0.866025448 -0.191341698
vn -0.239117548 -0.965925872 -0.099045746
vn 1.10171525e-08 -1 4.5634545e-09
vn 0.239117995 -0.965925694 0.0990459248
vn 0.461939663 -0.866025448 0.191341698
vn 0.653281689 -0.707106531 0.270598143
vn 0.800103247 -0.499999762 0.331413656
vn 0.892399132 -0.258818835 0.369643837
vn 0.866025388 0 0.5
vn 0.836516261 0.258819044 0.482962906
vn 0.75 0.5 0.433012694
vn 0.612372398 0.707106769 0.353553385
vn 0.433012664 0.866025448 0.249999985
vn 0.224143893 0.965925813 0.129409537
vn -3.78551732e-08 1 -2.18556941e-08
vn -0.224143863 0.965925813 -0.129409522
vn -0.433012754 0.866025388 -0.25000003
vn -0.612372398 0.707106769 -0.353553385
vn -0.75 0.50000006 -0.433012694
vn -0.836516321 0.258818924 -0.482962936
vn -0.866025388 -8.74227766e-08 -0.5
vn -0.836516201 -0.258819312 -0.482962877
vn -0.75 -0.49999997 -0.433012694
vn -0.612372339 -0.707106888 -0.353553325
vn -0.433012605 -0.866025448 -0.249999955
vn -0.224143818 -0.965925872 -0.129409492
vn 1.03272493e-08 -1 5.96244032e-09
vn 0.22414422 -0.965925694 0.12940973
vn 0.433012605 -0.866025448 0.249999955
vn 0.612372637 -0.707106531 0.353553504
vn 0.750000119 -0.499999762 0.433012784
vn 0.836516321 -0.258818835 0.482962936
vn 0.793353319 0 0.60876143
vn 0.766320467 0.258819044 0.588018358
vn 0.687064111 0.5 0.527202845
vn 0.560985506 0.707106769 0.430459321
vn 0.39667663 0.866025448 0.304380685
vn 0.205334976 0.965925813 0.157559067
vn -3.46785747e-08 1 -2.66098077e-08
vn -0.205334947 0.965925813 -0.157559052
vn -0.396676719 0.866025388 -0.304380745
vn -0.560985506 0.707106769 -0.430459321
vn -0.687064111 0.50000006 -0.527202845
vn -0.766320527 0.258818924 -0.588018417
vn -0.793353319 -8.74227766e-08 -0.60876143
vn -0.766320407 -0.258819312 -0.588018358
vn -0.687064111 -0.49999997 -0.527202845
vn -0.560985386 -0.707106888 -0.430459261
vn -0.3966766 -0.866025448 -0.304380655
vn -0.205334902 -0.965925872 -0.157559007
vn 9.46064382e-09 -1 7.2594073e-09
vn 0.205335274 -0.965925694 0.157559305
vn 0.3966766 -0.866025448 0.304380655
vn 0.560985684 -0.707106531 0.43045947
vn 0.68706423 -0.499999762 0.527202964
vn 0.766320527 -0.258818835 0.588018417
vn 0.707106769 0 0.707106769
vn 0.683012664 0.258819044 0.683012664
vn 0.612372398 0.5 0.612372398
vn 0.49999997 0.707106769 0.49999997
vn 0.353553355 0.866025448 0.353553355
vn 0.183012724 0.965925813 0.183012724
vn -3.09086197e-08 1 -3.09086197e-08
vn -0.183012694 0.965925813 -0.183012694
vn -0.353553414 0.866025388 -0.353553414
vn -0.49999997 0.707106769 -0.49999997
vn -0.612372398 0.50000006 -0.612372398
vn -0.683012724 0.258818924 -0.683012724
vn -0.707106769 -8.74227766e-08 -0.707106769
vn -0.683012664 -0.258819312 -0.683012664
vn -0.612372398 -0.49999997 -0.612372398
vn -0.499999911 -0.707106888 -0.499999911
vn -0.353553325 -0.866025448 -0.353553325
vn -0.183012649 -0.965925872 -0.183012649
vn 8.43216341e-09 -1 8.43216341e-09
vn 0.183012992 -0.965925694 0.183012992
vn 0.353553325 -0.866025448 0.353553325
vn 0.500000179 -0.707106531 0.500000179
vn 0.612372518 -0.499999762 0.612372518
vn 0.683012724 -0.258818835 0.683012724
vn 0.60876143 0 0.793353319
vn 0.588018358 0.258819044 0.766320467
vn 0.527202845 0.5 0.687064111
vn 0.430459321 0.707106769 0.560985506
vn 0.304380685 0.866025448 0.39667663
vn 0.157559067 0.965925813 0.205334976
vn -2.66098077e-08 1 -3.46785747e-08
vn -0.157559052 0.965925813 -0.205334947
vn -0.304380745 0.866025388 -0.396676719
vn -0.430459321 0.707106769 -0.560985506
vn -0.527202845 0.50000006 -0.687064111
vn -0.588018417 0.258818924 -0.766320527
vn -0.60876143 -8.74227766e-08 -0.793353319
vn -0.588018358 -0.258819312 -0.766320407
vn -0.527202845 -0.49999997 -0.687064111
vn -0.430459261 -0.707106888 -0.560985386
vn -0.304380655 -0.866025448 -0.3966766
vn -0.157559007 -0.965925872 -0.205334902
vn 7.2594073e-09 -1 9.46064382e-09
vn 0.157559305 -0.965925694 0.205335274
vn 0.304380655 -0.866025448 0.3966766
vn 0.43045947 -0.707106531 0.560985684
vn 0.527202964 -0.499999762 0.68706423
vn 0.588018417 -0.258818835 0.766320527
vn 0.49999997 0 0.866025448
vn 0.482962877 0.258819044 0.836516321
vn 0.433012664 0.5 0.75
vn 0.353553355 0.707106769 0.612372458
vn 0.24999997 0.866025448 0.433012694
vn 0.129409522 0.965925813 0.224143907
vn -2.18556924e-08 1 -3.78551732e-08
vn -0.129409507 0.965925813 -0.224143878
vn -0.25 0.866025388 -0.433012784
vn -0.353553355 0.707106769 -0.612372458
vn -0.433012664 0.50000006 -0.75
vn -0.482962906 0.258818924 -0.83651638
vn -0.49999997 -8.74227766e-08 -0.866025448
vn -0.482962847 -0.258819312 -0.836516261
vn -0.433012664 -0.49999997 -0.75
vn -0.353553295 -0.707106888 -0.612372339
vn -0.24999994 -0.866025448 -0.433012635
vn -0.129409477 -0.965925872 -0.224143833
vn 5.96243988e-09 -1 1.03272502e-08
vn 0.129409716 -0.965925694 0.224144235
vn 0.24999994 -0.866025448 0.433012635
vn 0.353553474 -0.707106531 0.612372637
vn 0.433012754 -0.499999762 0.750000179
vn 0.482962906 -0.258818835 0.83651638
vn 0.382683426 0 0.923879504
vn 0.369643807 0.258819044 0.892399073
vn 0.331413567 0.5 0.800103128
vn 0.270598054 0.707106769 0.65328145
vn 0.191341698 0.866025448 0.461939722
vn 0.0990457684 0.965925813 0.239117637
vn -1.67276237e-08 1 -4.03840552e-08
vn -0.0990457609 0.965925813 -0.239117607
vn -0.191341743 0.866025388 -0.461939812
vn -0.270598054 0.707106769 -0.65328145
vn -0.331413567 0.50000006 -0.800103128
vn -0.369643807 0.258818924 -0.892399132
vn -0.382683426 -8.74227766e-08 -0.923879504
vn -0.369643778 -0.258819312 -0.892399013
vn -0.331413567 -0.49999997 -0.800103128
vn -0.270597994 -0.707106888 -0.653281331
vn -0.191341683 -0.866025448 -0.461939663
vn -0.0990457386 -0.965925872 -0.239117548
vn 4.56345406e-09 -1 1.10171525e-08
vn 0.0990459174 -0.965925694 0.239117995
vn 0.191341683 -0.866025448 0.461939663
vn 0.270598143 -0.707106531 0.653281689
vn 0.331413627 -0.499999762 0.800103247
vn 0.369643807 -0.258818835 0.892399132
vn 0.258819073 0 0.965925813
vn 0.25000003 0.258819044 0.933012664
vn 0.224143893 0.5 0.836516261
vn 0.183012724 0.707106769 0.683012664
vn 0.129409522 0.866025448 0.482962877
vn 0.0669873133 0.965925813 0.25000003
vn -1.13133414e-08 1 -4.22219593e-08
vn -0.0669873059 0.965925813 -0.25
vn -0.129409552 0.866025388 -0.482962966
vn -0.183012724 0.707106769 -0.683012664
vn -0.224143893 0.50000006 -0.836516261
vn -0.25000003 0.258818924 -0.933012724
vn -0.258819073 -8.74227766e-08 -0.965925813
vn -0.25 -0.258819312 -0.933012605
vn -0.224143893 -0.49999997 -0.836516261
vn -0.183012694 -0.707106888 -0.683012545
vn -0.129409507 -0.866025448 -0.482962817
vn -0.066987291 -0.965925872 -0.24999994
vn 3.08638648e-09 -1 1.15185497e-08
vn 0.0669874102 -0.965925694 0.250000387
vn 0.129409507 -0.866025448 0.482962817
vn 0.183012784 -0.707106531 0.683012903
vn 0.224143937 -0.499999762 0.83651644
vn 0.25000003 -0.258818835 0.933012724
vn 0.130526125 0 0.991444886
vn 0.126078561 0.258819044 0.957662225
vn 0.113038935 0.5 0.858616471
vn 0.0922959074 0.707106769 0.701057374
vn 0.0652630553 0.866025448 0.495722413
vn 0.0337826498 0.965925813 0.25660485
vn -5.70547831e-09 1 -4.33374332e-08
vn -0.0337826461 0.965925813 -0.25660482
vn -0.0652630702 0.866025388 -0.495722502
vn -0.0922959074 0.707106769 -0.701057374
vn -0.113038935 0.50000006 -0.858616471
vn -0.126078561 0.258818924 -0.957662284
vn -0.130526125 -8.74227766e-08 -0.991444886
vn -0.126078546 -0.258819312 -0.957662165
vn -0.113038935 -0.49999997 -0.858616471
vn -0.0922958925 -0.707106888 -0.701057255
vn -0.0652630478 -0.866025448 -0.495722353
vn -0.0337826386 -0.965925872 -0.256604761
vn 1.55650848e-09 -1 1.18228618e-08
vn 0.0337827019 -0.965925694 0.256605238
vn 0.0652630478 -0.866025448 0.495722353
vn 0.0922959372 -0.707106531 0.701057613
vn 0.113038965 -0.499999762 0.85861659
vn 0.126078561 -0.258818835 0.957662284
vn -4.37113883e-08 0 1
vn -4.22219593e-08 0.258819044 0.965925813
vn -3.78551732e-08 0.5 0.866025388
vn -3.09086197e-08 0.707106769 0.707106769
vn -2.18556924e-08 0.866025448 0.49999997
vn -1.13133414e-08 0.965925813 0.258819073
vn 1.91068547e-15 1 -4.37113883e-08
vn 1.13133396e-08 0.965925813 -0.258819044
vn 2.18556959e-08 0.866025388 -0.50000006
vn 3.09086197e-08 0.707106769 -0.707106769
vn 3.78551732e-08 0.50000006 -0.866025388
vn 4.22219593e-08 0.258818924 -0.965925872
vn 4.37113883e-08 -8.74227766e-08 -1
vn 4.22219557e-08 -0.258819312 -0.965925753
vn 3.78551732e-08 -0.49999997 -0.866025388
vn 3.09086126e-08 -0.707106888 -0.70710665
vn 2.18556906e-08 -0.866025448 -0.499999911
vn 1.13133369e-08 -0.965925872 -0.258818984
vn -5.21253064e-16 -1 1.19248806e-08
vn -1.13133583e-08 -0.965925694 0.258819461
vn -2.18556906e-08 -0.866025448 0.499999911
vn -3.09086303e-08 -0.707106531 0.707107008
vn -3.78551803e-08 -0.499999762 0.866025567
vn -4.22219593e-08 -0.258818835 0.965925872
vn -0.130526334 0 0.991444826
vn -0.126078755 0.258819044 0.957662165
vn -0.113039121 0.5 0.858616412
vn -0.0922960564 0.707106769 0.701057374
vn -0.0652631596 0.866025448 0.495722383
vn -0.0337827057 0.965925813 0.25660482
vn 5.70548719e-09 1 -4.33374296e-08
vn 0.0337827019 0.965925813 -0.256604791
vn 0.0652631745 0.866025388 -0.495722473
vn 0.0922960564 0.707106769 -0.701057374
vn 0.113039121 0.50000006 -0.858616412
vn 0.12607877 0.258818924 -0.957662225
vn 0.130526334 -8.74227766e-08 -0.991444826
vn 0.126078755 -0.258819312 -0.957662106
vn 0.113039121 -0.49999997 -0.858616412
vn 0.0922960415 -0.707106888 -0.701057255
vn 0.0652631521 -0.866025448 -0.495722324
vn 0.0337826945 -0.965925872 -0.256604731
vn -1.55651092e-09 -1 1.18228609e-08
vn -0.0337827541 -0.965925694 0.256605208
vn -0.0652631521 -0.866025448 0.495722324
vn -0.0922960863 -0.707106531 0.701057613
vn -0.113039143 -0.499999762 0.85861659
vn -0.12607877 -0.258818835 0.957662225
vn -0.258819044 0 0.965925813
vn -0.25 0.258819044 0.933012664
vn -0.224143863 0.5 0.836516261
vn -0.183012694 0.707106769 0.683012664
vn -0.129409507 0.866025448 0.482962877
vn -0.0669873059 0.965925813 0.25000003
vn 1.13133396e-08 1 -4.22219593e-08
vn 0.0669872984 0.965925813 -0.25
vn 0.129409537 0.866025388 -0.482962966
vn 0.183012694 0.707106769 -0.683012664
vn 0.224143863 0.50000006 -0.836516261
vn 0.25 0.258818924 -0.933012724
vn 0.258819044 -8.74227766e-08 -0.965925813
vn 0.249999985 -0.258819312 -0.933012605
vn 0.224143863 -0.49999997 -0.836516261
vn 0.183012664 -0.707106888 -0.683012545
vn 0.129409492 -0.866025448 -0.482962817
vn 0.0669872835 -0.965925872 -0.24999994
vn -3.08638626e-09 -1 1.15185497e-08
vn -0.0669874027 -0.965925694 0.250000387
vn -0.129409492 -0.866025448 0.482962817
vn -0.183012754 -0.707106531 0.683012903
vn -0.224143907 -0.499999762 0.83651644
vn -0.25 -0.258818835 0.933012724
vn -0.382683516 0 0.923879504
vn -0.369643897 0.258819044 0.892399073
vn -0.331413627 0.5 0.800103128
vn -0.270598114 0.707106769 0.65328145
vn -0.191341743 0.866025448 0.461939722
vn -0.0990457907 0.965925813 0.239117637
vn 1.67276273e-08 1 -4.03840552e-08
vn 0.0990457833 0.965925813 -0.239117607
vn 0.191341788 0.866025388 -0.461939812
vn 0.270598114 0.707106769 -0.65328145
vn 0.331413627 0.50000006 -0.800103128
vn 0.369643897 0.258818924 -0.892399132
vn 0.382683516 -8.74227766e-08 -0.923879504
vn 0.369643867 -0.258819312 -0.892399013
vn 0.331413627 -0.49999997 -0.800103128
vn 0.270598054 -0.707106888 -0.653281331
vn 0.191341728 -0.866025448 -0.461939663
vn 0.0990457609 -0.965925872 -0.239117548
vn -4.56345539e-09 -1 1.10171525e-08
vn -0.0990459397 -0.965925694 0.239117995
vn -0.191341728 -0.866025448 0.461939663
vn -0.270598203 -0.707106531 0.653281689
vn -0.331413716 -0.499999762 0.800103247
vn -0.369643897 -0.258818835 0.892399132
vn -0.50000006 0 0.866025388
vn -0.482962966 0.258819044 0.836516261
vn -0.433012754 0.5 0.75
vn -0.353553414 0.707106769 0.612372398
vn -0.25 0.866025448 0.433012664
vn -0.129409552 0.965925813 0.224143893
vn 2.18556959e-08 1 -3.78551732e-08
vn 0.129409537 0.965925813 -0.224143863
vn 0.25000006 0.866025388 -0.433012754
vn 0.353553414 0.707106769 -0.612372398
vn 0.433012754 0.50000006 -0.75
vn 0.482962996 0.258818924 -0.836516321
vn 0.50000006 -8.74227766e-08 -0.866025388
vn 0.482962936 -0.258819312 -0.836516201
vn 0.433012754 -0.49999997 -0.75
vn 0.353553355 -0.707106888 -0.612372339
vn 0.249999985 -0.866025448 -0.433012605
vn 0.129409507 -0.965925872 -0.224143818
vn -5.96244121e-09 -1 1.03272493e-08
vn -0.129409745 -0.965925694 0.22414422
vn -0.249999985 -0.866025448 0.433012605
vn -0.353553534 -0.707106531 0.612372637
vn -0.433012843 -0.499999762 0.750000119
vn -0.482962996 -0.258818835 0.836516321
vn -0.60876143 0 0.793353319
vn -0.588018358 0.258819044 0.766320467
vn -0.527202845 0.5 0.687064111
vn -0.430459321 0.707106769 0.560985506
vn -0.304380685 0.866025448 0.39667663
vn -0.157559067 0.965925813 0.205334976
vn 2.66098077e-08 1 -3.46785747e-08
vn 0.157559052 0.965925813 -0.205334947
vn 0.304380745 0.866025388 -0.396676719
vn 0.430459321 0.707106769 -0.560985506
vn 0.527202845 0.50000006 -0.687064111
vn 0.588018417 0.258818924 -0.766320527
vn 0.60876143 -8.74227766e-08 -0.793353319
vn 0.588018358 -0.258819312 -0.766320407
vn 0.527202845 -0.49999997 -0.687064111
vn 0.430459261 -0.707106888 -0.560985386
vn 0.304380655 -0.866025448 -0.3966766
vn 0.157559007 -0.965925872 -0.205334902
vn -7.2594073e-09 -1 9.46064382e-09
vn -0.157559305 -0.965925694 0.205335274
vn -0.304380655 -0.866025448 0.3966766
vn -0.43045947 -0.707106531 0.560985684
vn -0.527202964 -0.499999762 0.68706423
vn -0.588018417 -0.258818835 0.766320527
vn -0.707106769 0 0.707106769
vn -0.683012664 0.258819044 0.683012664
vn -0.612372398 0.5 0.612372398
vn -0.49999997 0.707106769 0.49999997
vn -0.353553355 0.866025448 0.353553355
vn -0.183012724 0.965925813 0.183012724
vn 3.09086197e-08 1 -3.09086197e-08
vn 0.183012694 0.965925813 -0.183012694
vn 0.353553414 0.866025388 -0.353553414
vn 0.49999997 0.707106769 -0.49999997
vn 0.612372398 0.50000006 -0.612372398
vn 0.683012724 0.258818924 -0.683012724
vn 0.707106769 -8.74227766e-08 -0.707106769
vn 0.683012664 -0.258819312 -0.683012664
vn 0.612372398 -0.49999997 -0.612372398
vn 0.499999911 -0.707106888 -0.499999911
vn 0.353553325 -0.866025448 -0.353553325
vn 0.183012649 -0.965925872 -0.183012649
vn -8.43216341e-09 -1 8.43216341e-09
vn -0.183012992 -0.965925694 0.183012992
vn -0.353553325 -0.866025448 0.353553325
vn -0.500000179 -0.707106531 0.500000179
vn -0.612372518 -0.499999762 0.612372518
vn -0.683012724 -0.258818835 0.683012724
vn -0.793353498 0 0.608761251
vn -0.766320646 0.258819044 0.588018179
vn -0.68706429 0.5 0.527202725
vn -0.560985625 0.707106769 0.430459201
vn -0.396676719 0.866025448 0.304380596
vn -0.205335021 0.965925813 0.157559022
vn 3.46785818e-08 1 -2.66097988e-08
vn 0.205334991 0.965925813 -0.157559007
vn 0.396676809 0.866025388 -0.304380655
vn 0.560985625 0.707106769 -0.430459201
vn 0.68706429 0.50000006 -0.527202725
vn 0.766320646 0.258818924 -0.588018239
vn 0.793353498 -8.74227766e-08 -0.608761251
vn 0.766320586 -0.258819312 -0.588018179
vn 0.68706429 -0.49999997 -0.527202725
vn 0.560985506 -0.707106888 -0.430459142
vn 0.396676689 -0.866025448 -0.304380566
vn 0.205334947 -0.965925872 -0.157558963
vn -9.4606456e-09 -1 7.25940508e-09
vn -0.205335319 -0.965925694 0.157559261
vn -0.396676689 -0.866025448 0.304380566
vn -0.560985804 -0.707106531 0.43045935
vn -0.687064409 -0.499999762 0.527202785
vn -0.766320646 -0.258818835 0.588018239
vn -0.866025388 0 0.50000006
vn -0.836516261 0.258819044 0.482962966
vn -0.75 0.5 0.433012754
vn -0.612372398 0.707106769 0.353553414
vn -0.433012664 0.866025448 0.25
vn -0.224143893 0.965925813 0.129409552
vn 3.78551732e-08 1 -2.18556959e-08
vn 0.224143863 0.965925813 -0.129409537
vn 0.433012754 0.866025388 -0.25000006
vn 0.612372398 0.707106769 -0.353553414
vn 0.75 0.50000006 -0.433012754
vn 0.836516321 0.258818924 -0.482962996
vn 0.866025388 -8.74227766e-08 -0.50000006
vn 0.836516201 -0.258819312 -0.482962936
vn 0.75 -0.49999997 -0.433012754
vn 0.612372339 -0.707106888 -0.353553355
vn 0.433012605 -0.866025448 -0.249999985
vn 0.224143818 -0.965925872 -0.129409507
vn -1.03272493e-08 -1 5.96244121e-09
vn -0.22414422 -0.965925694 0.129409745
vn -0.433012605 -0.866025448 0.249999985
vn -0.612372637 -0.707106531 0.353553534
vn -0.750000119 -0.499999762 0.433012843
vn -0.836516321 -0.258818835 0.482962996
vn -0.923879623 0 0.382683277
vn -0.892399192 0.258819044 0.369643658
vn -0.800103188 0.5 0.331413448
vn -0.65328151 0.707106769 0.270597935
vn -0.461939782 0.866025448 0.191341624
vn -0.239117667 0.965925813 0.0990457311
vn 4.03840623e-08 1 -1.67276166e-08
vn 0.239117637 0.965925813 -0.0990457162
vn 0.461939871 0.866025388 -0.191341668
vn 0.65328151 0.707106769 -0.270597935
vn 0.800103188 0.50000006 -0.331413448
vn 0.892399251 0.258818924 -0.369643688
vn 0.923879623 -8.74227766e-08 -0.382683277
vn 0.892399132 -0.258819312 -0.369643629
vn 0.800103188 -0.49999997 -0.331413448
vn 0.65328145 -0.707106888 -0.270597905
vn 0.461939722 -0.866025448 -0.191341609
vn 0.239117593 -0.965925872 -0.0990456939
vn -1.10171543e-08 -1 4.56345228e-09
vn -0.239118025 -0.965925694 0.0990458801
vn -0.461939722 -0.866025448 0.191341609
vn -0.653281748 -0.707106531 0.270598024
vn -0.800103366 -0.499999762 0.331413507
vn -0.892399251 -0.258818835 0.369643688
vn -0.965925872 0 0.258818924
vn -0.933012724 0.258819044 0.249999881
vn -0.836516321 0.5 0.224143758
vn -0.683012724 0.707106769 0.18301262
vn -0.482962906 0.866025448 0.129409447
vn -0.25000003 0.965925813 0.0669872761
vn 4.22219593e-08 1 -1.13133343e-08
vn 0.25 0.965925813 -0.0669872686
vn 0.482962996 0.866025388 -0.129409477
vn 0.683012724 0.707106769 -0.18301262
vn 0.836516321 0.50000006 -0.224143758
vn 0.933012784 0.258818924 -0.249999896
vn 0.965925872 -8.74227766e-08 -0.258818924
vn 0.933012664 -0.258819312 -0.249999866
vn 0.836516321 -0.49999997 -0.224143758
vn 0.683012605 -0.707106888 -0.18301259
vn 0.482962847 -0.866025448 -0.129409432
vn 0.249999955 -0.965925872 -0.0669872537
vn -1.15185506e-08 -1 3.0863847e-09
vn -0.250000417 -0.965925694 0.0669873729
vn -0.482962847 -0.866025448 0.129409432
vn -0.683012962 -0.707106531 0.183012679
vn -0.8365165 -0.499999762 0.224143803
vn -0.933012784 -0.258818835 0.249999896
vn -0.991444886 0 0.130526081
vn -0.957662225 0.258819044 0.126078516
vn -0.858616471 0.5 0.113038898
vn -0.701057374 0.707106769 0.0922958776
vn -0.495722413 0.866025448 0.0652630329
vn -0.25660485 0.965925813 0.0337826386
vn 4.33374332e-08 1 -5.70547609e-09
vn 0.25660482 0.965925813 -0.0337826349
vn 0.495722502 0.866025388 -0.0652630478
vn 0.701057374 0.707106769 -0.0922958776
vn 0.858616471 0.50000006 -0.113038898
vn 0.957662284 0.258818924 -0.126078516
vn 0.991444886 -8.74227766e-08 -0.130526081
vn 0.957662165 -0.258819312 -0.126078501
vn 0.858616471 -0.49999997 -0.113038898
vn 0.701057255 -0.707106888 -0.0922958627
vn 0.495722353 -0.866025448 -0.0652630255
vn 0.256604761 -0.965925872 -0.0337826274
vn -1.18228618e-08 -1 1.55650792e-09
vn -0.256605238 -0.965925694 0.0337826908
vn -0.495722353 -0.866025448 0.0652630255
vn -0.701057613 -0.707106531 0.0922959074
vn -0.85861659 -0.499999762 0.11303892
vn -0.957662284 -0.258818835 0.126078516
vn -1 0 -8.74227766e-08
vn -0.965925813 0.258819044 -8.44439185e-08
vn -0.866025388 0.5 -7.57103464e-08
vn -0.707106769 0.707106769 -6.18172393e-08
vn -0.49999997 0.866025448 -4.37113847e-08
vn -0.258819073 0.965925813 -2.26266827e-08
vn 4.37113883e-08 1 3.82137093e-15
vn 0.258819044 0.965925813 2.26266792e-08
vn 0.50000006 0.866025388 4.37113918e-08
vn 0.707106769 0.707106769 6.18172393e-08
vn 0.866025388 0.50000006 7.57103464e-08
vn 0.965925872 0.258818924 8.44439185e-08
vn 1 -8.74227766e-08 8.74227766e-08
vn 0.965925753 -0.258819312 8.44439114e-08
vn 0.866025388 -0.49999997 7.57103464e-08
vn 0.70710665 -0.707106888 6.18172251e-08
vn 0.499999911 -0.866025448 4.37113812e-08
vn 0.258818984 -0.965925872 2.26266739e-08
vn -1.19248806e-08 -1 -1.04250613e-15
vn -0.258819461 -0.965925694 -2.26267165e-08
vn -0.499999911 -0.866025448 -4.37113812e-08
vn -0.707107008 -0.707106531 -6.18172606e-08
vn -0.866025567 -0.499999762 -7.57103606e-08
vn -0.965925872 -0.258818835 -8.44439185e-08
vn -0.991444826 0 -0.13052626
vn -0.957662165 0.258819044 -0.12607868
vn -0.858616412 0.5 -0.113039054
vn -0.701057374 0.707106769 -0.0922960043
vn -0.495722383 0.866025448 -0.0652631223
vn -0.25660482 0.965925813 -0.033782687
vn 4.33374296e-08 1 5.70548409e-09
vn 0.256604791 0.965925813 0.0337826833
vn 0.495722473 0.866025388 0.0652631372
vn 0.701057374 0.707106769 0.0922960043
vn 0.858616412 0.50000006 0.113039054
vn 0.957662225 0.258818924 0.126078695
vn 0.991444826 -8.74227766e-08 0.13052626
vn 0.957662106 -0.258819312 0.12607868
vn 0.858616412 -0.49999997 0.113039054
vn 0.701057255 -0.707106888 0.0922959894
vn 0.495722324 -0.866025448 0.0652631149
vn 0.256604731 -0.965925872 0.0337826721
vn -1.18228609e-08 -1 -1.55651003e-09
vn -0.256605208 -0.965925694 -0.0337827355
vn -0.495722324 -0.866025448 -0.0652631149
vn -0.701057613 -0.707106531 -0.0922960341
vn -0.85861659 -0.499999762 -0.113039076
vn -0.957662225 -0.258818835 -0.126078695
vn -0.965925753 0 -0.258819312
vn -0.933012605 0.258819044 -0.250000268
vn -0.836516201 0.5 -0.224144101
vn -0.683012664 0.707106769 -0.183012888
vn -0.482962847 0.866025448 -0.129409641
vn -0.25 0.965925813 -0.0669873729
vn 4.22219557e-08 1 1.13133511e-08
vn 0.249999985 0.965925813 0.0669873655
vn 0.482962936 0.866025388 0.129409671
vn 0.683012664 0.707106769 0.183012888
vn 0.836516201 0.50000006 0.224144101
vn 0.933012664 0.258818924 0.250000268
vn 0.965925753 -8.74227766e-08 0.258819312
vn 0.933012545 -0.258819312 0.250000238
vn 0.836516201 -0.49999997 0.224144101
vn 0.683012545 -0.707106888 0.183012858
vn 0.482962787 -0.866025448 0.129409626
vn 0.249999925 -0.965925872 0.0669873506
vn -1.15185497e-08 -1 -3.08638937e-09
vn -0.250000387 -0.965925694 -0.0669874772
vn -0.482962787 -0.866025448 -0.129409626
vn -0.683012843 -0.707106531 -0.183012947
vn -0.83651638 -0.499999762 -0.224144146
vn -0.933012664 -0.258818835 -0.250000268
vn -0.923879504 0 -0.382683426
vn -0.892399073 0.258819044 -0.369643807
vn -0.800103128 0.5 -0.331413567
vn -0.461939722 0.866025448 -0.191341698
vn -0.239117637 0.965925813 -0.0990457684
vn 4.03840552e-08 1 1.67276237e-08
vn 0.239117607 0.965925813 0.0990457609
vn 0.461939812 0.866025388 0.191341743
vn 0.800103128 0.50000006 0.331413567
vn 0.892399132 0.258818924 0.369643807
vn 0.923879504 -8.74227766e-08 0.382683426
vn 0.892399013 -0.258819312 0.369643778
vn 0.800103128 -0.49999997 0.331413567
vn 0.653281331 -0.707106888 0.270597994
vn 0.461939663 -0.866025448 0.191341683
vn 0.239117548 -0.965925872 0.0990457386
vn -1.10171525e-08 -1 -4.56345406e-09
vn -0.239117995 -0.965925694 -0.0990459174
vn -0.461939663 -0.866025448 -0.191341683
vn -0.653281689 -0.707106531 -0.270598143
vn -0.800103247 -0.499999762 -0.331413627
vn -0.892399132 -0.258818835 -0.369643807
vn -0.866025388 0 -0.49999997
vn -0.836516261 0.258819044 -0.482962877
vn -0.75 0.5 -0.433012664
vn -0.612372398 0.707106769 -0.353553355
vn -0.433012664 0.866025448 -0.24999997
vn -0.224143893 0.965925813 -0.129409522
vn 3.78551732e-08 1 2.18556924e-08
vn 0.224143863 0.965925813 0.129409507
vn 0.433012754 0.866025388 0.25
vn 0.612372398 0.707106769 0.353553355
vn 0.75 0.50000006 0.433012664
vn 0.836516321 0.258818924 0.482962906
vn 0.866025388 -8.74227766e-08 0.49999997
vn 0.836516201 -0.258819312 0.482962847
vn 0.75 -0.49999997 0.433012664
vn 0.612372339 -0.707106888 0.353553295
vn 0.433012605 -0.866025448 0.24999994
vn 0.224143818 -0.965925872 0.129409477
vn -1.03272493e-08 -1 -5.96243988e-09
vn -0.22414422 -0.965925694 -0.129409716
vn -0.433012605 -0.866025448 -0.24999994
vn -0.612372637 -0.707106531 -0.353553474
vn -0.750000119 -0.499999762 -0.433012754
vn -0.836516321 -0.258818835 -0.482962906
vn -0.7933532 0 -0.608761609
vn -0.766320348 0.258819044 -0.588018537
vn -0.687063992 0.5 -0.527203023
vn -0.560985446 0.707106769 -0.43045944
vn -0.39667657 0.866025448 -0.304380774
vn -0.205334947 0.965925813 -0.157559112
vn 3.46785711e-08 1 2.66098148e-08
vn 0.205334917 0.965925813 0.157559097
vn 0.39667666 0.866025388 0.304380834
vn 0.560985446 0.707106769 0.43045944
vn 0.687063992 0.50000006 0.527203023
vn 0.766320407 0.258818924 0.588018596
vn 0.7933532 -8.74227766e-08 0.608761609
vn 0.766320288 -0.258819312 0.588018537
vn 0.687063992 -0.49999997 0.527203023
vn 0.560985327 -0.707106888 0.43045938
vn 0.39667654 -0.866025448 0.304380745
vn 0.205334872 -0.965925872 0.157559067
vn -9.46064205e-09 -1 -7.25940952e-09
vn -0.205335245 -0.965925694 -0.15755935
vn -0.39667654 -0.866025448 -0.304380745
vn -0.560985625 -0.707106531 -0.430459589
vn -0.687064171 -0.499999762 -0.527203143
vn -0.766320407 -0.258818835 -0.588018596
vn -0.70710665 0 -0.707106888
vn -0.683012545 0.258819044 -0.683012784
vn -0.612372339 0.5 -0.612372518
vn -0.499999911 0.707106769 -0.50000006
vn -0.353553295 0.866025448 -0.353553414
vn -0.183012694 0.965925813 -0.183012754
vn 3.09086126e-08 1 3.09086232e-08
vn 0.183012664 0.965925813 0.183012724
vn 0.353553355 0.866025388 0.353553474
vn 0.499999911 0.707106769 0.50000006
vn 0.612372339 0.50000006 0.612372518
vn 0.683012605 0.258818924 0.683012843
vn 0.70710665 -8.74227766e-08 0.707106888
vn 0.683012545 -0.258819312 0.683012724
vn 0.612372339 -0.49999997 0.612372518
vn 0.499999821 -0.707106888 0.49999997
vn 0.353553265 -0.866025448 0.353553385
vn 0.18301262 -0.965925872 0.183012679
vn -8.43216252e-09 -1 -8.43216519e-09
vn -0.183012962 -0.965925694 -0.183013022
vn -0.353553265 -0.866025448 -0.353553385
vn -0.50000006 -0.707106531 -0.500000238
vn -0.612372458 -0.499999762 -0.612372637
vn -0.683012605 -0.258818835 -0.683012843
vn -0.608761489 0 -0.79335326
vn -0.588018417 0.258819044 -0.766320407
vn -0.527202904 0.5 -0.687064052
vn -0.43045938 0.707106769 -0.560985446
vn -0.304380715 0.866025448 -0.3966766
vn -0.157559082 0.965925813 -0.205334961
vn 2.66098095e-08 1 3.46785711e-08
vn 0.157559067 0.965925813 0.205334932
vn 0.304380774 0.866025388 0.396676689
vn 0.43045938 0.707106769 0.560985446
vn 0.527202904 0.50000006 0.687064052
vn 0.588018477 0.258818924 0.766320467
vn 0.608761489 -8.74227766e-08 0.79335326
vn 0.588018417 -0.258819312 0.766320348
vn 0.527202904 -0.49999997 0.687064052
vn 0.430459291 -0.707106888 0.560985386
vn 0.304380685 -0.866025448 0.39667657
vn 0.157559037 -0.965925872 0.205334887
vn -7.25940819e-09 -1 -9.46064294e-09
vn -0.15755932 -0.965925694 -0.205335259
vn -0.304380685 -0.866025448 -0.39667657
vn -0.430459529 -0.707106531 -0.560985625
vn -0.527203023 -0.499999762 -0.68706423
vn -0.588018477 -0.258818835 -0.766320467
vn -0.499999911 0 -0.866025448
vn -0.482962817 0.258819044 -0.836516321
vn -0.433012605 0.5 -0.75
vn -0.353553325 0.707106769 -0.612372458
vn -0.24999994 0.866025448 -0.433012694
vn -0.129409507 0.965925813 -0.224143907
vn 2.18556906e-08 1 3.78551732e-08
vn 0.129409492 0.965925813 0.224143878
vn 0.249999985 0.866025388 0.433012784
vn 0.353553325 0.707106769 0.612372458
vn 0.433012605 0.50000006 0.75
vn 0.482962847 0.258818924 0.83651638
vn 0.499999911 -8.74227766e-08 0.866025448
vn 0.482962787 -0.258819312 0.836516261
vn 0.433012605 -0.49999997 0.75
vn 0.353553265 -0.707106888 0.612372339
vn 0.249999911 -0.866025448 0.433012635
vn 0.129409462 -0.965925872 0.224143833
vn -5.96243943e-09 -1 -1.03272502e-08
vn -0.129409701 -0.965925694 -0.224144235
vn -0.249999911 -0.866025448 -0.433012635
vn -0.353553444 -0.707106531 -0.612372637
vn -0.433012694 -0.499999762 -0.750000179
vn -0.482962847 -0.258818835 -0.83651638
vn -0.382683128 0 -0.923879683
vn -0.369643509 0.258819044 -0.892399251
vn -0.331413299 0.5 -0.800103247
vn -0.270597816 0.707106769 -0.653281569
vn -0.191341549 0.866025448 -0.461939812
vn -0.0990456939 0.965925813 -0.239117682
vn 1.67276113e-08 1 4.03840623e-08
vn 0.099045679 0.965925813 0.239117652
vn 0.191341594 0.866025388 0.461939901
vn 0.270597816 0.707106769 0.653281569
vn 0.331413299 0.50000006 0.800103247
vn 0.369643539 0.258818924 0.892399311
vn 0.382683128 -8.74227766e-08 0.923879683
vn 0.36964348 -0.258819312 0.892399192
vn 0.331413299 -0.49999997 0.800103247
vn 0.270597786 -0.707106888 0.65328145
vn 0.191341534 -0.866025448 0.461939752
vn 0.0990456566 -0.965925872 0.239117607
vn -4.56345051e-09 -1 -1.10171552e-08
vn -0.0990458429 -0.965925694 -0.23911804
vn -0.191341534 -0.866025448 -0.461939752
vn -0.270597935 -0.707106531 -0.653281808
vn -0.331413358 -0.499999762 -0.800103426
vn -0.369643539 -0.258818835 -0.892399311
vn -0.258818984 0 -0.965925872
vn -0.24999994 0.258819044 -0.933012724
vn -0.224143818 0.5 -0.836516321
vn -0.183012649 0.707106769 -0.683012724
vn -0.129409477 0.866025448 -0.482962906
vn -0.066987291 0.965925813 -0.25000003
vn 1.13133369e-08 1 4.22219593e-08
vn 0.0669872835 0.965925813 0.25
vn 0.129409507 0.866025388 0.482962996
vn 0.183012649 0.707106769 0.683012724
vn 0.224143818 0.50000006 0.836516321
vn 0.249999955 0.258818924 0.933012784
vn 0.258818984 -8.74227766e-08 0.965925872
vn 0.249999925 -0.258819312 0.933012664
vn 0.224143818 -0.49999997 0.836516321
vn 0.18301262 -0.707106888 0.683012605
vn 0.129409462 -0.866025448 0.482962847
vn 0.0669872686 -0.965925872 0.249999955
vn -3.08638559e-09 -1 -1.15185506e-08
vn -0.0669873878 -0.965925694 -0.250000417
vn -0.129409462 -0.866025448 -0.482962847
vn -0.183012724 -0.707106531 -0.683012962
vn -0.224143863 -0.499999762 -0.8365165
vn -0.249999955 -0.258818835 -0.933012784
vn -0.130525917 0 -0.991444886
vn -0.126078352 0.258819044 -0.957662225
vn -0.113038756 0.5 -0.858616471
vn -0.0922957584 0.707106769 -0.701057374
vn -0.065262951 0.866025448 -0.495722413
vn -0.0337825976 0.965925813 -0.25660485
vn 5.70546899e-09 1 4.33374332e-08
vn 0.0337825939 0.965925813 0.25660482
vn 0.0652629659 0.866025388 0.495722502
vn 0.0922957584 0.707106769 0.701057374
vn 0.113038756 0.50000006 0.858616471
vn 0.126078367 0.258818924 0.957662284
vn 0.130525917 -8.74227766e-08 0.991444886
vn 0.126078337 -0.258819312 0.957662165
vn 0.113038756 -0.49999997 0.858616471
vn 0.0922957435 -0.707106888 0.701057255
vn 0.0652629435 -0.866025448 0.495722353
vn 0.0337825865 -0.965925872 0.256604761
vn -1.55650592e-09 -1 -1.18228618e-08
vn -0.0337826461 -0.965925694 -0.256605238
vn -0.0652629435 -0.866025448 -0.495722353
vn -0.0922957882 -0.707106531 -0.701057613
vn -0.113038778 -0.499999762 -0.85861659
vn -0.126078367 -0.258818835 -0.957662284
vn 1.19248806e-08 0 -1
vn 1.15185497e-08 0.258819044 -0.965925813
vn 1.03272493e-08 0.5 -0.866025388
vn 8.43216341e-09 0.707106769 -0.707106769
vn 5.96243988e-09 0.866025448 -0.49999997
vn 3.08638648e-09 0.965925813 -0.258819073
vn -5.21253064e-16 1 4.37113883e-08
vn -3.08638626e-09 0.965925813 0.258819044
vn -5.96244121e-09 0.866025388 0.50000006
vn -8.43216341e-09 0.707106769 0.707106769
vn -1.03272493e-08 0.50000006 0.866025388
vn -1.15185506e-08 0.258818924 0.965925872
vn -1.19248806e-08 -8.74227766e-08 1
vn -1.15185497e-08 -0.258819312 0.965925753
vn -1.03272493e-08 -0.49999997 0.866025388
vn -8.43216252e-09 -0.707106888 0.70710665
vn -5.96243943e-09 -0.866025448 0.499999911
vn -3.08638559e-09 -0.965925872 0.258818984
vn 1.42202776e-16 -1 -1.19248806e-08
vn 3.08639114e-09 -0.965925694 -0.258819461
vn 5.96243943e-09 -0.866025448 -0.499999911
vn 8.43216696e-09 -0.707106531 -0.707107008
vn 1.03272519e-08 -0.499999762 -0.866025567
vn 1.15185506e-08 -0.258818835 -0.965925872
vn 0.130526409 0 -0.991444826
vn 0.126078829 0.258819044 -0.957662165
vn 0.113039181 0.5 -0.858616412
vn 0.0922961086 0.707106769 -0.701057374
vn 0.0652631968 0.866025448 -0.495722383
vn 0.0337827243 0.965925813 -0.25660482
vn -5.70549075e-09 1 4.33374296e-08
vn -0.0337827206 0.965925813 0.256604791
vn -0.0652632117 0.866025388 0.495722473
vn -0.0922961086 0.707106769 0.701057374
vn -0.113039181 0.50000006 0.858616412
vn -0.126078829 0.258818924 0.957662225
vn -0.130526409 -8.74227766e-08 0.991444826
vn -0.126078814 -0.258819312 0.957662106
vn -0.113039181 -0.49999997 0.858616412
vn -0.0922960937 -0.707106888 0.701057255
vn -0.0652631894 -0.866025448 0.495722324
vn -0.0337827131 -0.965925872 0.256604731
vn 1.55651181e-09 -1 -1.18228609e-08
vn 0.0337827764 -0.965925694 -0.256605208
vn 0.0652631894 -0.866025448 -0.495722324
vn 0.0922961384 -0.707106531 -0.701057613
vn 0.11303921 -0.499999762 -0.85861659
vn 0.126078829 -0.258818835 -0.957662225
vn 0.258819461 0 -0.965925694
vn 0.250000387 0.258819044 -0.933012545
vn 0.22414422 0.5 -0.836516201
vn 0.183012992 0.707106769 -0.683012605
vn 0.129409716 0.866025448 -0.482962817
vn 0.0669874102 0.965925813 -0.25
vn -1.13133583e-08 1 4.22219522e-08
vn -0.0669874027 0.965925813 0.24999997
vn -0.129409745 0.866025388 0.482962906
vn -0.183012992 0.707106769 0.683012605
vn -0.22414422 0.50000006 0.836516201
vn -0.250000417 0.258818924 0.933012605
vn -0.258819461 -8.74227766e-08 0.965925694
vn -0.250000387 -0.258819312 0.933012486
vn -0.22414422 -0.49999997 0.836516201
vn -0.183012962 -0.707106888 0.683012486
vn -0.129409701 -0.866025448 0.482962757
vn -0.0669873878 -0.965925872 0.249999911
vn 3.08639114e-09 -1 -1.15185488e-08
vn 0.0669875145 -0.965925694 -0.250000358
vn 0.129409701 -0.866025448 -0.482962757
vn 0.183013052 -0.707106531 -0.683012843
vn 0.224144265 -0.499999762 -0.836516321
vn 0.250000417 -0.258818835 -0.933012605
vn 0.382683605 0 -0.923879445
vn 0.369643986 0.258819044 -0.892399013
vn 0.331413716 0.5 -0.800103068
vn 0.270598173 0.707106769 -0.653281391
vn 0.191341788 0.866025448 -0.461939692
vn 0.0990458131 0.965925813 -0.239117622
vn -1.67276308e-08 1 4.03840517e-08
vn -0.0990458056 0.965925813 0.239117593
vn -0.191341832 0.866025388 0.461939782
vn -0.270598173 0.707106769 0.653281391
vn -0.331413716 0.50000006 0.800103068
vn -0.369643986 0.258818924 0.892399073
vn -0.382683605 -8.74227766e-08 0.923879445
vn -0.369643956 -0.258819312 0.892398953
vn -0.331413716 -0.49999997 0.800103068
vn -0.270598114 -0.707106888 0.653281271
vn -0.191341773 -0.866025448 0.461939633
vn -0.0990457833 -0.965925872 0.239117533
vn 4.56345628e-09 -1 -1.10171525e-08
vn 0.0990459621 -0.965925694 -0.23911798
vn 0.191341773 -0.866025448 -0.461939633
vn 0.270598263 -0.707106531 -0.653281629
vn 0.331413776 -0.499999762 -0.800103247
vn 0.369643986 -0.258818835 -0.892399073
vn 0.499999911 0 -0.866025448
vn 0.482962817 0.258819044 -0.836516321
vn 0.433012605 0.5 -0.75
vn 0.353553325 0.707106769 -0.612372458
vn 0.24999994 0.866025448 -0.433012694
vn 0.129409507 0.965925813 -0.224143907
vn -2.18556906e-08 1 3.78551732e-08
vn -0.129409492 0.965925813 0.224143878
vn -0.249999985 0.866025388 0.433012784
vn -0.353553325 0.707106769 0.612372458
vn -0.433012605 0.50000006 0.75
vn -0.482962847 0.258818924 0.83651638
vn -0.499999911 -8.74227766e-08 0.866025448
vn -0.482962787 -0.258819312 0.836516261
vn -0.433012605 -0.49999997 0.75
vn -0.353553265 -0.707106888 0.612372339
vn -0.249999911 -0.866025448 0.433012635
vn -0.129409462 -0.965925872 0.224143833
vn 5.96243943e-09 -1 -1.03272502e-08
vn 0.129409701 -0.965925694 -0.224144235
vn 0.249999911 -0.866025448 -0.433012635
vn 0.353553444 -0.707106531 -0.612372637
vn 0.433012694 -0.499999762 -0.750000179
vn 0.482962847 -0.258818835 -0.83651638
vn 0.608761549 0 -0.79335326
vn 0.588018477 0.258819044 -0.766320407
vn 0.527202964 0.5 -0.687064052
vn 0.43045941 0.707106769 -0.560985446
vn 0.304380745 0.866025448 -0.3966766
vn 0.157559097 0.965925813 -0.205334961
vn -2.6609813e-08 1 3.46785711e-08
vn -0.157559082 0.965925813 0.205334932
vn -0.304380804 0.866025388 0.396676689
vn -0.43045941 0.707106769 0.560985446
vn -0.527202964 0.50000006 0.687064052
vn -0.588018537 0.258818924 0.766320467
vn -0.608761549 -8.74227766e-08 0.79335326
vn -0.588018477 -0.258819312 0.766320348
vn -0.527202964 -0.49999997 0.687064052
vn -0.43045935 -0.707106888 0.560985386
vn -0.304380715 -0.866025448 0.39667657
vn -0.157559052 -0.965925872 0.205334887
vn 7.25940863e-09 -1 -9.46064294e-09
vn 0.157559335 -0.965925694 -0.205335259
vn 0.304380715 -0.866025448 -0.39667657
vn 0.430459559 -0.707106531 -0.560985625
vn 0.527203083 -0.499999762 -0.68706423
vn 0.588018537 -0.258818835 -0.766320467
vn 0.707107008 0 -0.707106531
vn 0.683012903 0.258819044 -0.683012426
vn 0.612372637 0.5 -0.61237222
vn 0.500000179 0.707106769 -0.499999821
vn 0.353553474 0.866025448 -0.353553236
vn 0.183012784 0.965925813 -0.183012664
vn -3.09086303e-08 1 3.0908609e-08
vn -0.183012754 0.965925813 0.183012635
vn -0.353553534 0.866025388 0.353553295
vn -0.500000179 0.707106769 0.499999821
vn -0.612372637 0.50000006 0.61237222
vn -0.683012962 0.258818924 0.683012486
vn -0.707107008 -8.74227766e-08 0.707106531
vn -0.683012843 -0.258819312 0.683012426
vn -0.612372637 -0.49999997 0.61237222
vn -0.50000006 -0.707106888 0.499999732
vn -0.353553444 -0.866025448 0.353553206
vn -0.183012724 -0.965925872 0.18301259
vn 8.43216696e-09 -1 -8.43216075e-09
vn 0.183013052 -0.965925694 -0.183012933
vn 0.353553444 -0.866025448 -0.353553206
vn 0.500000298 -0.707106531 -0.49999997
vn 0.612372756 -0.499999762 -0.612372339
vn 0.683012962 -0.258818835 -0.683012486
vn 0.793353379 0 -0.60876137
vn 0.766320527 0.258819044 -0.588018298
vn 0.687064171 0.5 -0.527202785
vn 0.560985565 0.707106769 -0.430459291
vn 0.39667666 0.866025448 -0.304380655
vn 0.205334991 0.965925813 -0.157559052
vn -3.46785782e-08 1 2.66098041e-08
vn -0.205334961 0.965925813 0.157559037
vn -0.396676749 0.866025388 0.304380715
vn -0.560985565 0.707106769 0.430459291
vn -0.687064171 0.50000006 0.527202785
vn -0.766320527 0.258818924 0.588018358
vn -0.793353379 -8.74227766e-08 0.60876137
vn -0.766320467 -0.258819312 0.588018298
vn -0.687064171 -0.49999997 0.527202785
vn -0.560985446 -0.707106888 0.430459201
vn -0.39667663 -0.866025448 0.304380625
vn -0.205334917 -0.965925872 0.157558993
vn 9.46064471e-09 -1 -7.25940685e-09
vn 0.205335289 -0.965925694 -0.157559291
vn 0.39667663 -0.866025448 -0.304380625
vn 0.560985744 -0.707106531 -0.43045944
vn 0.68706429 -0.499999762 -0.527202904
vn 0.766320527 -0.258818835 -0.588018358
vn 0.866025567 0 -0.499999762
vn 0.83651644 0.258819044 -0.482962668
vn 0.750000119 0.5 -0.433012486
vn 0.612372518 0.707106769 -0.353553206
vn 0.433012754 0.866025448 -0.249999866
vn 0.224143937 0.965925813 -0.129409477
vn -3.78551803e-08 1 2.18556835e-08
vn -0.224143907 0.965925813 0.129409462
vn -0.433012843 0.866025388 0.249999911
vn -0.612372518 0.707106769 0.353553206
vn -0.750000119 0.50000006 0.433012486
vn -0.8365165 0.258818924 0.482962698
vn -0.866025567 -8.74227766e-08 0.499999762
vn -0.83651638 -0.258819312 0.482962638
vn -0.750000119 -0.49999997 0.433012486
vn -0.612372458 -0.707106888 0.353553146
vn -0.433012694 -0.866025448 0.249999836
vn -0.224143863 -0.965925872 0.129409432
vn 1.03272519e-08 -1 -5.96243765e-09
vn 0.224144265 -0.965925694 -0.129409671
vn 0.433012694 -0.866025448 -0.249999836
vn 0.612372756 -0.707106531 -0.353553325
vn 0.750000298 -0.499999762 -0.433012575
vn 0.8365165 -0.258818835 -0.482962698
vn 0.923879564 0 -0.382683426
vn 0.892399132 0.258819044 -0.369643807
vn 0.800103188 0.5 -0.331413567
vn 0.65328151 0.707106769 -0.270598054
vn 0.461939752 0.866025448 -0.191341698
vn 0.239117652 0.965925813 -0.0990457684
vn -4.03840588e-08 1 1.67276237e-08
vn -0.239117622 0.965925813 0.0990457609
vn -0.461939842 0.866025388 0.191341743
vn -0.65328151 0.707106769 0.270598054
vn -0.800103188 0.50000006 0.331413567
vn -0.892399192 0.258818924 0.369643807
vn -0.923879564 -8.74227766e-08 0.382683426
vn -0.892399073 -0.258819312 0.369643778
vn -0.800103188 -0.49999997 0.331413567
vn -0.653281391 -0.707106888 0.270597994
vn -0.461939692 -0.866025448 0.191341683
vn -0.239117563 -0.965925872 0.0990457386
vn 1.10171534e-08 -1 -4.56345406e-09
vn 0.23911801 -0.965925694 -0.0990459174
vn 0.461939692 -0.866025448 -0.191341683
vn 0.653281689 -0.707106531 -0.270598143
vn 0.800103307 -0.499999762 -0.331413627
vn 0.892399192 -0.258818835 -0.369643807
vn 0.965925872 0 -0.258818835
vn 0.933012724 0.258819044 -0.249999791
vn 0.836516321 0.5 -0.224143684
vn 0.683012724 0.707106769 -0.183012545
vn 0.482962906 0.866025448 -0.129409403
vn 0.25000003 0.965925813 -0.0669872537
vn -4.22219593e-08 1 1.13133307e-08
vn -0.25 0.965925813 0.0669872463
vn -0.482962996 0.866025388 0.129409432
vn -0.683012724 0.707106769 0.183012545
vn -0.836516321 0.50000006 0.224143684
vn -0.933012784 0.258818924 0.249999806
vn -0.965925872 -8.74227766e-08 0.258818835
vn -0.933012664 -0.258819312 0.249999776
vn -0.836516321 -0.49999997 0.224143684
vn -0.683012605 -0.707106888 0.183012515
vn -0.482962847 -0.866025448 0.129409388
vn -0.249999955 -0.965925872 0.0669872314
vn 1.15185506e-08 -1 -3.08638382e-09
vn 0.250000417 -0.965925694 -0.0669873506
vn 0.482962847 -0.866025448 -0.129409388
vn 0.683012962 -0.707106531 -0.183012605
vn 0.8365165 -0.499999762 -0.224143729
vn 0.933012784 -0.258818835 -0.249999806
vn 0.991444945 0 -0.130525753
vn 0.957662284 0.258819044 -0.126078188
vn 0.858616471 0.5 -0.113038614
vn 0.701057434 0.707106769 -0.0922956467
vn 0.495722443 0.866025448 -0.065262869
vn 0.25660485 0.965925813 -0.0337825529
vn -4.33374332e-08 1 5.70546188e-09
vn -0.25660482 0.965925813 0.0337825492
vn -0.495722532 0.866025388 0.0652628839
vn -0.701057434 0.707106769 0.0922956467
vn -0.858616471 0.50000006 0.113038614
vn -0.957662344 0.258818924 0.126078203
vn -0.991444945 -8.74227766e-08 0.130525753
vn -0.957662225 -0.258819312 0.126078188
vn -0.858616471 -0.49999997 0.113038614
vn -0.701057315 -0.707106888 0.0922956243
vn -0.495722383 -0.866025448 0.0652628615
vn -0.256604761 -0.965925872 0.0337825418
vn 1.18228627e-08 -1 -1.55650404e-09
vn 0.256605238 -0.965925694 -0.0337826051
vn 0.495722383 -0.866025448 -0.0652628615
vn 0.701057673 -0.707106531 -0.0922956765
vn 0.85861665 -0.499999762 -0.113038637
vn 0.957662344 -0.258818835 -0.126078203
f 1/1/1 2/2/2 26/27/26
f 1/1/1 26/27/26 25/26/25
f 2/2/2 3/3/3 27/28/27
f 2/2/2 27/28/27 26/27/26
f 3/3/3 4/4/4 28/29/28
f 3/3/3 28/29/28 27/28/27
f 4/4/4 5/5/5 29/30/29
f 4/4/4 29/30/29 28/29/28
f 5/5/5 6/6/6 30/31/30
f 5/5/5 30/31/30 29/30/29
f 6/6/6 7/7/7 31/32/31
f 6/6/6 31/32/31 30/31/30
f 7/7/7 8/8/8 32/33/32
f 7/7/7 32/33/32 31/32/31
f 8/8/8 9/9/9 33/34/33
f 8/8/8 33/34/33 32/33/32
f 9/9/9 10/10/10 34/35/34
f 9/9/9 34/35/34 33/34/33
f 10/10/10 11/11/11 35/36/35
f 10/10/10 35/36/35 34/35/34
f 11/11/11 12/12/12 36/37/36
f 11/11/11 36/37/36 35/36/35
f 12/12/12 13/13/13 37/38/37
f 12/12/12 37/38/37 36/37/36
f 13/13/13 14/14/14 38/39/38
f 13/13/13 38/39/38 37/38/37
f 14/14/14 15/15/15 39/40/39
f 14/14/14 39/40/39 38/39/38
f 15/15/15 16/16/16 40/41/40
f 15/15/15 40/41/40 39/40/39
f 16/16/16 17/17/17 41/42/41
f 16/16/16 41/42/41 40/41/40
f 17/17/17 18/18/18 42/43/42
f 17/17/17 42/43/42 41/42/41
f 18/18/18 19/19/19 43/44/43
f 18/18/18 43/44/43 42/43/42
f 19/19/19 20/20/20 44/45/44
f 19/19/19 44/45/44 43/44/43
f 20/20/20 21/21/21 45/46/45
f 20/20/20 45/46/45 44/45/44
f 21/21/21 22/22/22 46/47/46
f 21/21/21 46/47/46 45/46/45
f 22/22/22 23/23/23 47/48/47
f 22/22/22 47/48/47 46/47/46
f 23/23/23 24/24/24 48/49/48
f 23/23/23 48/49/48 47/48/47
f 24/24/24 1/25/1 25/50/25
f 24/24/24 25/50/25 48/49/48
f 25/26/25 26/27/26 50/52/50
f 25/26/25 50/52/50 49/51/49
f 26/27/26 27/28/27 51/53/51
f 26/27/26 51/53/51 50/52/50
f 27/28/27 28/29/28 52/54/52
f 27/28/27 52/54/52 51/53/51
f 28/29/28 29/30/29 53/55/53
f 28/29/28 53/55/53 52/54/52
f 29/30/29 30/31/30 54/56/54
f 29/30/29 54/56/54 53/55/53
f 30/31/30 31/32/31 55/57/55
f 30/31/30 55/57/55 54/56/54
f 31/32/31 32/33/32 56/58/56
f 31/32/31 56/58/56 55/57/55
f 32/33/32 33/34/33 57/59/57
f 32/33/32 57/59/57 56/58/56
f 33/34/33 34/35/34 58/60/58
f 33/34/33 58/60/58 57/59/57
f 34/35/34 35/36/35 59/61/59
f 34/35/34 59/61/59 58/60/58
f 35/36/35 36/37/36 60/62/60
f 35/36/35 60/62/60 59/61/59
f 36/37/36 37/38/37 61/63/61
f 36/37/36 61/63/61 60/62/60
f 37/38/37 38/39/38 62/64/62
f 37/38/37 62/64/62 61/63/61
f 38/39/38 39/40/39 63/65/63
f 38/39/38 63/65/63 62/64/62
f 39/40/39 40/41/40 64/66/64
f 39/40/39 64/66/64 63/65/63
f 40/41/40 41/42/41 65/67/65
f 40/41/40 65/67/65 64/66/64
f 41/42/41 42/43/42 66/68/66
f 41/42/41 66/68/66 65/67/65
f 42/43/42 43/44/43 67/69/67
f 42/43/42 67/69/67 66/68/66
f 43/44/43 44/45/44 68/70/68
f 43/44/43 68/70/68 67/69/67
f 44/45/44 45/46/45 69/71/69
f 44/45/44 69/71/69 68/70/68
f 45/46/45 46/47/46 70/72/70
f 45/46/45 70/72/70 69/71/69
f 46/47/46 47/48/47 71/73/71
f 46/47/46 71/73/71 70/72/70
f 47/48/47 48/49/48 72/74/72
f 47/48/47 72/74/72 71/73/71
f 48/49/48 25/50/25 49/75/49
f 48/49/48 49/75/49 72/74/72
f 49/51/49 50/52/50 74/77/74
f 49/51/49 74/77/74 73/76/73
f 50/52/50 51/53/51 75/78/75
f 50/52/50 75/78/75 74/77/74
f 51/53/51 52/54/52 76/79/76
f 51/53/51 76/79/76 75/78/75
f 52/54/52 53/55/53 77/80/77
f 52/54/52 77/80/77 76/79/76
f 53/55/53 54/56/54 78/81/78
f 53/55/53 78/81/78 77/80/77
f 54/56/54 55/57/55 79/82/79
f 54/56/54 79/82/79 78/81/78
f 55/57/55 56/58/56 80/83/80
f 55/57/55 80/83/80 79/82/79
f 56/58/56 57/59/57 81/84/81
f 56/58/56 81/84/81 80/83/80
f 57/59/57 58/60/58 82/85/82
f 57/59/57 82/85/82 81/84/81
f 58/60/58 59/61/59 83/86/83
f 58/60/58 83/86/83 82/85/82
f 59/61/59 60/62/60 84/87/84
f 59/61/59 84/87/84 83/86/83
f 60/62/60 61/63/61 85/88/85
f 60/62/60 85/88/85 84/87/84
f 61/63/61 62/64/62 86/89/86
f 61/63/61 86/89/86 85/88/85
f 62/64/62 63/65/63 87/90/87
f 62/64/62 87/90/87 86/89/86
f 63/65/63 64/66/64 88/91/88
f 63/65/63 88/91/88 87/90/87
f 64/66/64 65/67/65 89/92/89
f 64/66/64 89/92/89 88/91/88
f 65/67/65 66/68/66 90/93/90
f 65/67/65 90/93/90 89/92/89
f 66/68/66 67/69/67 91/94/91
f 66/68/66 91/94/91 90/93/90
f 67/69/67 68/70/68 92/95/92
f 67/69/67 92/95/92 91/94/91
f 68/70/68 69/71/69 93/96/93
f 68/70/68 93/96/93 92/95/92
f 69/71/69 70/72/70 94/97/94
f 69/71/69 94/97/94 93/96/93
f 70/72/70 71/73/71 95/98/95
f 70/72/70 95/98/95 94/97/94
f 71/73/71 72/74/72 96/99/96
f 71/73/71 96/99/96 95/98/95
f 72/74/72 49/75/49 73/100/73
f 72/74/72 73/100/73 96/99/96
f 73/76/73 74/77/74 98/102/98
f 73/76/73 98/102/98 97/101/97
f 74/77/74 75/78/75 99/103/99
f 74/77/74 99/103/99 98/102/98
f 75/78/75 76/79/76 100/104/100
f 75/78/75 100/104/100 99/103/99
f 76/79/76 77/80/77 101/105/101
f 76/79/76 101/105/101 100/104/100
f 77/80/77 78/81/78 102/106/102
f 77/80/77 102/106/102 101/105/101
f 78/81/78 79/82/79 103/107/103
f 78/81/78 103/107/103 102/106/102
f 79/82/79 80/83/80 104/108/104
f 79/82/79 104/108/104 103/107/103
f 80/83/80 81/84/81 105/109/105
f 80/83/80 105/109/105 104/108/104
f 81/84/81 82/85/82 106/110/106
f 81/84/81 106/110/106 105/109/105
f 82/85/82 83/86/83 107/111/107
f 82/85/82 107/111/107 106/110/106
f 83/86/83 84/87/84 108/112/108
f 83/86/83 108/112/108 107/111/107
f 84/87/84 85/88/85 109/113/109
f 84/87/84 109/113/109 108/112/108
f 85/88/85 86/89/86 110/114/110
f 85/88/85 110/114/110 109/113/109
f 86/89/86 87/90/87 111/115/111
f 86/89/86 111/115/111 110/114/110
f 87/90/87 88/91/88 112/116/112
f 87/90/87 112/116/112 111/115/111
f 88/91/88 89/92/89 113/117/113
f 88/91/88 113/117/113 112/116/112
f 89/92/89 90/93/90 114/118/114
f 89/92/89 114/118/114 113/117/113
f 90/93/90 91/94/91 115/119/115
f 90/93/90 115/119/115 114/118/114
f 91/94/91 92/95/92 116/120/116
f 91/94/91 116/120/116 115/119/115
f 92/95/92 93/96/93 117/121/117
f 92/95/92 117/121/117 116/120/116
f 93/96/93 94/97/94 118/122/118
f 93/96/93 118/122/118 117/121/117
f 94/97/94 95/98/95 119/123/119
f 94/97/94 119/123/119 118/122/118
f 95/98/95 96/99/96 120/124/120
f 95/98/95 120/124/120 119/123/119
f 96/99/96 73/100/73 97/125/97
f 96/99/96 97/125/97 120/124/120
f 97/101/97 98/102/98 122/127/122
f 97/101/97 122/127/122 121/126/121
f 98/102/98 99/103/99 123/128/123
f 98/102/98 123/128/123 122/127/122
f 99/103/99 100/104/100 124/129/124
f 99/103/99 124/129/124 123/128/123
f 100/104/100 101/105/101 125/130/125
f 100/104/100 125/130/125 124/129/124
f 101/105/101 102/106/102 126/131/126
f 101/105/101 126/131/126 125/130/125
f 102/106/102 103/107/103 127/132/127
f 102/106/102 127/132/127 126/131/126
f 103/107/103 104/108/104 128/133/128
f 103/107/103 128/133/128 127/132/127
f 104/108/104 105/109/105 129/134/129
f 104/108/104 129/134/129 128/133/128
f 105/109/105 106/110/106 130/135/130
f 105/109/105 130/135/130 129/134/129
f 106/110/106 107/111/107 131/136/131
f 106/110/106 131/136/131 130/135/130
f 107/111/107 108/112/108 132/137/132
f 107/111/107 132/137/132 131/136/131
f 108/112/108 109/113/109 133/138/133
f 108/112/108 133/138/133 132/137/132
f 109/113/109 110/114/110 134/139/134
f 109/113/109 134/139/134 133/138/133
f 110/114/110 111/115/111 135/140/135
f 110/114/110 135/140/135 134/139/134
f 111/115/111 112/116/112 136/141/136
f 111/115/111 136/141/136 135/140/135
f 112/116/112 113/117/113 137/142/137
f 112/116/112 137/142/137 136/141/136
f 113/117/113 114/118/114 138/143/138
f 113/117/113 138/143/138 137/142/137
f 114/118/114 115/119/115 139/144/139
f 114/118/114 139/144/139 138/143/138
f 115/119/115 116/120/116 140/145/140
f 115/119/115 140/145/140 139/144/139
f 116/120/116 117/121/117 141/146/141
f 116/120/116 141/146/141 140/145/140
f 117/121/117 118/122/118 142/147/142
f 117/121/117 142/147/142 141/146/141
f 118/122/118 119/123/119 143/148/143
f 118/122/118 143/148/143 142/147/142
f 119/123/119 120/124/120 144/149/144
f 119/123/119 144/149/144 143/148/143
f 120/124/120 97/125/97 121/150/121
f 120/124/120 121/150/121 144/149/144
f 121/126/121 122/127/122 146/152/146
f 121/126/121 146/152/146 145/151/145
f 122/127/122 123/128/123 147/153/147
f 122/127/122 147/153/147 146/152/146
f 123/128/123 124/129/124 148/154/148
f 123/128/123 148/154/148 147/153/147
f 124/129/124 125/130/125 149/155/149
f 124/129/124 149/155/149 148/154/148
f 125/130/125 126/131/126 150/156/150
f 125/130/125 150/156/150 149/155/149
f 126/131/126 127/132/127 151/157/151
f 126/131/126 151/157/151 150/156/150
f 127/132/127 128/133/128 152/158/152
f 127/132/127 152/158/152 151/157/151
f 128/133/128 129/134/129 153/159/153
f 128/133/128 153/159/153 152/158/152
f 129/134/129 130/135/130 154/160/154
f 129/134/129 154/160/154 153/159/153
f 130/135/130 131/136/131 155/161/155
f 130/135/130 155/161/155 154/160/154
f 131/136/131 132/137/132 156/162/156
f 131/136/131 156/162/156 155/161/155
f 132/137/132 133/138/133 157/163/157
f 132/137/132 157/163/157 156/162/156
f 133/138/133 134/139/134 158/164/158
f 133/138/133 158/164/158 157/163/157
f 134/139/134 135/140/135 159/165/159
f 134/139/134 159/165/159 158/164/158
f 135/140/135 136/141/136 160/166/160
f 135/140/135 160/166/160 159/165/159
f 136/141/136 137/142/137 161/167/161
f 136/141/136 161/167/161 160/166/160
f 137/142/137 138/143/138 162/168/162
f 137/142/137 162/168/162 161/167/161
f 138/143/138 139/144/139 163/169/163
f 138/143/138 163/169/163 162/168/162
f 139/144/139 140/145/140 164/170/164
f 139/144/139 164/170/164 163/169/163
f 140/145/140 141/146/141 165/171/165
f 140/145/140 165/171/165 164/170/164
f 141/146/141 142/147/142 166/172/166
f 141/146/141 166/172/166 165/171/165
f 142/147/142 143/148/143 167/173/167
f 142/147/142 167/173/167 166/172/166
f 143/148/143 144/149/144 168/174/168
f 143/148/143 168/174/168 167/173/167
f 144/149/144 121/150/121 145/175/145
f 144/149/144 145/175/145 168/174/168
f 145/151/145 146/152/146 170/177/170
f 145/151/145 170/177/170 169/176/169
f 146/152/146 147/153/147 171/178/171
f 146/152/146 171/178/171 170/177/170
f 147/153/147 148/154/148 172/179/172
f 147/153/147 172/179/172 171/178/171
f 148/154/148 149/155/149 173/180/173
f 148/154/148 173/180/173 172/179/172
f 149/155/149 150/156/150 174/181/174
f 149/155/149 174/181/174 173/180/173
f 150/156/150 151/157/151 175/182/175
f 150/156/150 175/182/175 174/181/174
f 151/157/151 152/158/152 176/183/176
f 151/157/151 176/183/176 175/182/175
f 152/158/152 153/159/153 177/184/177
f 152/158/152 177/184/177 176/183/176
f 153/159/153 154/160/154 178/185/178
f 153/159/153 178/185/178 177/184/177
f 154/160/154 155/161/155 179/186/179
f 154/160/154 179/186/179 178/185/178
f 155/161/155 156/162/156 180/187/180
f 155/161/155 180/187/180 179/186/179
f 156/162/156 157/163/157 181/188/181
f 156/162/156 181/188/181 180/187/180
f 157/163/157 158/164/158 182/189/182
f 157/163/157 182/189/182 181/188/181
f 158/164/158 159/165/159 183/190/183
f 158/164/158 183/190/183 182/189/182
f 159/165/159 160/166/160 184/191/184
f 159/165/159 184/191/184 183/190/183
f 160/166/160 161/167/161 185/192/185
f 160/166/160 185/192/185 184/191/184
f 161/167/161 162/168/162 186/193/186
f 161/167/161 186/193/186 185/192/185
f 162/168/162 163/169/163 187/194/187
f 162/168/162 187/194/187 186/193/186
f 163/169/163 164/170/164 188/195/188
f 163/169/163 188/195/188 187/194/187
f 164/170/164 165/171/165 189/196/189
f 164/170/164 189/196/189 188/195/188
f 165/171/165 166/172/166 190/197/190
f 165/171/165 190/197/190 189/196/189
f 166/172/166 167/173/167 191/198/191
f 166/172/166 191/198/191 190/197/190
f 167/173/167 168/174/168 192/199/192
f 167/173/167 192/199/192 191/198/191
f 168/174/168 145/175/145 169/200/169
f 168/174/168 169/200/169 192/199/192
f 169/176/169 170/177/170 194/202/194
f 169/176/169 194/202/194 193/201/193
f 170/177/170 171/178/171 195/203/195
f 170/177/170 195/203/195 194/202/194
f 171/178/171 172/179/172 196/204/196
f 171/178/171 196/204/196 195/203/195
f 172/179/172 173/180/173 197/205/197
f 172/179/172 197/205/197 196/204/196
f 173/180/173 174/181/174 198/206/198
f 173/180/173 198/206/198 197/205/197
f 174/181/174 175/182/175 199/207/199
f 174/181/174 199/207/199 198/206/198
f 175/182/175 176/183/176 200/208/200
f 175/182/175 200/208/200 199/207/199
f 176/183/176 177/184/177 201/209/201
f 176/183/176 201/209/201 200/208/200
f 177/184/177 178/185/178 202/210/202
f 177/184/177 202/210/202 201/209/201
f 178/185/178 179/186/179 203/211/203
f 178/185/178 203/211/203 202/210/202
f 179/186/179 180/187/180 204/212/204
f 179/186/179 204/212/204 203/211/203
f 180/187/180 181/188/181 205/213/205
f 180/187/180 205/213/205 204/212/204
f 181/188/181 182/189/182 206/214/206
f 181/188/181 206/214/206 205/213/205
f 182/189/182 183/190/183 207/215/207
f 182/189/182 207/215/207 206/214/206
f 183/190/183 184/191/184 208/216/208
f 183/190/183 208/216/208 207/215/207
f 184/191/184 185/192/185 209/217/209
f 184/191/184 209/217/209 208/216/208
f 185/192/185 186/193/186 210/218/210
f 185/192/185 210/218/210 209/217/209
f 186/193/186 187/194/187 211/219/211
f 186/193/186 211/219/211 210/218/210
f 187/194/187 188/195/188 212/220/212
f 187/194/187 212/220/212 211/219/211
f 188/195/188 189/196/189 213/221/213
f 188/195/188 213/221/213 212/220/212
f 189/196/189 190/197/190 214/222/214
f 189/196/189 214/222/214 213/221/213
f 190/197/190 191/198/191 215/223/215
f 190/197/190 215/223/215 214/222/214
f 191/198/191 192/199/192 216/224/216
f 191/198/191 216/224/216 215/223/215
f 192/199/192 169/200/169 193/225/193
f 192/199/192 193/225/193 216/224/216
f 193/201/193 194/202/194 218/227/218
f 193/201/193 218/227/218 217/226/217
f 194/202/194 195/203/195 219/228/219
f 194/202/194 219/228/219 218/227/218
f 195/203/195 196/204/196 220/229/220
f 195/203/195 220/229/220 219/228/219
f 196/204/196 197/205/197 221/230/221
f 196/204/196 221/230/221 220/229/220
f 197/205/197 198/206/198 222/231/222
f 197/205/197 222/231/222 221/230/221
f 198/206/198 199/207/199 223/232/223
f 198/206/198 223/232/223 222/231/222
f 199/207/199 200/208/200 224/233/224
f 199/207/199 224/233/224 223/232/223
f 200/208/200 201/209/201 225/234/225
f 200/208/200 225/234/225 224/233/224
f 201/209/201 202/210/202 226/235/226
f 201/209/201 226/235/226 225/234/225
f 202/210/202 203/211/203 227/236/227
f 202/210/202 227/236/227 226/235/226
f 203/211/203 204/212/204 228/237/228
f 203/211/203 228/237/228 227/236/227
f 204/212/204 205/213/205 229/238/229
f 204/212/204 229/238/229 228/237/228
f 205/213/205 206/214/206 230/239/230
f 205/213/205 230/239/230 229/238/229
f 206/214/206 207/215/207 231/240/231
f 206/214/206 231/240/231 230/239/230
f 207/215/207 208/216/208 232/241/232
f 207/215/207 232/241/232 231/240/231
f 208/216/208 209/217/209 233/242/233
f 208/216/208 233/242/233 232/241/232
f 209/217/209 210/218/210 234/243/234
f 209/217/209 234/243/234 233/242/233
f 210/218/210 211/219/211 235/244/235
f 210/218/210 235/244/235 234/243/234
f 211/219/211 212/220/212 236/245/236
f 211/219/211 236/245/236 235/244/235
f 212/220/212 213/221/213 237/246/237
f 212/220/212 237/246/237 236/245/236
f 213/221/213 214/222/214 238/247/238
f 213/221/213 238/247/238 237/246/237
f 214/222/214 215/223/215 239/248/239
f 214/222/214 239/248/239 238/247/238
f 215/223/215 216/224/216 240/249/240
f 215/223/215 240/249/240 239/248/239
f 216/224/216 193/225/193 217/250/217
f 216/224/216 217/250/217 240/249/240
f 217/226/217 218/227/218 242/252/242
f 217/226/217 242/252/242 241/251/241
f 218/227/218 219/228/219 243/253/243
f 218/227/218 243/253/243 242/252/242
f 219/228/219 220/229/220 244/254/244
f 219/228/219 244/254/244 243/253/243
f 220/229/220 221/230/221 245/255/245
f 220/229/220 245/255/245 244/254/244
f 221/230/221 222/231/222 246/256/246
f 221/230/221 246/256/246 245/255/245
f 222/231/222 223/232/223 247/257/247
f 222/231/222 247/257/247 246/256/246
f 223/232/223 224/233/224 248/258/248
f 223/232/223 248/258/248 247/257/247
f 224/233/224 225/234/225 249/259/249
f 224/233/224 249/259/249 248/258/248
f 225/234/225 226/235/226 250/260/250
f 225/234/225 250/260/250 249/259/249
f 226/235/226 227/236/227 251/261/251
f 226/235/226 251/261/251 250/260/250
f 227/236/227 228/237/228 252/262/252
f 227/236/227 252/262/252 251/261/251
f 228/237/228 229/238/229 253/263/253
f 228/237/228 253/263/253 252/262/252
f 229/238/229 230/239/230 254/264/254
f 229/238/229 254/264/254 253/263/253
f 230/239/230 231/240/231 255/265/255
f 230/239/230 255/265/255 254/264/254
f 231/240/231 232/241/232 256/266/256
f 231/240/231 256/266/256 255/265/255
f 232/241/232 233/242/233 257/267/257
f 232/241/232 257/267/257 256/266/256
f 233/242/233 234/243/234 258/268/258
f 233/242/233 258/268/258 257/267/257
f 234/243/234 235/244/235 259/269/259
f 234/243/234 259/269/259 258/268/258
f 235/244/235 236/245/236 260/270/260
f 235/244/235 260/270/260 259/269/259
f 236/245/236 237/246/237 261/271/261
f 236/245/236 261/271/261 260/270/260
f 237/246/237 238/247/238 262/272/262
f 237/246/237 262/272/262 261/271/261
f 238/247/238 239/248/239 263/273/263
f 238/247/238 263/273/263 262/272/262
f 239/248/239 240/249/240 264/274/264
f 239/248/239 264/274/264 263/273/263
f 240/249/240 217/250/217 241/275/241
f 240/249/240 241/275/241 264/274/264
f 241/251/241 242/252/242 266/277/266
f 241/251/241 266/277/266 265/276/265
f 242/252/242 243/253/243 267/278/267
f 242/252/242 267/278/267 266/277/266
f 243/253/243 244/254/244 268/279/268
f 243/253/243 268/279/268 267/278/267
f 244/254/244 245/255/245 269/280/269
f 244/254/244 269/280/269 268/279/268
f 245/255/245 246/256/246 270/281/270
f 245/255/245 270/281/270 269/280/269
f 246/256/246 247/257/247 271/282/271
f 246/256/246 271/282/271 270/281/270
f 247/257/247 248/258/248 272/283/272
f 247/257/247 272/283/272 271/282/271
f 248/258/248 249/259/249 273/284/273
f 248/258/248 273/284/273 272/283/272
f 249/259/249 250/260/250 274/285/274
f 249/259/249 274/285/274 273/284/273
f 250/260/250 251/261/251 275/286/275
f 250/260/250 275/286/275 274/285/274
f 251/261/251 252/262/252 276/287/276
f 251/261/251 276/287/276 275/286/275
f 252/262/252 253/263/253 277/288/277
f 252/262/252 277/288/277 276/287/276
f 253/263/253 254/264/254 278/289/278
f 253/263/253 278/289/278 277/288/277
f 254/264/254 255/265/255 279/290/279
f 254/264/254 279/290/279 278/289/278
f 255/265/255 256/266/256 280/291/280
f 255/265/255 280/291/280 279/290/279
f 256/266/256 257/267/257 281/292/281
f 256/266/256 281/292/281 280/291/280
f 257/267/257 258/268/258 282/293/282
f 257/267/257 282/293/282 281/292/281
f 258/268/258 259/269/259 283/294/283
f 258/268/258 283/294/283 282/293/282
f 259/269/259 260/270/260 284/295/284
f 259/269/259 284/295/284 283/294/283
f 260/270/260 261/271/261 285/296/285
f 260/270/260 285/296/285 284/295/284
f 261/271/261 262/272/262 286/297/286
f 261/271/261 286/297/286 285/296/285
f 262/272/262 263/273/263 287/298/287
f 262/272/262 287/298/287 286/297/286
f 263/273/263 264/274/264 288/299/288
f 263/273/263 288/299/288 287/298/287
f 264/274/264 241/275/241 265/300/265
f 264/274/264 265/300/265 288/299/288
f 265/276/265 266/277/266 290/302/290
f 265/276/265 290/302/290 289/301/289
f 266/277/266 267/278/267 291/303/291
f 266/277/266 291/303/291 290/302/290
f 267/278/267 268/279/268 292/304/292
f 267/278/267 292/304/292 291/303/291
f 268/279/268 269/280/269 293/305/293
f 268/279/268 293/305/293 292/304/292
f 269/280/269 270/281/270 294/306/294
f 269/280/269 294/306/294 293/305/293
f 270/281/270 271/282/271 295/307/295
f 270/281/270 295/307/295 294/306/294
f 271/282/271 272/283/272 296/308/296
f 271/282/271 296/308/296 295/307/295
f 272/283/272 273/284/273 297/309/297
f 272/283/272 297/309/297 296/308/296
f 273/284/273 274/285/274 298/310/298
f 273/284/273 298/310/298 297/309/297
f 274/285/274 275/286/275 299/311/299
f 274/285/274 299/311/299 298/310/298
f 275/286/275 276/287/276 300/312/300
f 275/286/275 300/312/300 299/311/299
f 276/287/276 277/288/277 301/313/301
f 276/287/276 301/313/301 300/312/300
f 277/288/277 278/289/278 302/314/302
f 277/288/277 302/314/302 301/313/301
f 278/289/278 279/290/279 303/315/303
f 278/289/278 303/315/303 302/314/302
f 279/290/279 280/291/280 304/316/304
f 279/290/279 304/316/304 303/315/303
f 280/291/280 281/292/281 305/317/305
f 280/291/280 305/317/305 304/316/304
f 281/292/281 282/293/282 306/318/306
f 281/292/281 306/318/306 305/317/305
f 282/293/282 283/294/283 307/319/307
f 282/293/282 307/319/307 306/318/306
f 283/294/283 284/295/284 308/320/308
f 283/294/283 308/320/308 307/319/307
f 284/295/284 285/296/285 309/321/309
f 284/295/284 309/321/309 308/320/308
f 285/296/285 286/297/286 310/322/310
f 285/296/285 310/322/310 309/321/309
f 286/297/286 287/298/287 311/323/311
f 286/297/286 311/323/311 310/322/310
f 287/298/287 288/299/288 312/324/312
f 287/298/287 312/324/312 311/323/311
f 288/299/288 265/300/265 289/325/289
f 288/299/288 289/325/289 312/324/312
f 289/301/289 290/302/290 314/327/314
f 289/301/289 314/327/314 313/326/313
f 290/302/290 291/303/291 315/328/315
f 290/302/290 315/328/315 314/327/314
f 291/303/291 292/304/292 316/329/316
f 291/303/291 316/329/316 315/328/315
f 292/304/292 293/305/293 317/330/317
f 292/304/292 317/330/317 316/329/316
f 293/305/293 294/306/294 318/331/318
f 293/305/293 318/331/318 317/330/317
f 294/306/294 295/307/295 319/332/319
f 294/306/294 319/332/319 318/331/318
f 295/307/295 296/308/296 320/333/320
f 295/307/295 320/333/320 319/332/319
f 296/308/296 297/309/297 321/334/321
f 296/308/296 321/334/321 320/333/320
f 297/309/297 298/310/298 322/335/322
f 297/309/297 322/335/322 321/334/321
f 298/310/298 299/311/299 323/336/323
f 298/310/298 323/336/323 322/335/322
f 299/311/299 300/312/300 324/337/324
f 299/311/299 324/337/324 323/336/323
f 300/312/300 301/313/301 325/338/325
f 300/312/300 325/338/325 324/337/324
f 301/313/301 302/314/302 326/339/326
f 301/313/301 326/339/326 325/338/325
f 302/314/302 303/315/303 327/340/327
f 302/314/302 327/340/327 326/339/326
f 303/315/303 304/316/304 328/341/328
f 303/315/303 328/341/328 327/340/327
f 304/316/304 305/317/305 329/342/329
f 304/316/304 329/342/329 328/341/328
f 305/317/305 306/318/306 330/343/330
f 305/317/305 330/343/330 329/342/329
f 306/318/306 307/319/307 331/344/331
f 306/318/306 331/344/331 330/343/330
f 307/319/307 308/320/308 332/345/332
f 307/319/307 332/345/332 331/344/331
f 308/320/308 309/321/309 333/346/333
f 308/320/308 333/346/333 332/345/332
f 309/321/309 310/322/310 334/347/334
f 309/321/309 334/347/334 333/346/333
f 310/322/310 311/323/311 335/348/335
f 310/322/310 335/348/335 334/347/334
f 311/323/311 312/324/312 336/349/336
f 311/323/311 336/349/336 335/348/335
f 312/324/312 289/325/289 313/350/313
f 312/324/312 313/350/313 336/349/336
f 313/326/313 314/327/314 338/352/338
f 313/326/313 338/352/338 337/351/337
f 314/327/314 315/328/315 339/353/339
f 314/327/314 339/353/339 338/352/338
f 315/328/315 316/329/316 340/354/340
f 315/328/315 340/354/340 339/353/339
f 316/329/316 317/330/317 341/355/341
f 316/329/316 341/355/341 340/354/340
f 317/330/317 318/331/318 342/356/342
f 317/330/317 342/356/342 341/355/341
f 318/331/318 319/332/319 343/357/343
f 318/331/318 343/357/343 342/356/342
f 319/332/319 320/333/320 344/358/344
f 319/332/319 344/358/344 343/357/343
f 320/333/320 321/334/321 345/359/345
f 320/333/320 345/359/345 344/358/344
f 321/334/321 322/335/322 346/360/346
f 321/334/321 346/360/346 345/359/345
f 322/335/322 323/336/323 347/361/347
f 322/335/322 347/361/347 346/360/346
f 323/336/323 324/337/324 348/362/348
f 323/336/323 348/362/348 347/361/347
f 324/337/324 325/338/325 349/363/349
f 324/337/324 349/363/349 348/362/348
f 325/338/325 326/339/326 350/364/350
f 325/338/325 350/364/350 349/363/349
f 326/339/326 327/340/327 351/365/351
f 326/339/326 351/365/351 350/364/350
f 327/340/327 328/341/328 352/366/352
f 327/340/327 352/366/352 351/365/351
f 328/341/328 329/342/329 353/367/353
f 328/341/328 353/367/353 352/366/352
f 329/342/329 330/343/330 354/368/354
f 329/342/329 354/368/354 353/367/353
f 330/343/330 331/344/331 355/369/355
f 330/343/330 355/369/355 354/368/354
f 331/344/331 332/345/332 356/370/356
f 331/344/331 356/370/356 355/369/355
f 332/345/332 333/346/333 357/371/357
f 332/345/332 357/371/357 356/370/356
f 333/346/333 334/347/334 358/372/358
f 333/346/333 358/372/358 357/371/357
f 334/347/334 335/348/335 359/373/359
f 334/347/334 359/373/359 358/372/358
f 335/348/335 336/349/336 360/374/360
f 335/348/335 360/374/360 359/373/359
f 336/349/336 313/350/313 337/375/337
f 336/349/336 337/375/337 360/374/360
f 337/351/337 338/352/338 362/377/362
f 337/351/337 362/377/362 361/376/361
f 338/352/338 339/353/339 363/378/363
f 338/352/338 363/378/363 362/377/362
f 339/353/339 340/354/340 364/379/364
f 339/353/339 364/379/364 363/378/363
f 340/354/340 341/355/341 365/380/365
f 340/354/340 365/380/365 364/379/364
f 341/355/341 342/356/342 366/381/366
f 341/355/341 366/381/366 365/380/365
f 342/356/342 343/357/343 367/382/367
f 342/356/342 367/382/367 366/381/366
f 343/357/343 344/358/344 368/383/368
f 343/357/343 368/383/368 367/382/367
f 344/358/344 345/359/345 369/384/369
f 344/358/344 369/384/369 368/383/368
f 345/359/345 346/360/346 370/385/370
f 345/359/345 370/385/370 369/384/369
f 346/360/346 347/361/347 371/386/371
f 346/360/346 371/386/371 370/385/370
f 347/361/347 348/362/348 372/387/372
f 347/361/347 372/387/372 371/386/371
f 348/362/348 349/363/349 373/388/373
f 348/362/348 373/388/373 372/387/372
f 349/363/349 350/364/350 374/389/374
f 349/363/349 374/389/374 373/388/373
f 350/364/350 351/365/351 375/390/375
f 350/364/350 375/390/375 374/389/374
f 351/365/351 352/366/352 376/391/376
f 351/365/351 376/391/376 375/390/375
f 352/366/352 353/367/353 377/392/377
f 352/366/352 377/392/377 376/391/376
f 353/367/353 354/368/354 378/393/378
f 353/367/353 378/393/378 377/392/377
f 354/368/354 355/369/355 379/394/379
f 354/368/354 379/394/379 378/393/378
f 355/369/355 356/370/356 380/395/380
f 355/369/355 380/395/380 379/394/379
f 356/370/356 357/371/357 381/396/381
f 356/370/356 381/396/381 380/395/380
f 357/371/357 358/372/358 382/397/382
f 357/371/357 382/397/382 381/396/381
f 358/372/358 359/373/359 383/398/383
f 358/372/358 383/398/383 382/397/382
f 359/373/359 360/374/360 384/399/384
f 359/373/359 384/399/384 383/398/383
f 360/374/360 337/375/337 361/400/361
f 360/374/360 361/400/361 384/399/384
f 361/376/361 362/377/362 386/402/386
f 361/376/361 386/402/386 385/401/385
f 362/377/362 363/378/363 387/403/387
f 362/377/362 387/403/387 386/402/386
f 363/378/363 364/379/364 388/404/388
f 363/378/363 388/404/388 387/403/387
f 364/379/364 365/380/365 389/405/389
f 364/379/364 389/405/389 388/404/388
f 365/380/365 366/381/366 390/406/390
f 365/380/365 390/406/390 389/405/389
f 366/381/366 367/382/367 391/407/391
f 366/381/366 391/407/391 390/406/390
f 367/382/367 368/383/368 392/408/392
f 367/382/367 392/408/392 391/407/391
f 368/383/368 369/384/369 393/409/393
f 368/383/368 393/409/393 392/408/392
f 369/384/369 370/385/370 394/410/394
f 369/384/369 394/410/394 393/409/393
f 370/385/370 371/386/371 395/411/395
f 370/385/370 395/411/395 394/410/394
f 371/386/371 372/387/372 396/412/396
f 371/386/371 396/412/396 395/411/395
f 372/387/372 373/388/373 397/413/397
f 372/387/372 397/413/397 396/412/396
f 373/388/373 374/389/374 398/414/398
f 373/388/373 398/414/398 397/413/397
f 374/389/374 375/390/375 399/415/399
f 374/389/374 399/415/399 398/414/398
f 375/390/375 376/391/376 400/416/400
f 375/390/375 400/416/400 399/415/399
f 376/391/376 377/392/377 401/417/401
f 376/391/376 401/417/401 400/416/400
f 377/392/377 378/393/378 402/418/402
f 377/392/377 402/418/402 401/417/401
f 378/393/378 379/394/379 403/419/403
f 378/393/378 403/419/403 402/418/402
f 379/394/379 380/395/380 404/420/404
f 379/394/379 404/420/404 403/419/403
f 380/395/380 381/396/381 405/421/405
f 380/395/380 405/421/405 404/420/404
f 381/396/381 382/397/382 406/422/406
f 381/396/381 406/422/406 405/421/405
f 382/397/382 383/398/383 407/423/407
f 382/397/382 407/423/407 406/422/406
f 383/398/383 384/399/384 408/424/408
f 383/398/383 408/424/408 407/423/407
f 384/399/384 361/400/361 385/425/385
f 384/399/384 385/425/385 408/424/408
f 385/401/385 386/402/386 410/427/410
f 385/401/385 410/427/410 409/426/409
f 386/402/386 387/403/387 411/428/411
f 386/402/386 411/428/411 410/427/410
f 387/403/387 388/404/388 412/429/412
f 387/403/387 412/429/412 411/428/411
f 388/404/388 389/405/389 413/430/413
f 388/404/388 413/430/413 412/429/412
f 389/405/389 390/406/390 414/431/414
f 389/405/389 414/431/414 413/430/413
f 390/406/390 391/407/391 415/432/415
f 390/406/390 415/432/415 414/431/414
f 391/407/391 392/408/392 416/433/416
f 391/407/391 416/433/416 415/432/415
f 392/408/392 393/409/393 417/434/417
f 392/408/392 417/434/417 416/433/416
f 393/409/393 394/410/394 418/435/418
f 393/409/393 418/435/418 417/434/417
f 394/410/394 395/411/395 419/436/419
f 394/410/394 419/436/419 418/435/418
f 395/411/395 396/412/396 420/437/420
f 395/411/395 420/437/420 419/436/419
f 396/412/396 397/413/397 421/438/421
f 396/412/396 421/438/421 420/437/420
f 397/413/397 398/414/398 422/439/422
f 397/413/397 422/439/422 421/438/421
f 398/414/398 399/415/399 423/440/423
f 398/414/398 423/440/423 422/439/422
f 399/415/399 400/416/400 424/441/424
f 399/415/399 424/441/424 423/440/423
f 400/416/400 401/417/401 425/442/425
f 400/416/400 425/442/425 424/441/424
f 401/417/401 402/418/402 426/443/426
f 401/417/401 426/443/426 425/442/425
f 402/418/402 403/419/403 427/444/427
f 402/418/402 427/444/427 426/443/426
f 403/419/403 404/420/404 428/445/428
f 403/419/403 428/445/428 427/444/427
f 404/420/404 405/421/405 429/446/429
f 404/420/404 429/446/429 428/445/428
f 405/421/405 406/422/406 430/447/430
f 405/421/405 430/447/430 429/446/429
f 406/422/406 407/423/407 431/448/431
f 406/422/406 431/448/431 430/447/430
f 407/423/407 408/424/408 432/449/432
f 407/423/407 432/449/432 431/448/431
f 408/424/408 385/425/385 409/450/409
f 408/424/408 409/450/409 432/449/432
f 409/426/409 410/427/410 434/452/434
f 409/426/409 434/452/434 433/451/433
f 410/427/410 411/428/411 435/453/435
f 410/427/410 435/453/435 434/452/434
f 411/428/411 412/429/412 436/454/436
f 411/428/411 436/454/436 435/453/435
f 412/429/412 413/430/413 437/455/437
f 412/429/412 437/455/437 436/454/436
f 413/430/413 414/431/414 438/456/438
f 413/430/413 438/456/438 437/455/437
f 414/431/414 415/432/415 439/457/439
f 414/431/414 439/457/439 438/456/438
f 415/432/415 416/433/416 440/458/440
f 415/432/415 440/458/440 439/457/439
f 416/433/416 417/434/417 441/459/441
f 416/433/416 441/459/441 440/458/440
f 417/434/417 418/435/418 442/460/442
f 417/434/417 442/460/442 441/459/441
f 418/435/418 419/436/419 443/461/443
f 418/435/418 443/461/443 442/460/442
f 419/436/419 420/437/420 444/462/444
f 419/436/419 444/462/444 443/461/443
f 420/437/420 421/438/421 445/463/445
f 420/437/420 445/463/445 444/462/444
f 421/438/421 422/439/422 446/464/446
f 421/438/421 446/464/446 445/463/445
f 422/439/422 423/440/423 447/465/447
f 422/439/422 447/465/447 446/464/446
f 423/440/423 424/441/424 448/466/448
f 423/440/423 448/466/448 447/465/447
f 424/441/424 425/442/425 449/467/449
f 424/441/424 449/467/449 448/466/448
f 425/442/425 426/443/426 450/468/450
f 425/442/425 450/468/450 449/467/449
f 426/443/426 427/444/427 451/469/451
f 426/443/426 451/469/451 450/468/450
f 427/444/427 428/445/428 452/470/452
f 427/444/427 452/470/452 451/469/451
f 428/445/428 429/446/429 453/471/453
f 428/445/428 453/471/453 452/470/452
f 429/446/429 430/447/430 454/472/454
f 429/446/429 454/472/454 453/471/453
f 430/447/430 431/448/431 455/473/455
f 430/447/430 455/473/455 454/472/454
f 431/448/431 432/449/432 456/474/456
f 431/448/431 456/474/456 455/473/455
f 432/449/432 409/450/409 433/475/433
f 432/449/432 433/475/433 456/474/456
f 433/451/433 434/452/434 458/477/458
f 433/451/433 458/477/458 457/476/457
f 434/452/434 435/453/435 459/478/459
f 434/452/434 459/478/459 458/477/458
f 435/453/435 436/454/436 460/479/460
f 435/453/435 460/479/460 459/478/459
f 436/454/436 437/455/437 461/480/461
f 436/454/436 461/480/461 460/479/460
f 437/455/437 438/456/438 462/481/462
f 437/455/437 462/481/462 461/480/461
f 438/456/438 439/457/439 463/482/463
f 438/456/438 463/482/463 462/481/462
f 439/457/439 440/458/440 464/483/464
f 439/457/439 464/483/464 463/482/463
f 440/458/440 441/459/441 465/484/465
f 440/458/440 465/484/465 464/483/464
f 441/459/441 442/460/442 466/485/466
f 441/459/441 466/485/466 465/484/465
f 442/460/442 443/461/443 467/486/467
f 442/460/442 467/486/467 466/485/466
f 443/461/443 444/462/444 468/487/468
f 443/461/443 468/487/468 467/486/467
f 444/462/444 445/463/445 469/488/469
f 444/462/444 469/488/469 468/487/468
f 445/463/445 446/464/446 470/489/470
f 445/463/445 470/489/470 469/488/469
f 446/464/446 447/465/447 471/490/471
f 446/464/446 471/490/471 470/489/470
f 447/465/447 448/466/448 472/491/472
f 447/465/447 472/491/472 471/490/471
f 448/466/448 449/467/449 473/492/473
f 448/466/448 473/492/473 472/491/472
f 449/467/449 450/468/450 474/493/474
f 449/467/449 474/493/474 473/492/473
f 450/468/450 451/469/451 475/494/475
f 450/468/450 475/494/475 474/493/474
f 451/469/451 452/470/452 476/495/476
f 451/469/451 476/495/476 475/494/475
f 452/470/452 453/471/453 477/496/477
f 452/470/452 477/496/477 476/495/476
f 453/471/453 454/472/454 478/497/478
f 453/471/453 478/497/478 477/496/477
f 454/472/454 455/473/455 479/498/479
f 454/472/454 479/498/479 478/497/478
f 455/473/455 456/474/456 480/499/480
f 455/473/455 480/499/480 479/498/479
f 456/474/456 433/475/433 457/500/457
f 456/474/456 457/500/457 480/499/480
f 457/476/457 458/477/458 482/502/482
f 457/476/457 482/502/482 481/501/481
f 458/477/458 459/478/459 483/503/483
f 458/477/458 483/503/483 482/502/482
f 459/478/459 460/479/460 484/504/484
f 459/478/459 484/504/484 483/503/483
f 460/479/460 461/480/461 485/505/485
f 460/479/460 485/505/485 484/504/484
f 461/480/461 462/481/462 486/506/486
f 461/480/461 486/506/486 485/505/485
f 462/481/462 463/482/463 487/507/487
f 462/481/462 487/507/487 486/506/486
f 463/482/463 464/483/464 488/508/488
f 463/482/463 488/508/488 487/507/487
f 464/483/464 465/484/465 489/509/489
f 464/483/464 489/509/489 488/508/488
f 465/484/465 466/485/466 490/510/490
f 465/484/465 490/510/490 489/509/489
f 466/485/466 467/486/467 491/511/491
f 466/485/466 491/511/491 490/510/490
f 467/486/467 468/487/468 492/512/492
f 467/486/467 492/512/492 491/511/491
f 468/487/468 469/488/469 493/513/493
f 468/487/468 493/513/493 492/512/492
f 469/488/469 470/489/470 494/514/494
f 469/488/469 494/514/494 493/513/493
f 470/489/470 471/490/471 495/515/495
f 470/489/470 495/515/495 494/514/494
f 471/490/471 472/491/472 496/516/496
f 471/490/471 496/516/496 495/515/495
f 472/491/472 473/492/473 497/517/497
f 472/491/472 497/517/497 496/516/496
f 473/492/473 474/493/474 498/518/498
f 473/492/473 498/518/498 497/517/497
f 474/493/474 475/494/475 499/519/499
f 474/493/474 499/519/499 498/518/498
f 475/494/475 476/495/476 500/520/500
f 475/494/475 500/520/500 499/519/499
f 476/495/476 477/496/477 501/521/501
f 476/495/476 501/521/501 500/520/500
f 477/496/477 478/497/478 502/522/502
f 477/496/477 502/522/502 501/521/501
f 478/497/478 479/498/479 503/523/503
f 478/497/478 503/523/503 502/522/502
f 479/498/479 480/499/480 504/524/504
f 479/498/479 504/524/504 503/523/503
f 480/499/480 457/500/457 481/525/481
f 480/499/480 481/525/481 504/524/504
f 481/501/481 482/502/482 506/527/506
f 481/501/481 506/527/506 505/526/505
f 482/502/482 483/503/483 507/528/507
f 482/502/482 507/528/507 506/527/506
f 483/503/483 484/504/484 508/529/508
f 483/503/483 508/529/508 507/528/507
f 484/504/484 485/505/485 509/530/509
f 484/504/484 509/530/509 508/529/508
f 485/505/485 486/506/486 510/531/510
f 485/505/485 510/531/510 509/530/509
f 486/506/486 487/507/487 511/532/511
f 486/506/486 511/532/511 510/531/510
f 487/507/487 488/508/488 512/533/512
f 487/507/487 512/533/512 511/532/511
f 488/508/488 489/509/489 513/534/513
f 488/508/488 513/534/513 512/533/512
f 489/509/489 490/510/490 514/535/514
f 489/509/489 514/535/514 513/534/513
f 490/510/490 491/511/491 515/536/515
f 490/510/490 515/536/515 514/535/514
f 491/511/491 492/512/492 516/537/516
f 491/511/491 516/537/516 515/536/515
f 492/512/492 493/513/493 517/538/517
f 492/512/492 517/538/517 516/537/516
f 493/513/493 494/514/494 518/539/518
f 493/513/493 518/539/518 517/538/517
f 494/514/494 495/515/495 519/540/519
f 494/514/494 519/540/519 518/539/518
f 495/515/495 496/516/496 520/541/520
f 495/515/495 520/541/520 519/540/519
f 496/516/496 497/517/497 521/542/521
f 496/516/496 521/542/521 520/541/520
f 497/517/497 498/518/498 522/543/522
f 497/517/497 522/543/522 521/542/521
f 498/518/498 499/519/499 523/544/523
f 498/518/498 523/544/523 522/543/522
f 499/519/499 500/520/500 524/545/524
f 499/519/499 524/545/524 523/544/523
f 500/520/500 501/521/501 525/546/525
f 500/520/500 525/546/525 524/545/524
f 501/521/501 502/522/502 526/547/526
f 501/521/501 526/547/526 525/546/525
f 502/522/502 503/523/503 527/548/527
f 502/522/502 527/548/527 526/547/526
f 503/523/503 504/524/504 528/549/528
f 503/523/503 528/549/528 527/548/527
f 504/524/504 481/525/481 505/550/505
f 504/524/504 505/550/505 528/549/528
f 505/526/505 506/527/506 530/552/530
f 505/526/505 530/552/530 529/551/529
f 506/527/506 507/528/507 531/553/531
f 506/527/506 531/553/531 530/552/530
f 507/528/507 508/529/508 532/554/532
f 507/528/507 532/554/532 531/553/531
f 508/529/508 509/530/509 533/555/533
f 508/529/508 533/555/533 532/554/532
f 509/530/509 510/531/510 534/556/534
f 509/530/509 534/556/534 533/555/533
f 510/531/510 511/532/511 535/557/535
f 510/531/510 535/557/535 534/556/534
f 511/532/511 512/533/512 536/558/536
f 511/532/511 536/558/536 535/557/535
f 512/533/512 513/534/513 537/559/537
f 512/533/512 537/559/537 536/558/536
f 513/534/513 514/535/514 538/560/538
f 513/534/513 538/560/538 537/559/537
f 514/535/514 515/536/515 539/561/539
f 514/535/514 539/561/539 538/560/538
f 515/536/515 516/537/516 540/562/540
f 515/536/515 540/562/540 539/561/539
f 516/537/516 517/538/517 541/563/541
f 516/537/516 541/563/541 540/562/540
f 517/538/517 518/539/518 542/564/542
f 517/538/517 542/564/542 541/563/541
f 518/539/518 519/540/519 543/565/543
f 518/539/518 543/565/543 542/564/542
f 519/540/519 520/541/520 544/566/544
f 519/540/519 544/566/544 543/565/543
f 520/541/520 521/542/521 545/567/545
f 520/541/520 545/567/545 544/566/544
f 521/542/521 522/543/522 546/568/546
f 521/542/521 546/568/546 545/567/545
f 522/543/522 523/544/523 547/569/547
f 522/543/522 547/569/547 546/568/546
f 523/544/523 524/545/524 548/570/548
f 523/544/523 548/570/548 547/569/547
f 524/545/524 525/546/525 549/571/549
f 524/545/524 549/571/549 548/570/548
f 525/546/525 526/547/526 550/572/550
f 525/546/525 550/572/550 549/571/549
f 526/547/526 527/548/527 551/573/551
f 526/547/526 551/573/551 550/572/550
f 527/548/527 528/549/528 552/574/552
f 527/548/527 552/574/552 551/573/551
f 528/549/528 505/550/505 529/575/529
f 528/549/528 529/575/529 552/574/552
f 529/551/529 530/552/530 554/577/554
f 529/551/529 554/577/554 553/576/553
f 530/552/530 531/553/531 555/578/555
f 530/552/530 555/578/555 554/577/554
f 531/553/531 532/554/532 556/579/556
f 531/553/531 556/579/556 555/578/555
f 532/554/532 533/555/533 557/580/557
f 532/554/532 557/580/557 556/579/556
f 533/555/533 534/556/534 558/581/558
f 533/555/533 558/581/558 557/580/557
f 534/556/534 535/557/535 559/582/559
f 534/556/534 559/582/559 558/581/558
f 535/557/535 536/558/536 560/583/560
f 535/557/535 560/583/560 559/582/559
f 536/558/536 537/559/537 561/584/561
f 536/558/536 561/584/561 560/583/560
f 537/559/537 538/560/538 562/585/562
f 537/559/537 562/585/562 561/584/561
f 538/560/538 539/561/539 563/586/563
f 538/560/538 563/586/563 562/585/562
f 539/561/539 540/562/540 564/587/564
f 539/561/539 564/587/564 563/586/563
f 540/562/540 541/563/541 565/588/565
f 540/562/540 565/588/565 564/587/564
f 541/563/541 542/564/542 566/589/566
f 541/563/541 566/589/566 565/588/565
f 542/564/542 543/565/543 567/590/567
f 542/564/542 567/590/567 566/589/566
f 543/565/543 544/566/544 568/591/568
f 543/565/543 568/591/568 567/590/567
f 544/566/544 545/567/545 569/592/569
f 544/566/544 569/592/569 568/591/568
f 545/567/545 546/568/546 570/593/570
f 545/567/545 570/593/570 569/592/569
f 546/568/546 547/569/547 571/594/571
f 546/568/546 571/594/571 570/593/570
f 547/569/547 548/570/548 572/595/572
f 547/569/547 572/595/572 571/594/571
f 548/570/548 549/571/549 573/596/573
f 548/570/548 573/596/573 572/595/572
f 549/571/549 550/572/550 574/597/574
f 549/571/549 574/597/574 573/596/573
f 550/572/550 551/573/551 575/598/575
f 550/572/550 575/598/575 574/597/574
f 551/573/551 552/574/552 576/599/576
f 551/573/551 576/599/576 575/598/575
f 552/574/552 529/575/529 553/600/553
f 552/574/552 553/600/553 576/599/576
f 553/576/553 554/577/554 578/602/578
f 553/576/553 578/602/578 577/601/577
f 554/577/554 555/578/555 579/603/579
f 554/577/554 579/603/579 578/602/578
f 555/578/555 556/579/556 580/604/580
f 555/578/555 580/604/580 579/603/579
f 556/579/556 557/580/557 581/605/581
f 556/579/556 581/605/581 580/604/580
f 557/580/557 558/581/558 582/606/582
f 557/580/557 582/606/582 581/605/581
f 558/581/558 559/582/559 583/607/583
f 558/581/558 583/607/583 582/606/582
f 559/582/559 560/583/560 584/608/584
f 559/582/559 584/608/584 583/607/583
f 560/583/560 561/584/561 585/609/585
f 560/583/560 585/609/585 584/608/584
f 561/584/561 562/585/562 586/610/586
f 561/584/561 586/610/586 585/609/585
f 562/585/562 563/586/563 587/611/587
f 562/585/562 587/611/587 586/610/586
f 563/586/563 564/587/564 588/612/588
f 563/586/563 588/612/588 587/611/587
f 564/587/564 565/588/565 589/613/589
f 564/587/564 589/613/589 588/612/588
f 565/588/565 566/589/566 590/614/590
f 565/588/565 590/614/590 589/613/589
f 566/589/566 567/590/567 591/615/591
f 566/589/566 591/615/591 590/614/590
f 567/590/567 568/591/568 592/616/592
f 567/590/567 592/616/592 591/615/591
f 568/591/568 569/592/569 593/617/593
f 568/591/568 593/617/593 592/616/592
f 569/592/569 570/593/570 594/618/594
f 569/592/569 594/618/594 593/617/593
f 570/593/570 571/594/571 595/619/595
f 570/593/570 595/619/595 594/618/594
f 571/594/571 572/595/572 596/620/596
f 571/594/571 596/620/596 595/619/595
f 572/595/572 573/596/573 597/621/597
f 572/595/572 597/621/597 596/620/596
f 573/596/573 574/597/574 598/622/598
f 573/596/573 598/622/598 597/621/597
f 574/597/574 575/598/575 599/623/599
f 574/597/574 599/623/599 598/622/598
f 575/598/575 576/599/576 600/624/600
f 575/598/575 600/624/600 599/623/599
f 576/599/576 553/600/553 577/625/577
f 576/599/576 577/625/577 600/624/600
f 577/601/577 578/602/578 602/627/602
f 577/601/577 602/627/602 601/626/601
f 578/602/578 579/603/579 603/628/603
f 578/602/578 603/628/603 602/627/602
f 579/603/579 580/604/580 604/629/604
f 579/603/579 604/629/604 603/628/603
f 580/604/580 581/605/581 605/630/605
f 580/604/580 605/630/605 604/629/604
f 581/605/581 582/606/582 606/631/606
f 581/605/581 606/631/606 605/630/605
f 582/606/582 583/607/583 607/632/607
f 582/606/582 607/632/607 606/631/606
f 583/607/583 584/608/584 608/633/608
f 583/607/583 608/633/608 607/632/607
f 584/608/584 585/609/585 609/634/609
f 584/608/584 609/634/609 608/633/608
f 585/609/585 586/610/586 610/635/610
f 585/609/585 610/635/610 609/634/609
f 586/610/586 587/611/587 611/636/611
f 586/610/586 611/636/611 610/635/610
f 587/611/587 588/612/588 612/637/612
f 587/611/587 612/637/612 611/636/611
f 588/612/588 589/613/589 613/638/613
f 588/612/588 613/638/613 612/637/612
f 589/613/589 590/614/590 614/639/614
f 589/613/589 614/639/614 613/638/613
f 590/614/590 591/615/591 615/640/615
f 590/614/590 615/640/615 614/639/614
f 591/615/591 592/616/592 616/641/616
f 591/615/591 616/641/616 615/640/615
f 592/616/592 593/617/593 617/642/617
f 592/616/592 617/642/617 616/641/616
f 593/617/593 594/618/594 618/643/618
f 593/617/593 618/643/618 617/642/617
f 594/618/594 595/619/595 619/644/619
f 594/618/594 619/644/619 618/643/618
f 595/619/595 596/620/596 620/645/620
f 595/619/595 620/645/620 619/644/619
f 596/620/596 597/621/597 621/646/621
f 596/620/596 621/646/621 620/645/620
f 597/621/597 598/622/598 622/647/622
f 597/621/597 622/647/622 621/646/621
f 598/622/598 599/623/599 623/648/623
f 598/622/598 623/648/623 622/647/622
f 599/623/599 600/624/600 624/649/624
f 599/623/599 624/649/624 623/648/623
f 600/624/600 577/625/577 601/650/601
f 600/624/600 601/650/601 624/649/624
f 601/626/601 602/627/602 626/652/626
f 601/626/601 626/652/626 625/651/625
f 602/627/602 603/628/603 627/653/627
f 602/627/602 627/653/627 626/652/626
f 603/628/603 604/629/604 628/654/628
f 603/628/603 628/654/628 627/653/627
f 604/629/604 605/630/605 629/655/629
f 604/629/604 629/655/629 628/654/628
f 605/630/605 606/631/606 630/656/630
f 605/630/605 630/656/630 629/655/629
f 606/631/606 607/632/607 631/657/631
f 606/631/606 631/657/631 630/656/630
f 607/632/607 608/633/608 632/658/632
f 607/632/607 632/658/632 631/657/631
f 608/633/608 609/634/609 633/659/633
f 608/633/608 633/659/633 632/658/632
f 609/634/609 610/635/610 634/660/634
f 609/634/609 634/660/634 633/659/633
f 610/635/610 611/636/611 635/661/635
f 610/635/610 635/661/635 634/660/634
f 611/636/611 612/637/612 636/662/636
f 611/636/611 636/662/636 635/661/635
f 612/637/612 613/638/613 637/663/637
f 612/637/612 637/663/637 636/662/636
f 613/638/613 614/639/614 638/664/638
f 613/638/613 638/664/638 637/663/637
f 614/639/614 615/640/615 639/665/639
f 614/639/614 639/665/639 638/664/638
f 615/640/615 616/641/616 640/666/640
f 615/640/615 640/666/640 639/665/639
f 616/641/616 617/642/617 641/667/641
f 616/641/616 641/667/641 640/666/640
f 617/642/617 618/643/618 642/668/642
f 617/642/617 642/668/642 641/667/641
f 618/643/618 619/644/619 643/669/643
f 618/643/618 643/669/643 642/668/642
f 619/644/619 620/645/620 644/670/644
f 619/644/619 644/670/644 643/669/643
f 620/645/620 621/646/621 645/671/645
f 620/645/620 645/671/645 644/670/644
f 621/646/621 622/647/622 646/672/646
f 621/646/621 646/672/646 645/671/645
f 622/647/622 623/648/623 647/673/647
f 622/647/622 647/673/647 646/672/646
f 623/648/623 624/649/624 648/674/648
f 623/648/623 648/674/648 647/673/647
f 624/649/624 601/650/601 625/675/625
f 624/649/624 625/675/625 648/674/648
f 625/651/625 626/652/626 650/677/650
f 625/651/625 650/677/650 649/676/649
f 626/652/626 627/653/627 651/678/651
f 626/652/626 651/678/651 650/677/650
f 627/653/627 628/654/628 652/679/82
f 627/653/627 652/679/82 651/678/651
f 628/654/628 629/655/629 653/680/652
f 628/654/628 653/680/652 652/679/82
f 629/655/629 630/656/630 654/681/653
f 629/655/629 654/681/653 653/680/652
f 630/656/630 631/657/631 655/682/654
f 630/656/630 655/682/654 654/681/653
f 631/657/631 632/658/632 656/683/655
f 631/657/631 656/683/655 655/682/654
f 632/658/632 633/659/633 657/684/656
f 632/658/632 657/684/656 656/683/655
f 633/659/633 634/660/634 658/685/76
f 633/659/633 658/685/76 657/684/656
f 634/660/634 635/661/635 659/686/657
f 634/660/634 659/686/657 658/685/76
f 635/661/635 636/662/636 660/687/658
f 635/661/635 660/687/658 659/686/657
f 636/662/636 637/663/637 661/688/659
f 636/662/636 661/688/659 660/687/658
f 637/663/637 638/664/638 662/689/660
f 637/663/637 662/689/660 661/688/659
f 638/664/638 639/665/639 663/690/661
f 638/664/638 663/690/661 662/689/660
f 639/665/639 640/666/640 664/691/662
f 639/665/639 664/691/662 663/690/661
f 640/666/640 641/667/641 665/692/663
f 640/666/640 665/692/663 664/691/662
f 641/667/641 642/668/642 666/693/664
f 641/667/641 666/693/664 665/692/663
f 642/668/642 643/669/643 667/694/665
f 642/668/642 667/694/665 666/693/664
f 643/669/643 644/670/644 668/695/666
f 643/669/643 668/695/666 667/694/665
f 644/670/644 645/671/645 669/696/667
f 644/670/644 669/696/667 668/695/666
f 645/671/645 646/672/646 670/697/668
f 645/671/645 670/697/668 669/696/667
f 646/672/646 647/673/647 671/698/669
f 646/672/646 671/698/669 670/697/668
f 647/673/647 648/674/648 672/699/670
f 647/673/647 672/699/670 671/698/669
f 648/674/648 625/675/625 649/700/649
f 648/674/648 649/700/649 672/699/670
f 649/676/649 650/677/650 674/702/672
f 649/676/649 674/702/672 673/701/671
f 650/677/650 651/678/651 675/703/673
f 650/677/650 675/703/673 674/702/672
f 651/678/651 652/679/82 676/704/674
f 651/678/651 676/704/674 675/703/673
f 652/679/82 653/680/652 677/705/675
f 652/679/82 677/705/675 676/704/674
f 653/680/652 654/681/653 678/706/676
f 653/680/652 678/706/676 677/705/675
f 654/681/653 655/682/654 679/707/677
f 654/681/653 679/707/677 678/706/676
f 655/682/654 656/683/655 680/708/678
f 655/682/654 680/708/678 679/707/677
f 656/683/655 657/684/656 681/709/679
f 656/683/655 681/709/679 680/708/678
f 657/684/656 658/685/76 682/710/680
f 657/684/656 682/710/680 681/709/679
f 658/685/76 659/686/657 683/711/681
f 658/685/76 683/711/681 682/710/680
f 659/686/657 660/687/658 684/712/682
f 659/686/657 684/712/682 683/711/681
f 660/687/658 661/688/659 685/713/683
f 660/687/658 685/713/683 684/712/682
f 661/688/659 662/689/660 686/714/684
f 661/688/659 686/714/684 685/713/683
f 662/689/660 663/690/661 687/715/685
f 662/689/660 687/715/685 686/714/684
f 663/690/661 664/691/662 688/716/686
f 663/690/661 688/716/686 687/715/685
f 664/691/662 665/692/663 689/717/687
f 664/691/662 689/717/687 688/716/686
f 665/692/663 666/693/664 690/718/688
f 665/692/663 690/718/688 689/717/687
f 666/693/664 667/694/665 691/719/689
f 666/693/664 691/719/689 690/718/688
f 667/694/665 668/695/666 692/720/690
f 667/694/665 692/720/690 691/719/689
f 668/695/666 669/696/667 693/721/691
f 668/695/666 693/721/691 692/720/690
f 669/696/667 670/697/668 694/722/692
f 669/696/667 694/722/692 693/721/691
f 670/697/668 671/698/669 695/723/693
f 670/697/668 695/723/693 694/722/692
f 671/698/669 672/699/670 696/724/694
f 671/698/669 696/724/694 695/723/693
f 672/699/670 649/700/649 673/725/671
f 672/699/670 673/725/671 696/724/694
f 673/701/671 674/702/672 698/727/696
f 673/701/671 698/727/696 697/726/695
f 674/702/672 675/703/673 699/728/697
f 674/702/672 699/728/697 698/727/696
f 675/703/673 676/704/674 700/729/698
f 675/703/673 700/729/698 699/728/697
f 676/704/674 677/705/675 701/730/699
f 676/704/674 701/730/699 700/729/698
f 677/705/675 678/706/676 702/731/700
f 677/705/675 702/731/700 701/730/699
f 678/706/676 679/707/677 703/732/701
f 678/706/676 703/732/701 702/731/700
f 679/707/677 680/708/678 704/733/702
f 679/707/677 704/733/702 703/732/701
f 680/708/678 681/709/679 705/734/703
f 680/708/678 705/734/703 704/733/702
f 681/709/679 682/710/680 706/735/704
f 681/709/679 706/735/704 705/734/703
f 682/710/680 683/711/681 707/736/705
f 682/710/680 707/736/705 706/735/704
f 683/711/681 684/712/682 708/737/706
f 683/711/681 708/737/706 707/736/705
f 684/712/682 685/713/683 709/738/707
f 684/712/682 709/738/707 708/737/706
f 685/713/683 686/714/684 710/739/708
f 685/713/683 710/739/708 709/738/707
f 686/714/684 687/715/685 711/740/709
f 686/714/684 711/740/709 710/739/708
f 687/715/685 688/716/686 712/741/710
f 687/715/685 712/741/710 711/740/709
f 688/716/686 689/717/687 713/742/711
f 688/716/686 713/742/711 712/741/710
f 689/717/687 690/718/688 714/743/712
f 689/717/687 714/743/712 713/742/711
f 690/718/688 691/719/689 715/744/713
f 690/718/688 715/744/713 714/743/712
f 691/719/689 692/720/690 716/745/714
f 691/719/689 716/745/714 715/744/713
f 692/720/690 693/721/691 717/746/715
f 692/720/690 717/746/715 716/745/714
f 693/721/691 694/722/692 718/747/716
f 693/721/691 718/747/716 717/746/715
f 694/722/692 695/723/693 719/748/717
f 694/722/692 719/748/717 718/747/716
f 695/723/693 696/724/694 720/749/718
f 695/723/693 720/749/718 719/748/717
f 696/724/694 673/725/671 697/750/695
f 696/724/694 697/750/695 720/749/718
f 697/726/695 698/727/696 722/752/720
f 697/726/695 722/752/720 721/751/719
f 698/727/696 699/728/697 723/753/721
f 698/727/696 723/753/721 722/752/720
f 699/728/697 700/729/698 724/754/722
f 699/728/697 724/754/722 723/753/721
f 700/729/698 701/730/699 725/755/723
f 700/729/698 725/755/723 724/754/722
f 701/730/699 702/731/700 726/756/724
f 701/730/699 726/756/724 725/755/723
f 702/731/700 703/732/701 727/757/725
f 702/731/700 727/757/725 726/756/724
f 703/732/701 704/733/702 728/758/726
f 703/732/701 728/758/726 727/757/725
f 704/733/702 705/734/703 729/759/727
f 704/733/702 729/759/727 728/758/726
f 705/734/703 706/735/704 730/760/728
f 705/734/703 730/760/728 729/759/727
f 706/735/704 707/736/705 731/761/729
f 706/735/704 731/761/729 730/760/728
f 707/736/705 708/737/706 732/762/730
f 707/736/705 732/762/730 731/761/729
f 708/737/706 709/738/707 733/763/731
f 708/737/706 733/763/731 732/762/730
f 709/738/707 710/739/708 734/764/732
f 709/738/707 734/764/732 733/763/731
f 710/739/708 711/740/709 735/765/733
f 710/739/708 735/765/733 734/764/732
f 711/740/709 712/741/710 736/766/734
f 711/740/709 736/766/734 735/765/733
f 712/741/710 713/742/711 737/767/735
f 712/741/710 737/767/735 736/766/734
f 713/742/711 714/743/712 738/768/736
f 713/742/711 738/768/736 737/767/735
f 714/743/712 715/744/713 739/769/737
f 714/743/712 739/769/737 738/768/736
f 715/744/713 716/745/714 740/770/738
f 715/744/713 740/770/738 739/769/737
f 716/745/714 717/746/715 741/771/739
f 716/745/714 741/771/739 740/770/738
f 717/746/715 718/747/716 742/772/740
f 717/746/715 742/772/740 741/771/739
f 718/747/716 719/748/717 743/773/741
f 718/747/716 743/773/741 742/772/740
f 719/748/717 720/749/718 744/774/742
f 719/748/717 744/774/742 743/773/741
f 720/749/718 697/750/695 721/775/719
f 720/749/718 721/775/719 744/774/742
f 721/751/719 722/752/720 746/777/744
f 721/751/719 746/777/744 745/776/743
f 722/752/720 723/753/721 747/778/745
f 722/752/720 747/778/745 746/777/744
f 723/753/721 724/754/722 748/779/746
f 723/753/721 748/779/746 747/778/745
f 724/754/722 725/755/723 749/780/747
f 724/754/722 749/780/747 748/779/746
f 725/755/723 726/756/724 750/781/748
f 725/755/723 750/781/748 749/780/747
f 726/756/724 727/757/725 751/782/749
f 726/756/724 751/782/749 750/781/748
f 727/757/725 728/758/726 752/783/750
f 727/757/725 752/783/750 751/782/749
f 728/758/726 729/759/727 753/784/751
f 728/758/726 753/784/751 752/783/750
f 729/759/727 730/760/728 754/785/752
f 729/759/727 754/785/752 753/784/751
f 730/760/728 731/761/729 755/786/753
f 730/760/728 755/786/753 754/785/752
f 731/761/729 732/762/730 756/787/754
f 731/761/729 756/787/754 755/786/753
f 732/762/730 733/763/731 757/788/755
f 732/762/730 757/788/755 756/787/754
f 733/763/731 734/764/732 758/789/756
f 733/763/731 758/789/756 757/788/755
f 734/764/732 735/765/733 759/790/757
f 734/764/732 759/790/757 758/789/756
f 735/765/733 736/766/734 760/791/758
f 735/765/733 760/791/758 759/790/757
f 736/766/734 737/767/735 761/792/759
f 736/766/734 761/792/759 760/791/758
f 737/767/735 738/768/736 762/793/760
f 737/767/735 762/793/760 761/792/759
f 738/768/736 739/769/737 763/794/761
f 738/768/736 763/794/761 762/793/760
f 739/769/737 740/770/738 764/795/762
f 739/769/737 764/795/762 763/794/761
f 740/770/738 741/771/739 765/796/763
f 740/770/738 765/796/763 764/795/762
f 741/771/739 742/772/740 766/797/764
f 741/771/739 766/797/764 765/796/763
f 742/772/740 743/773/741 767/798/765
f 742/772/740 767/798/765 766/797/764
f 743/773/741 744/774/742 768/799/766
f 743/773/741 768/799/766 767/798/765
f 744/774/742 721/775/719 745/800/743
f 744/774/742 745/800/743 768/799/766
f 745/776/743 746/777/744 770/802/768
f 745/776/743 770/802/768 769/801/767
f 746/777/744 747/778/745 771/803/769
f 746/777/744 771/803/769 770/802/768
f 747/778/745 748/779/746 772/804/770
f 747/778/745 772/804/770 771/803/769
f 748/779/746 749/780/747 773/805/771
f 748/779/746 773/805/771 772/804/770
f 749/780/747 750/781/748 774/806/772
f 749/780/747 774/806/772 773/805/771
f 750/781/748 751/782/749 775/807/773
f 750/781/748 775/807/773 774/806/772
f 751/782/749 752/783/750 776/808/774
f 751/782/749 776/808/774 775/807/773
f 752/783/750 753/784/751 777/809/775
f 752/783/750 777/809/775 776/808/774
f 753/784/751 754/785/752 778/810/776
f 753/784/751 778/810/776 777/809/775
f 754/785/752 755/786/753 779/811/777
f 754/785/752 779/811/777 778/810/776
f 755/786/753 756/787/754 780/812/778
f 755/786/753 780/812/778 779/811/777
f 756/787/754 757/788/755 781/813/779
f 756/787/754 781/813/779 780/812/778
f 757/788/755 758/789/756 782/814/780
f 757/788/755 782/814/780 781/813/779
f 758/789/756 759/790/757 783/815/781
f 758/789/756 783/815/781 782/814/780
f 759/790/757 760/791/758 784/816/782
f 759/790/757 784/816/782 783/815/781
f 760/791/758 761/792/759 785/817/783
f 760/791/758 785/817/783 784/816/782
f 761/792/759 762/793/760 786/818/784
f 761/792/759 786/818/784 785/817/783
f 762/793/760 763/794/761 787/819/785
f 762/793/760 787/819/785 786/818/784
f 763/794/761 764/795/762 788/820/786
f 763/794/761 788/820/786 787/819/785
f 764/795/762 765/796/763 789/821/787
f 764/795/762 789/821/787 788/820/786
f 765/796/763 766/797/764 790/822/788
f 765/796/763 790/822/788 789/821/787
f 766/797/764 767/798/765 791/823/789
f 766/797/764 791/823/789 790/822/788
f 767/798/765 768/799/766 792/824/790
f 767/798/765 792/824/790 791/823/789
f 768/799/766 745/800/743 769/825/767
f 768/799/766 769/825/767 792/824/790
f 769/801/767 770/802/768 794/827/792
f 769/801/767 794/827/792 793/826/791
f 770/802/768 771/803/769 795/828/793
f 770/802/768 795/828/793 794/827/792
f 771/803/769 772/804/770 796/829/794
f 771/803/769 796/829/794 795/828/793
f 772/804/770 773/805/771 797/830/795
f 772/804/770 797/830/795 796/829/794
f 773/805/771 774/806/772 798/831/796
f 773/805/771 798/831/796 797/830/795
f 774/806/772 775/807/773 799/832/797
f 774/806/772 799/832/797 798/831/796
f 775/807/773 776/808/774 800/833/798
f 775/807/773 800/833/798 799/832/797
f 776/808/774 777/809/775 801/834/799
f 776/808/774 801/834/799 800/833/798
f 777/809/775 778/810/776 802/835/800
f 777/809/775 802/835/800 801/834/799
f 778/810/776 779/811/777 803/836/801
f 778/810/776 803/836/801 802/835/800
f 779/811/777 780/812/778 804/837/802
f 779/811/777 804/837/802 803/836/801
f 780/812/778 781/813/779 805/838/803
f 780/812/778 805/838/803 804/837/802
f 781/813/779 782/814/780 806/839/804
f 781/813/779 806/839/804 805/838/803
f 782/814/780 783/815/781 807/840/805
f 782/814/780 807/840/805 806/839/804
f 783/815/781 784/816/782 808/841/806
f 783/815/781 808/841/806 807/840/805
f 784/816/782 785/817/783 809/842/807
f 784/816/782 809/842/807 808/841/806
f 785/817/783 786/818/784 810/843/808
f 785/817/783 810/843/808 809/842/807
f 786/818/784 787/819/785 811/844/809
f 786/818/784 811/844/809 810/843/808
f 787/819/785 788/820/786 812/845/810
f 787/819/785 812/845/810 811/844/809
f 788/820/786 789/821/787 813/846/811
f 788/820/786 813/846/811 812/845/810
f 789/821/787 790/822/788 814/847/812
f 789/821/787 814/847/812 813/846/811
f 790/822/788 791/823/789 815/848/813
f 790/822/788 815/848/813 814/847/812
f 791/823/789 792/824/790 816/849/814
f 791/823/789 816/849/814 815/848/813
f 792/824/790 769/825/767 793/850/791
f 792/824/790 793/850/791 816/849/814
f 793/826/791 794/827/792 818/852/816
f 793/826/791 818/852/816 817/851/815
f 794/827/792 795/828/793 819/853/817
f 794/827/792 819/853/817 818/852/816
f 795/828/793 796/829/794 820/854/818
f 795/828/793 820/854/818 819/853/817
f 796/829/794 797/830/795 821/855/819
f 796/829/794 821/855/819 820/854/818
f 797/830/795 798/831/796 822/856/820
f 797/830/795 822/856/820 821/855/819
f 798/831/796 799/832/797 823/857/821
f 798/831/796 823/857/821 822/856/820
f 799/832/797 800/833/798 824/858/822
f 799/832/797 824/858/822 823/857/821
f 800/833/798 801/834/799 825/859/823
f 800/833/798 825/859/823 824/858/822
f 801/834/799 802/835/800 826/860/824
f 801/834/799 826/860/824 825/859/823
f 802/835/800 803/836/801 827/861/825
f 802/835/800 827/861/825 826/860/824
f 803/836/801 804/837/802 828/862/826
f 803/836/801 828/862/826 827/861/825
f 804/837/802 805/838/803 829/863/827
f 804/837/802 829/863/827 828/862/826
f 805/838/803 806/839/804 830/864/828
f 805/838/803 830/864/828 829/863/827
f 806/839/804 807/840/805 831/865/829
f 806/839/804 831/865/829 830/864/828
f 807/840/805 808/841/806 832/866/830
f 807/840/805 832/866/830 831/865/829
f 808/841/806 809/842/807 833/867/831
f 808/841/806 833/867/831 832/866/830
f 809/842/807 810/843/808 834/868/832
f 809/842/807 834/868/832 833/867/831
f 810/843/808 811/844/809 835/869/833
f 810/843/808 835/869/833 834/868/832
f 811/844/809 812/845/810 836/870/834
f 811/844/809 836/870/834 835/869/833
f 812/845/810 813/846/811 837/871/835
f 812/845/810 837/871/835 836/870/834
f 813/846/811 814/847/812 838/872/836
f 813/846/811 838/872/836 837/871/835
f 814/847/812 815/848/813 839/873/837
f 814/847/812 839/873/837 838/872/836
f 815/848/813 816/849/814 840/874/838
f 815/848/813 840/874/838 839/873/837
f 816/849/814 793/850/791 817/875/815
f 816/849/814 817/875/815 840/874/838
f 817/851/815 818/852/816 842/877/840
f 817/851/815 842/877/840 841/876/839
f 818/852/816 819/853/817 843/878/841
f 818/852/816 843/878/841 842/877/840
f 819/853/817 820/854/818 844/879/842
f 819/853/817 844/879/842 843/878/841
f 820/854/818 821/855/819 845/880/843
f 820/854/818 845/880/843 844/879/842
f 821/855/819 822/856/820 846/881/844
f 821/855/819 846/881/844 845/880/843
f 822/856/820 823/857/821 847/882/845
f 822/856/820 847/882/845 846/881/844
f 823/857/821 824/858/822 848/883/846
f 823/857/821 848/883/846 847/882/845
f 824/858/822 825/859/823 849/884/847
f 824/858/822 849/884/847 848/883/846
f 825/859/823 826/860/824 850/885/848
f 825/859/823 850/885/848 849/884/847
f 826/860/824 827/861/825 851/886/849
f 826/860/824 851/886/849 850/885/848
f 827/861/825 828/862/826 852/887/850
f 827/861/825 852/887/850 851/886/849
f 828/862/826 829/863/827 853/888/851
f 828/862/826 853/888/851 852/887/850
f 829/863/827 830/864/828 854/889/852
f 829/863/827 854/889/852 853/888/851
f 830/864/828 831/865/829 855/890/853
f 830/864/828 855/890/853 854/889/852
f 831/865/829 832/866/830 856/891/854
f 831/865/829 856/891/854 855/890/853
f 832/866/830 833/867/831 857/892/855
f 832/866/830 857/892/855 856/891/854
f 833/867/831 834/868/832 858/893/856
f 833/867/831 858/893/856 857/892/855
f 834/868/832 835/869/833 859/894/857
f 834/868/832 859/894/857 858/893/856
f 835/869/833 836/870/834 860/895/858
f 835/869/833 860/895/858 859/894/857
f 836/870/834 837/871/835 861/896/859
f 836/870/834 861/896/859 860/895/858
f 837/871/835 838/872/836 862/897/860
f 837/871/835 862/897/860 861/896/859
f 838/872/836 839/873/837 863/898/861
f 838/872/836 863/898/861 862/897/860
f 839/873/837 840/874/838 864/899/862
f 839/873/837 864/899/862 863/898/861
f 840/874/838 817/875/815 841/900/839
f 840/874/838 841/900/839 864/899/862
f 841/876/839 842/877/840 866/902/864
f 841/876/839 866/902/864 865/901/863
f 842/877/840 843/878/841 867/903/865
f 842/877/840 867/903/865 866/902/864
f 843/878/841 844/879/842 868/904/866
f 843/878/841 868/904/866 867/903/865
f 844/879/842 845/880/843 869/905/867
f 844/879/842 869/905/867 868/904/866
f 845/880/843 846/881/844 870/906/868
f 845/880/843 870/906/868 869/905/867
f 846/881/844 847/882/845 871/907/869
f 846/881/844 871/907/869 870/906/868
f 847/882/845 848/883/846 872/908/870
f 847/882/845 872/908/870 871/907/869
f 848/883/846 849/884/847 873/909/871
f 848/883/846 873/909/871 872/908/870
f 849/884/847 850/885/848 874/910/872
f 849/884/847 874/910/872 873/909/871
f 850/885/848 851/886/849 875/911/873
f 850/885/848 875/911/873 874/910/872
f 851/886/849 852/887/850 876/912/874
f 851/886/849 876/912/874 875/911/873
f 852/887/850 853/888/851 877/913/875
f 852/887/850 877/913/875 876/912/874
f 853/888/851 854/889/852 878/914/876
f 853/888/851 878/914/876 877/913/875
f 854/889/852 855/890/853 879/915/877
f 854/889/852 879/915/877 878/914/876
f 855/890/853 856/891/854 880/916/878
f 855/890/853 880/916/878 879/915/877
f 856/891/854 857/892/855 881/917/879
f 856/891/854 881/917/879 880/916/878
f 857/892/855 858/893/856 882/918/880
f 857/892/855 882/918/880 881/917/879
f 858/893/856 859/894/857 883/919/881
f 858/893/856 883/919/881 882/918/880
f 859/894/857 860/895/858 884/920/882
f 859/894/857 884/920/882 883/919/881
f 860/895/858 861/896/859 885/921/883
f 860/895/858 885/921/883 884/920/882
f 861/896/859 862/897/860 886/922/884
f 861/896/859 886/922/884 885/921/883
f 862/897/860 863/898/861 887/923/885
f 862/897/860 887/923/885 886/922/884
f 863/898/861 864/899/862 888/924/886
f 863/898/861 888/924/886 887/923/885
f 864/899/862 841/900/839 865/925/863
f 864/899/862 865/925/863 888/924/886
f 865/901/863 866/902/864 890/927/888
f 865/901/863 890/927/888 889/926/887
f 866/902/864 867/903/865 891/928/889
f 866/902/864 891/928/889 890/927/888
f 867/903/865 868/904/866 892/929/890
f 867/903/865 892/929/890 891/928/889
f 868/904/866 869/905/867 893/930/891
f 868/904/866 893/930/891 892/929/890
f 869/905/867 870/906/868 894/931/892
f 869/905/867 894/931/892 893/930/891
f 870/906/868 871/907/869 895/932/893
f 870/906/868 895/932/893 894/931/892
f 871/907/869 872/908/870 896/933/894
f 871/907/869 896/933/894 895/932/893
f 872/908/870 873/909/871 897/934/895
f 872/908/870 897/934/895 896/933/894
f 873/909/871 874/910/872 898/935/896
f 873/909/871 898/935/896 897/934/895
f 874/910/872 875/911/873 899/936/897
f 874/910/872 899/936/897 898/935/896
f 875/911/873 876/912/874 900/937/898
f 875/911/873 900/937/898 899/936/897
f 876/912/874 877/913/875 901/938/899
f 876/912/874 901/938/899 900/937/898
f 877/913/875 878/914/876 902/939/900
f 877/913/875 902/939/900 901/938/899
f 878/914/876 879/915/877 903/940/901
f 878/914/876 903/940/901 902/939/900
f 879/915/877 880/916/878 904/941/902
f 879/915/877 904/941/902 903/940/901
f 880/916/878 881/917/879 905/942/903
f 880/916/878 905/942/903 904/941/902
f 881/917/879 882/918/880 906/943/904
f 881/917/879 906/943/904 905/942/903
f 882/918/880 883/919/881 907/944/905
f 882/918/880 907/944/905 906/943/904
f 883/919/881 884/920/882 908/945/906
f 883/919/881 908/945/906 907/944/905
f 884/920/882 885/921/883 909/946/907
f 884/920/882 909/946/907 908/945/906
f 885/921/883 886/922/884 910/947/908
f 885/921/883 910/947/908 909/946/907
f 886/922/884 887/923/885 911/948/909
f 886/922/884 911/948/909 910/947/908
f 887/923/885 888/924/886 912/949/910
f 887/923/885 912/949/910 911/948/909
f 888/924/886 865/925/863 889/950/887
f 888/924/886 889/950/887 912/949/910
f 889/926/887 890/927/888 914/952/912
f 889/926/887 914/952/912 913/951/911
f 890/927/888 891/928/889 915/953/913
f 890/927/888 915/953/913 914/952/912
f 891/928/889 892/929/890 916/954/914
f 891/928/889 916/954/914 915/953/913
f 892/929/890 893/930/891 917/955/915
f 892/929/890 917/955/915 916/954/914
f 893/930/891 894/931/892 918/956/916
f 893/930/891 918/956/916 917/955/915
f 894/931/892 895/932/893 919/957/917
f 894/931/892 919/957/917 918/956/916
f 895/932/893 896/933/894 920/958/918
f 895/932/893 920/958/918 919/957/917
f 896/933/894 897/934/895 921/959/919
f 896/933/894 921/959/919 920/958/918
f 897/934/895 898/935/896 922/960/920
f 897/934/895 922/960/920 921/959/919
f 898/935/896 899/936/897 923/961/921
f 898/935/896 923/961/921 922/960/920
f 899/936/897 900/937/898 924/962/922
f 899/936/897 924/962/922 923/961/921
f 900/937/898 901/938/899 925/963/923
f 900/937/898 925/963/923 924/962/922
f 901/938/899 902/939/900 926/964/924
f 901/938/899 926/964/924 925/963/923
f 902/939/900 903/940/901 927/965/925
f 902/939/900 927/965/925 926/964/924
f 903/940/901 904/941/902 928/966/926
f 903/940/901 928/966/926 927/965/925
f 904/941/902 905/942/903 929/967/927
f 904/941/902 929/967/927 928/966/926
f 905/942/903 906/943/904 930/968/928
f 905/942/903 930/968/928 929/967/927
f 906/943/904 907/944/905 931/969/929
f 906/943/904 931/969/929 930/968/928
f 907/944/905 908/945/906 932/970/930
f 907/944/905 932/970/930 931/969/929
f 908/945/906 909/946/907 933/971/931
f 908/945/906 933/971/931 932/970/930
f 909/946/907 910/947/908 934/972/932
f 909/946/907 934/972/932 933/971/931
f 910/947/908 911/948/909 935/973/933
f 910/947/908 935/973/933 934/972/932
f 911/948/909 912/949/910 936/974/934
f 911/948/909 936/974/934 935/973/933
f 912/949/910 889/950/887 913/975/911
f 912/949/910 913/975/911 936/974/934
f 913/951/911 914/952/912 938/977/936
f 913/951/911 938/977/936 937/976/935
f 914/952/912 915/953/913 939/978/937
f 914/952/912 939/978/937 938/977/936
f 915/953/913 916/954/914 940/979/938
f 915/953/913 940/979/938 939/978/937
f 916/954/914 917/955/915 941/980/939
f 916/954/914 941/980/939 940/979/938
f 917/955/915 918/956/916 942/981/940
f 917/955/915 942/981/940 941/980/939
f 918/956/916 919/957/917 943/982/941
f 918/956/916 943/982/941 942/981/940
f 919/957/917 920/958/918 944/983/942
f 919/957/917 944/983/942 943/982/941
f 920/958/918 921/959/919 945/984/943
f 920/958/918 945/984/943 944/983/942
f 921/959/919 922/960/920 946/985/944
f 921/959/919 946/985/944 945/984/943
f 922/960/920 923/961/921 947/986/945
f 922/960/920 947/986/945 946/985/944
f 923/961/921 924/962/922 948/987/946
f 923/961/921 948/987/946 947/986/945
f 924/962/922 925/963/923 949/988/947
f 924/962/922 949/988/947 948/987/946
f 925/963/923 926/964/924 950/989/948
f 925/963/923 950/989/948 949/988/947
f 926/964/924 927/965/925 951/990/949
f 926/964/924 951/990/949 950/989/948
f 927/965/925 928/966/926 952/991/950
f 927/965/925 952/991/950 951/990/949
f 928/966/926 929/967/927 953/992/951
f 928/966/926 953/992/951 952/991/950
f 929/967/927 930/968/928 954/993/952
f 929/967/927 954/993/952 953/992/951
f 930/968/928 931/969/929 955/994/953
f 930/968/928 955/994/953 954/993/952
f 931/969/929 932/970/930 956/995/954
f 931/969/929 956/995/954 955/994/953
f 932/970/930 933/971/931 957/996/955
f 932/970/930 957/996/955 956/995/954
f 933/971/931 934/972/932 958/997/956
f 933/971/931 958/997/956 957/996/955
f 934/972/932 935/973/933 959/998/957
f 934/972/932 959/998/957 958/997/956
f 935/973/933 936/974/934 960/999/958
f 935/973/933 960/999/958 959/998/957
f 936/974/934 913/975/911 937/1000/935
f 936/974/934 937/1000/935 960/999/958
f 937/976/935 938/977/936 962/1002/960
f 937/976/935 962/1002/960 961/1001/959
f 938/977/936 939/978/937 963/1003/961
f 938/977/936 963/1003/961 962/1002/960
f 939/978/937 940/979/938 964/1004/962
f 939/978/937 964/1004/962 963/1003/961
f 940/979/938 941/980/939 965/1005/963
f 940/979/938 965/1005/963 964/1004/962
f 941/980/939 942/981/940 966/1006/964
f 941/980/939 966/1006/964 965/1005/963
f 942/981/940 943/982/941 967/1007/965
f 942/981/940 967/1007/965 966/1006/964
f 943/982/941 944/983/942 968/1008/966
f 943/982/941 968/1008/966 967/1007/965
f 944/983/942 945/984/943 969/1009/967
f 944/983/942 969/1009/967 968/1008/966
f 945/984/943 946/985/944 970/1010/968
f 945/984/943 970/1010/968 969/1009/967
f 946/985/944 947/986/945 971/1011/969
f 946/985/944 971/1011/969 970/1010/968
f 947/986/945 948/987/946 972/1012/970
f 947/986/945 972/1012/970 971/1011/969
f 948/987/946 949/988/947 973/1013/971
f 948/987/946 973/1013/971 972/1012/970
f 949/988/947 950/989/948 974/1014/972
f 949/988/947 974/1014/972 973/1013/971
f 950/989/948 951/990/949 975/1015/973
f 950/989/948 975/1015/973 974/1014/972
f 951/990/949 952/991/950 976/1016/974
f 951/990/949 976/1016/974 975/1015/973
f 952/991/950 953/992/951 977/1017/975
f 952/991/950 977/1017/975 976/1016/974
f 953/992/951 954/993/952 978/1018/976
f 953/992/951 978/1018/976 977/1017/975
f 954/993/952 955/994/953 979/1019/977
f 954/993/952 979/1019/977 978/1018/976
f 955/994/953 956/995/954 980/1020/978
f 955/994/953 980/1020/978 979/1019/977
f 956/995/954 957/996/955 981/1021/979
f 956/995/954 981/1021/979 980/1020/978
f 957/996/955 958/997/956 982/1022/980
f 957/996/955 982/1022/980 981/1021/979
f 958/997/956 959/998/957 983/1023/981
f 958/997/956 983/1023/981 982/1022/980
f 959/998/957 960/999/958 984/1024/982
f 959/998/957 984/1024/982 983/1023/981
f 960/999/958 937/1000/935 961/1025/959
f 960/999/958 961/1025/959 984/1024/982
f 961/1001/959 962/1002/960 986/1027/984
f 961/1001/959 986/1027/984 985/1026/983
f 962/1002/960 963/1003/961 987/1028/985
f 962/1002/960 987/1028/985 986/1027/984
f 963/1003/961 964/1004/962 988/1029/986
f 963/1003/961 988/1029/986 987/1028/985
f 964/1004/962 965/1005/963 989/1030/987
f 964/1004/962 989/1030/987 988/1029/986
f 965/1005/963 966/1006/964 990/1031/988
f 965/1005/963 990/1031/988 989/1030/987
f 966/1006/964 967/1007/965 991/1032/989
f 966/1006/964 991/1032/989 990/1031/988
f 967/1007/965 968/1008/966 992/1033/990
f 967/1007/965 992/1033/990 991/1032/989
f 968/1008/966 969/1009/967 993/1034/991
f 968/1008/966 993/1034/991 992/1033/990
f 969/1009/967 970/1010/968 994/1035/992
f 969/1009/967 994/1035/992 993/1034/991
f 970/1010/968 971/1011/969 995/1036/993
f 970/1010/968 995/1036/993 994/1035/992
f 971/1011/969 972/1012/970 996/1037/994
f 971/1011/969 996/1037/994 995/1036/993
f 972/1012/970 973/1013/971 997/1038/995
f 972/1012/970 997/1038/995 996/1037/994
f 973/1013/971 974/1014/972 998/1039/996
f 973/1013/971 998/1039/996 997/1038/995
f 974/1014/972 975/1015/973 999/1040/997
f 974/1014/972 999/1040/997 998/1039/996
f 975/1015/973 976/1016/974 1000/1041/998
f 975/1015/973 1000/1041/998 999/1040/997
f 976/1016/974 977/1017/975 1001/1042/999
f 976/1016/974 1001/1042/999 1000/1041/998
f 977/1017/975 978/1018/976 1002/1043/1000
f 977/1017/975 1002/1043/1000 1001/1042/999
f 978/1018/976 979/1019/977 1003/1044/1001
f 978/1018/976 1003/1044/1001 1002/1043/1000
f 979/1019/977 980/1020/978 1004/1045/1002
f 979/1019/977 1004/1045/1002 1003/1044/1001
f 980/1020/978 981/1021/979 1005/1046/1003
f 980/1020/978 1005/1046/1003 1004/1045/1002
f 981/1021/979 982/1022/980 1006/1047/1004
f 981/1021/979 1006/1047/1004 1005/1046/1003
f 982/1022/980 983/1023/981 1007/1048/1005
f 982/1022/980 1007/1048/1005 1006/1047/1004
f 983/1023/981 984/1024/982 1008/1049/1006
f 983/1023/981 1008/1049/1006 1007/1048/1005
f 984/1024/982 961/1025/959 985/1050/983
f 984/1024/982 985/1050/983 1008/1049/1006
f 985/1026/983 986/1027/984 1010/1052/1008
f 985/1026/983 1010/1052/1008 1009/1051/1007
f 986/1027/984 987/1028/985 1011/1053/1009
f 986/1027/984 1011/1053/1009 1010/1052/1008
f 987/1028/985 988/1029/986 1012/1054/1010
f 987/1028/985 1012/1054/1010 1011/1053/1009
f 988/1029/986 989/1030/987 1013/1055/1011
f 988/1029/986 1013/1055/1011 1012/1054/1010
f 989/1030/987 990/1031/988 1014/1056/1012
f 989/1030/987 1014/1056/1012 1013/1055/1011
f 990/1031/988 991/1032/989 1015/1057/1013
f 990/1031/988 1015/1057/1013 1014/1056/1012
f 991/1032/989 992/1033/990 1016/1058/1014
f 991/1032/989 1016/1058/1014 1015/1057/1013
f 992/1033/990 993/1034/991 1017/1059/1015
f 992/1033/990 1017/1059/1015 1016/1058/1014
f 993/1034/991 994/1035/992 1018/1060/1016
f 993/1034/991 1018/1060/1016 1017/1059/1015
f 994/1035/992 995/1036/993 1019/1061/1017
f 994/1035/992 1019/1061/1017 1018/1060/1016
f 995/1036/993 996/1037/994 1020/1062/1018
f 995/1036/993 1020/1062/1018 1019/1061/1017
f 996/1037/994 997/1038/995 1021/1063/1019
f 996/1037/994 1021/1063/1019 1020/1062/1018
f 997/1038/995 998/1039/996 1022/1064/1020
f 997/1038/995 1022/1064/1020 1021/1063/1019
f 998/1039/996 999/1040/997 1023/1065/1021
f 998/1039/996 1023/1065/1021 1022/1064/1020
f 999/1040/997 1000/1041/998 1024/1066/1022
f 999/1040/997 1024/1066/1022 1023/1065/1021
f 1000/1041/998 1001/1042/999 1025/1067/1023
f 1000/1041/998 1025/1067/1023 1024/1066/1022
f 1001/1042/999 1002/1043/1000 1026/1068/1024
f 1001/1042/999 1026/1068/1024 1025/1067/1023
f 1002/1043/1000 1003/1044/1001 1027/1069/1025
f 1002/1043/1000 1027/1069/1025 1026/1068/1024
f 1003/1044/1001 1004/1045/1002 1028/1070/1026
f 1003/1044/1001 1028/1070/1026 1027/1069/1025
f 1004/1045/1002 1005/1046/1003 1029/1071/1027
f 1004/1045/1002 1029/1071/1027 1028/1070/1026
f 1005/1046/1003 1006/1047/1004 1030/1072/1028
f 1005/1046/1003 1030/1072/1028 1029/1071/1027
f 1006/1047/1004 1007/1048/1005 1031/1073/1029
f 1006/1047/1004 1031/1073/1029 1030/1072/1028
f 1007/1048/1005 1008/1049/1006 1032/1074/1030
f 1007/1048/1005 1032/1074/1030 1031/1073/1029
f 1008/1049/1006 985/1050/983 1009/1075/1007
f 1008/1049/1006 1009/1075/1007 1032/1074/1030
f 1009/1051/1007 1010/1052/1008 1034/1077/1032
f 1009/1051/1007 1034/1077/1032 1033/1076/1031
f 1010/1052/1008 1011/1053/1009 1035/1078/1033
f 1010/1052/1008 1035/1078/1033 1034/1077/1032
f 1011/1053/1009 1012/1054/1010 1036/1079/1034
f 1011/1053/1009 1036/1079/1034 1035/1078/1033
f 1012/1054/1010 1013/1055/1011 1037/1080/1035
f 1012/1054/1010 1037/1080/1035 1036/1079/1034
f 1013/1055/1011 1014/1056/1012 1038/1081/1036
f 1013/1055/1011 1038/1081/1036 1037/1080/1035
f 1014/1056/1012 1015/1057/1013 1039/1082/1037
f 1014/1056/1012 1039/1082/1037 1038/1081/1036
f 1015/1057/1013 1016/1058/1014 1040/1083/1038
f 1015/1057/1013 1040/1083/1038 1039/1082/1037
f 1016/1058/1014 1017/1059/1015 1041/1084/1039
f 1016/1058/1014 1041/1084/1039 1040/1083/1038
f 1017/1059/1015 1018/1060/1016 1042/1085/1040
f 1017/1059/1015 1042/1085/1040 1041/1084/1039
f 1018/1060/1016 1019/1061/1017 1043/1086/1041
f 1018/1060/1016 1043/1086/1041 1042/1085/1040
f 1019/1061/1017 1020/1062/1018 1044/1087/1042
f 1019/1061/1017 1044/1087/1042 1043/1086/1041
f 1020/1062/1018 1021/1063/1019 1045/1088/1043
f 1020/1062/1018 1045/1088/1043 1044/1087/1042
f 1021/1063/1019 1022/1064/1020 1046/1089/1044
f 1021/1063/1019 1046/1089/1044 1045/1088/1043
f 1022/1064/1020 1023/1065/1021 1047/1090/1045
f 1022/1064/1020 1047/1090/1045 1046/1089/1044
f 1023/1065/1021 1024/1066/1022 1048/1091/1046
f 1023/1065/1021 1048/1091/1046 1047/1090/1045
f 1024/1066/1022 1025/1067/1023 1049/1092/1047
f 1024/1066/1022 1049/1092/1047 1048/1091/1046
f 1025/1067/1023 1026/1068/1024 1050/1093/1048
f 1025/1067/1023 1050/1093/1048 1049/1092/1047
f 1026/1068/1024 1027/1069/1025 1051/1094/1049
f 1026/1068/1024 1051/1094/1049 1050/1093/1048
f 1027/1069/1025 1028/1070/1026 1052/1095/1050
f 1027/1069/1025 1052/1095/1050 1051/1094/1049
f 1028/1070/1026 1029/1071/1027 1053/1096/1051
f 1028/1070/1026 1053/1096/1051 1052/1095/1050
f 1029/1071/1027 1030/1072/1028 1054/1097/1052
f 1029/1071/1027 1054/1097/1052 1053/1096/1051
f 1030/1072/1028 1031/1073/1029 1055/1098/1053
f 1030/1072/1028 1055/1098/1053 1054/1097/1052
f 1031/1073/1029 1032/1074/1030 1056/1099/1054
f 1031/1073/1029 1056/1099/1054 1055/1098/1053
f 1032/1074/1030 1009/1075/1007 1033/1100/1031
f 1032/1074/1030 1033/1100/1031 1056/1099/1054
f 1033/1076/1031 1034/1077/1032 1058/1102/1056
f 1033/1076/1031 1058/1102/1056 1057/1101/1055
f 1034/1077/1032 1035/1078/1033 1059/1103/1057
f 1034/1077/1032 1059/1103/1057 1058/1102/1056
f 1035/1078/1033 1036/1079/1034 1060/1104/1058
f 1035/1078/1033 1060/1104/1058 1059/1103/1057
f 1036/1079/1034 1037/1080/1035 1061/1105/1059
f 1036/1079/1034 1061/1105/1059 1060/1104/1058
f 1037/1080/1035 1038/1081/1036 1062/1106/1060
f 1037/1080/1035 1062/1106/1060 1061/1105/1059
f 1038/1081/1036 1039/1082/1037 1063/1107/1061
f 1038/1081/1036 1063/1107/1061 1062/1106/1060
f 1039/1082/1037 1040/1083/1038 1064/1108/1062
f 1039/1082/1037 1064/1108/1062 1063/1107/1061
f 1040/1083/1038 1041/1084/1039 1065/1109/1063
f 1040/1083/1038 1065/1109/1063 1064/1108/1062
f 1041/1084/1039 1042/1085/1040 1066/1110/1064
f 1041/1084/1039 1066/1110/1064 1065/1109/1063
f 1042/1085/1040 1043/1086/1041 1067/1111/1065
f 1042/1085/1040 1067/1111/1065 1066/1110/1064
f 1043/1086/1041 1044/1087/1042 1068/1112/1066
f 1043/1086/1041 1068/1112/1066 1067/1111/1065
f 1044/1087/1042 1045/1088/1043 1069/1113/1067
f 1044/1087/1042 1069/1113/1067 1068/1112/1066
f 1045/1088/1043 1046/1089/1044 1070/1114/1068
f 1045/1088/1043 1070/1114/1068 1069/1113/1067
f 1046/1089/1044 1047/1090/1045 1071/1115/1069
f 1046/1089/1044 1071/1115/1069 1070/1114/1068
f 1047/1090/1045 1048/1091/1046 1072/1116/1070
f 1047/1090/1045 1072/1116/1070 1071/1115/1069
f 1048/1091/1046 1049/1092/1047 1073/1117/1071
f 1048/1091/1046 1073/1117/1071 1072/1116/1070
f 1049/1092/1047 1050/1093/1048 1074/1118/1072
f 1049/1092/1047 1074/1118/1072 1073/1117/1071
f 1050/1093/1048 1051/1094/1049 1075/1119/1073
f 1050/1093/1048 1075/1119/1073 1074/1118/1072
f 1051/1094/1049 1052/1095/1050 1076/1120/1074
f 1051/1094/1049 1076/1120/1074 1075/1119/1073
f 1052/1095/1050 1053/1096/1051 1077/1121/1075
f 1052/1095/1050 1077/1121/1075 1076/1120/1074
f 1053/1096/1051 1054/1097/1052 1078/1122/1076
f 1053/1096/1051 1078/1122/1076 1077/1121/1075
f 1054/1097/1052 1055/1098/1053 1079/1123/1077
f 1054/1097/1052 1079/1123/1077 1078/1122/1076
f 1055/1098/1053 1056/1099/1054 1080/1124/1078
f 1055/1098/1053 1080/1124/1078 1079/1123/1077
f 1056/1099/1054 1033/1100/1031 1057/1125/1055
f 1056/1099/1054 1057/1125/1055 1080/1124/1078
f 1057/1101/1055 1058/1102/1056 1082/1127/1080
f 1057/1101/1055 1082/1127/1080 1081/1126/1079
f 1058/1102/1056 1059/1103/1057 1083/1128/1081
f 1058/1102/1056 1083/1128/1081 1082/1127/1080
f 1059/1103/1057 1060/1104/1058 1084/1129/1082
f 1059/1103/1057 1084/1129/1082 1083/1128/1081
f 1060/1104/1058 1061/1105/1059 1085/1130/1083
f 1060/1104/1058 1085/1130/1083 1084/1129/1082
f 1061/1105/1059 1062/1106/1060 1086/1131/1084
f 1061/1105/1059 1086/1131/1084 1085/1130/1083
f 1062/1106/1060 1063/1107/1061 1087/1132/1085
f 1062/1106/1060 1087/1132/1085 1086/1131/1084
f 1063/1107/1061 1064/1108/1062 1088/1133/1086
f 1063/1107/1061 1088/1133/1086 1087/1132/1085
f 1064/1108/1062 1065/1109/1063 1089/1134/1087
f 1064/1108/1062 1089/1134/1087 1088/1133/1086
f 1065/1109/1063 1066/1110/1064 1090/1135/1088
f 1065/1109/1063 1090/1135/1088 1089/1134/1087
f 1066/1110/1064 1067/1111/1065 1091/1136/1089
f 1066/1110/1064 1091/1136/1089 1090/1135/1088
f 1067/1111/1065 1068/1112/1066 1092/1137/1090
f 1067/1111/1065 1092/1137/1090 1091/1136/1089
f 1068/1112/1066 1069/1113/1067 1093/1138/1091
f 1068/1112/1066 1093/1138/1091 1092/1137/1090
f 1069/1113/1067 1070/1114/1068 1094/1139/1092
f 1069/1113/1067 1094/1139/1092 1093/1138/1091
f 1070/1114/1068 1071/1115/1069 1095/1140/1093
f 1070/1114/1068 1095/1140/1093 1094/1139/1092
f 1071/1115/1069 1072/1116/1070 1096/1141/1094
f 1071/1115/1069 1096/1141/1094 1095/1140/1093
f 1072/1116/1070 1073/1117/1071 1097/1142/1095
f 1072/1116/1070 1097/1142/1095 1096/1141/1094
f 1073/1117/1071 1074/1118/1072 1098/1143/1096
f 1073/1117/1071 1098/1143/1096 1097/1142/1095
f 1074/1118/1072 1075/1119/1073 1099/1144/1097
f 1074/1118/1072 1099/1144/1097 1098/1143/1096
f 1075/1119/1073 1076/1120/1074 1100/1145/1098
f 1075/1119/1073 1100/1145/1098 1099/1144/1097
f 1076/1120/1074 1077/1121/1075 1101/1146/1099
f 1076/1120/1074 1101/1146/1099 1100/1145/1098
f 1077/1121/1075 1078/1122/1076 1102/1147/1100
f 1077/1121/1075 1102/1147/1100 1101/1146/1099
f 1078/1122/1076 1079/1123/1077 1103/1148/1101
f 1078/1122/1076 1103/1148/1101 1102/1147/1100
f 1079/1123/1077 1080/1124/1078 1104/1149/1102
f 1079/1123/1077 1104/1149/1102 1103/1148/1101
f 1080/1124/1078 1057/1125/1055 1081/1150/1079
f 1080/1124/1078 1081/1150/1079 1104/1149/1102
f 1081/1126/1079 1082/1127/1080 1106/1152/1104
f 1081/1126/1079 1106/1152/1104 1105/1151/1103
f 1082/1127/1080 1083/1128/1081 1107/1153/1105
f 1082/1127/1080 1107/1153/1105 1106/1152/1104
f 1083/1128/1081 1084/1129/1082 1108/1154/1106
f 1083/1128/1081 1108/1154/1106 1107/1153/1105
f 1084/1129/1082 1085/1130/1083 1109/1155/1107
f 1084/1129/1082 1109/1155/1107 1108/1154/1106
f 1085/1130/1083 1086/1131/1084 1110/1156/1108
f 1085/1130/1083 1110/1156/1108 1109/1155/1107
f 1086/1131/1084 1087/1132/1085 1111/1157/1109
f 1086/1131/1084 1111/1157/1109 1110/1156/1108
f 1087/1132/1085 1088/1133/1086 1112/1158/1110
f 1087/1132/1085 1112/1158/1110 1111/1157/1109
f 1088/1133/1086 1089/1134/1087 1113/1159/1111
f 1088/1133/1086 1113/1159/1111 1112/1158/1110
f 1089/1134/1087 1090/1135/1088 1114/1160/1112
f 1089/1134/1087 1114/1160/1112 1113/1159/1111
f 1090/1135/1088 1091/1136/1089 1115/1161/1113
f 1090/1135/1088 1115/1161/1113 1114/1160/1112
f 1091/1136/1089 1092/1137/1090 1116/1162/1114
f 1091/1136/1089 1116/1162/1114 1115/1161/1113
f 1092/1137/1090 1093/1138/1091 1117/1163/1115
f 1092/1137/1090 1117/1163/1115 1116/1162/1114
f 1093/1138/1091 1094/1139/1092 1118/1164/1116
f 1093/1138/1091 1118/1164/1116 1117/1163/1115
f 1094/1139/1092 1095/1140/1093 1119/1165/1117
f 1094/1139/1092 1119/1165/1117 1118/1164/1116
f 1095/1140/1093 1096/1141/1094 1120/1166/1118
f 1095/1140/1093 1120/1166/1118 1119/1165/1117
f 1096/1141/1094 1097/1142/1095 1121/1167/1119
f 1096/1141/1094 1121/1167/1119 1120/1166/1118
f 1097/1142/1095 1098/1143/1096 1122/1168/1120
f 1097/1142/1095 1122/1168/1120 1121/1167/1119
f 1098/1143/1096 1099/1144/1097 1123/1169/1121
f 1098/1143/1096 1123/1169/1121 1122/1168/1120
f 1099/1144/1097 1100/1145/1098 1124/1170/1122
f 1099/1144/1097 1124/1170/1122 1123/1169/1121
f 1100/1145/1098 1101/1146/1099 1125/1171/1123
f 1100/1145/1098 1125/1171/1123 1124/1170/1122
f 1101/1146/1099 1102/1147/1100 1126/1172/1124
f 1101/1146/1099 1126/1172/1124 1125/1171/1123
f 1102/1147/1100 1103/1148/1101 1127/1173/1125
f 1102/1147/1100 1127/1173/1125 1126/1172/1124
f 1103/1148/1101 1104/1149/1102 1128/1174/1126
f 1103/1148/1101 1128/1174/1126 1127/1173/1125
f 1104/1149/1102 1081/1150/1079 1105/1175/1103
f 1104/1149/1102 1105/1175/1103 1128/1174/1126
f 1105/1151/1103 1106/1152/1104 1130/1177/1128
f 1105/1151/1103 1130/1177/1128 1129/1176/1127
f 1106/1152/1104 1107/1153/1105 1131/1178/1129
f 1106/1152/1104 1131/1178/1129 1130/1177/1128
f 1107/1153/1105 1108/1154/1106 1132/1179/1130
f 1107/1153/1105 1132/1179/1130 1131/1178/1129
f 1108/1154/1106 1109/1155/1107 1133/1180/1131
f 1108/1154/1106 1133/1180/1131 1132/1179/1130
f 1109/1155/1107 1110/1156/1108 1134/1181/1132
f 1109/1155/1107 1134/1181/1132 1133/1180/1131
f 1110/1156/1108 1111/1157/1109 1135/1182/1133
f 1110/1156/1108 1135/1182/1133 1134/1181/1132
f 1111/1157/1109 1112/1158/1110 1136/1183/1134
f 1111/1157/1109 1136/1183/1134 1135/1182/1133
f 1112/1158/1110 1113/1159/1111 1137/1184/1135
f 1112/1158/1110 1137/1184/1135 1136/1183/1134
f 1113/1159/1111 1114/1160/1112 1138/1185/1136
f 1113/1159/1111 1138/1185/1136 1137/1184/1135
f 1114/1160/1112 1115/1161/1113 1139/1186/1137
f 1114/1160/1112 1139/1186/1137 1138/1185/1136
f 1115/1161/1113 1116/1162/1114 1140/1187/1138
f 1115/1161/1113 1140/1187/1138 1139/1186/1137
f 1116/1162/1114 1117/1163/1115 1141/1188/1139
f 1116/1162/1114 1141/1188/1139 1140/1187/1138
f 1117/1163/1115 1118/1164/1116 1142/1189/1140
f 1117/1163/1115 1142/1189/1140 1141/1188/1139
f 1118/1164/1116 1119/1165/1117 1143/1190/1141
f 1118/1164/1116 1143/1190/1141 1142/1189/1140
f 1119/1165/1117 1120/1166/1118 1144/1191/1142
f 1119/1165/1117 1144/1191/1142 1143/1190/1141
f 1120/1166/1118 1121/1167/1119 1145/1192/1143
f 1120/1166/1118 1145/1192/1143 1144/1191/1142
f 1121/1167/1119 1122/1168/1120 1146/1193/1144
f 1121/1167/1119 1146/1193/1144 1145/1192/1143
f 1122/1168/1120 1123/1169/1121 1147/1194/1145
f 1122/1168/1120 1147/1194/1145 1146/1193/1144
f 1123/1169/1121 1124/1170/1122 1148/1195/1146
f 1123/1169/1121 1148/1195/1146 1147/1194/1145
f 1124/1170/1122 1125/1171/1123 1149/1196/1147
f 1124/1170/1122 1149/1196/1147 1148/1195/1146
f 1125/1171/1123 1126/1172/1124 1150/1197/1148
f 1125/1171/1123 1150/1197/1148 1149/1196/1147
f 1126/1172/1124 1127/1173/1125 1151/1198/1149
f 1126/1172/1124 1151/1198/1149 1150/1197/1148
f 1127/1173/1125 1128/1174/1126 1152/1199/1150
f 1127/1173/1125 1152/1199/1150 1151/1198/1149
f 1128/1174/1126 1105/1175/1103 1129/1200/1127
f 1128/1174/1126 1129/1200/1127 1152/1199/1150
f 1129/1176/1127 1130/1177/1128 2/1202/2
f 1129/1176/1127 2/1202/2 1/1201/1
f 1130/1177/1128 1131/1178/1129 3/1203/3
f 1130/1177/1128 3/1203/3 2/1202/2
f 1131/1178/1129 1132/1179/1130 4/1204/4
f 1131/1178/1129 4/1204/4 3/1203/3
f 1132/1179/1130 1133/1180/1131 5/1205/5
f 1132/1179/1130 5/1205/5 4/1204/4
f 1133/1180/1131 1134/1181/1132 6/1206/6
f 1133/1180/1131 6/1206/6 5/1205/5
f 1134/1181/1132 1135/1182/1133 7/1207/7
f 1134/1181/1132 7/1207/7 6/1206/6
f 1135/1182/1133 1136/1183/1134 8/1208/8
f 1135/1182/1133 8/1208/8 7/1207/7
f 1136/1183/1134 1137/1184/1135 9/1209/9
f 1136/1183/1134 9/1209/9 8/1208/8
f 1137/1184/1135 1138/1185/1136 10/1210/10
f 1137/1184/1135 10/1210/10 9/1209/9
f 1138/1185/1136 1139/1186/1137 11/1211/11
f 1138/1185/1136 11/1211/11 10/1210/10
f 1139/1186/1137 1140/1187/1138 12/1212/12
f 1139/1186/1137 12/1212/12 11/1211/11
f 1140/1187/1138 1141/1188/1139 13/1213/13
f 1140/1187/1138 13/1213/13 12/1212/12
f 1141/1188/1139 1142/1189/1140 14/1214/14
f 1141/1188/1139 14/1214/14 13/1213/13
f 1142/1189/1140 1143/1190/1141 15/1215/15
f 1142/1189/1140 15/1215/15 14/1214/14
f 1143/1190/1141 1144/1191/1142 16/1216/16
f 1143/1190/1141 16/1216/16 15/1215/15
f 1144/1191/1142 1145/1192/1143 17/1217/17
f 1144/1191/1142 17/1217/17 16/1216/16
f 1145/1192/1143 1146/1193/1144 18/1218/18
f 1145/1192/1143 18/1218/18 17/1217/17
f 1146/1193/1144 1147/1194/1145 19/1219/19
f 1146/1193/1144 19/1219/19 18/1218/18
f 1147/1194/1145 1148/1195/1146 20/1220/20
f 1147/1194/1145 20/1220/20 19/1219/19
f 1148/1195/1146 1149/1196/1147 21/1221/21
f 1148/1195/1146 21/1221/21 20/1220/20
f 1149/1196/1147 1150/1197/1148 22/1222/22
f 1149/1196/1147 22/1222/22 21/1221/21
f 1150/1197/1148 1151/1198/1149 23/1223/23
f 1150/1197/1148 23/1223/23 22/1222/22
f 1151/1198/1149 1152/1199/1150 24/1224/24
f 1151/1198/1149 24/1224/24 23/1223/23
f 1152/1199/1150 1129/1200/1127 1/1225/1
f 1152/1199/1150 1/1225/1 24/1224/24
