i,pcg_a,pcg_b,lcg_a,lcg_b,sin_a,sin_b
0,0.030200,0.659163,0.236068,0.236456,0.425781,0.425781
1,0.478497,0.496322,0.236843,0.237231,0.937500,0.792480
2,0.158082,0.503187,0.237618,0.238006,0.792480,0.792480
3,0.942638,0.493760,0.238393,0.238781,0.183594,0.705078
4,0.107112,0.303093,0.239168,0.239556,0.705078,0.705078
5,0.437509,0.272592,0.239943,0.240331,0.911133,0.125000
6,0.288183,0.128197,0.240719,0.241106,0.125000,0.125000
7,0.063337,0.185892,0.241494,0.241881,0.101562,0.667969
8,0.228223,0.809486,0.242269,0.242656,0.667969,0.667969
9,0.852322,0.122688,0.243044,0.243431,0.601562,0.346680
10,0.181729,0.263929,0.243819,0.244207,0.346680,0.346680
11,0.600035,0.167825,0.244594,0.244982,0.648438,0.992188
12,0.660113,0.786464,0.245369,0.245757,0.992188,0.992188
13,0.774424,0.826833,0.246144,0.246532,0.343994,0.675781
14,0.321446,0.344500,0.246919,0.247307,0.675781,0.675781
15,0.171158,0.980342,0.247694,0.248082,0.121094,0.436523
16,0.057608,0.803499,0.248470,0.248857,0.436523,0.436523
17,0.342810,0.551998,0.249245,0.249632,0.476562,0.503906
18,0.247046,0.082995,0.250020,0.250407,0.503906,0.503906
19,0.238568,0.395884,0.250795,0.251182,0.546875,0.277344
20,0.657876,0.780695,0.251570,0.251958,0.277344,0.277344
21,0.284976,0.740554,0.252345,0.252733,0.437500,0.925781
22,0.774876,0.952234,0.253120,0.253508,0.925781,0.925781
23,0.757489,0.287163,0.253895,0.254283,0.000000,0.427917
24,0.091643,0.923507,0.254670,0.255058,0.427917,0.427917
25,0.176337,0.604480,0.255446,0.255833,0.625000,0.521484
26,0.685667,0.443263,0.256221,0.256608,0.521484,0.521484
27,0.218907,0.864285,0.256996,0.257383,0.170898,0.324219
28,0.423345,0.542203,0.257771,0.258158,0.324219,0.324219
29,0.282572,0.770418,0.258546,0.258934,0.103516,0.318359
30,0.721966,0.775852,0.259321,0.259709,0.318359,0.318359
31,0.025093,0.646873,0.260096,0.260484,0.222656,0.879883
32,0.523034,0.636190,0.260871,0.261259,0.879883,0.879883
33,0.089665,0.178153,0.261646,0.262034,0.859375,0.101562
34,0.411740,0.967443,0.262421,0.262809,0.101562,0.101562
35,0.984253,0.572640,0.263197,0.263584,0.861328,0.937500
36,0.787317,0.876759,0.263972,0.264359,0.937500,0.937500
37,0.213590,0.710946,0.264747,0.265134,0.390625,0.240234
38,0.838198,0.510775,0.265522,0.265909,0.240234,0.240234
39,0.277971,0.845101,0.266297,0.266685,0.468750,0.101562
40,0.884357,0.982928,0.267072,0.267460,0.101562,0.101562
41,0.437143,0.830585,0.267847,0.268235,0.707031,0.886719
42,0.473518,0.760166,0.268622,0.269010,0.886719,0.886719
43,0.824764,0.645160,0.269397,0.269785,0.730469,0.968750
44,0.743108,0.019522,0.270173,0.270560,0.968750,0.968750
45,0.470233,0.634711,0.270948,0.271335,0.695312,0.818491
46,0.490065,0.753191,0.271723,0.272110,0.818491,0.818491
47,0.565526,0.995416,0.272498,0.272885,0.628906,0.121094
48,0.049895,0.093235,0.273273,0.273661,0.121094,0.121094
49,0.205266,0.607282,0.274048,0.274436,0.363281,0.128906
50,0.215480,0.359931,0.274823,0.275211,0.128906,0.128906
51,0.688720,0.494012,0.275598,0.275986,0.851562,0.406250
52,0.585949,0.946575,0.276373,0.276761,0.406250,0.406250
53,0.827824,0.149723,0.277148,0.277536,0.394531,0.701172
54,0.611329,0.953807,0.277924,0.278311,0.701172,0.701172
55,0.922965,0.138532,0.278699,0.279086,0.613281,0.628906
56,0.200408,0.794544,0.279474,0.279861,0.628906,0.628906
57,0.169820,0.451528,0.280249,0.280636,0.502197,0.683594
58,0.730891,0.087092,0.281024,0.281412,0.683594,0.683594
59,0.539238,0.285117,0.281799,0.282187,0.964844,0.992188
60,0.273796,0.911862,0.282574,0.282962,0.992188,0.992188
61,0.807247,0.244861,0.283349,0.283737,0.878906,0.056641
62,0.021594,0.379436,0.284124,0.284512,0.056641,0.056641
63,0.151240,0.867999,0.284900,0.285287,0.324219,0.929688
64,0.677493,0.404613,0.285675,0.286062,0.929688,0.929688
65,0.577534,0.174888,0.286450,0.286837,0.853516,0.382812
66,0.355900,0.023204,0.287225,0.287612,0.382812,0.382812
67,0.234398,0.239643,0.288000,0.288388,0.921875,0.206909
68,0.680648,0.567127,0.288775,0.289163,0.206909,0.206909
69,0.517357,0.812073,0.289550,0.289938,0.105469,0.343750
70,0.244123,0.366433,0.290325,0.290713,0.343750,0.343750
71,0.340913,0.320994,0.291100,0.291488,0.721680,0.500000
72,0.743390,0.036610,0.291875,0.292263,0.500000,0.500000
73,0.692703,0.525597,0.292651,0.293038,0.142578,0.130859
74,0.971487,0.297249,0.293426,0.293813,0.130859,0.130859
75,0.122556,0.454035,0.294201,0.294588,0.148438,0.576172
76,0.810493,0.339507,0.294976,0.295363,0.576172,0.576172
77,0.828512,0.359190,0.295751,0.296139,0.066406,0.667969
78,0.334058,0.378839,0.296526,0.296914,0.667969,0.667969
79,0.112534,0.924801,0.297301,0.297689,0.023804,0.011719
80,0.548849,0.823435,0.298076,0.298464,0.011719,0.011719
81,0.216776,0.066690,0.298851,0.299239,0.988281,0.462891
82,0.829647,0.092940,0.299627,0.300014,0.462891,0.462891
83,0.103340,0.663182,0.300402,0.300789,0.742188,0.574219
84,0.737745,0.210098,0.301177,0.301564,0.574219,0.574219
85,0.285961,0.146104,0.301952,0.302339,0.201172,0.371094
86,0.803176,0.522162,0.302727,0.303115,0.371094,0.371094
87,0.312463,0.122023,0.303502,0.303890,0.038086,0.021484
88,0.635817,0.182320,0.304277,0.304665,0.021484,0.021484
89,0.164484,0.916410,0.305052,0.305440,0.582031,0.835938
90,0.391698,0.243851,0.305827,0.306215,0.835938,0.835938
91,0.965510,0.920695,0.306602,0.306990,0.953125,0.031250
92,0.373270,0.211536,0.307378,0.307765,0.031250,0.031250
93,0.615710,0.585730,0.308153,0.308540,0.480469,0.398438
94,0.088178,0.953044,0.308928,0.309315,0.398438,0.398438
95,0.403846,0.868401,0.309703,0.310090,0.771484,0.705078
96,0.373314,0.282054,0.310478,0.310866,0.705078,0.705078
97,0.127515,0.363497,0.311253,0.311641,0.515625,0.272461
98,0.255908,0.519887,0.312028,0.312416,0.272461,0.272461
99,0.676767,0.305561,0.312803,0.313191,0.378906,0.332031
100,0.278726,0.461407,0.313578,0.313966,0.332031,0.332031
101,0.969954,0.798147,0.314354,0.314741,0.183350,0.023438
102,0.348251,0.713284,0.315129,0.315516,0.023438,0.023438
103,0.467270,0.021427,0.315904,0.316291,0.621094,0.416992
104,0.994559,0.524356,0.316679,0.317066,0.416992,0.416992
105,0.522749,0.465244,0.317454,0.317842,0.089844,0.849609
106,0.211502,0.233907,0.318229,0.318617,0.849609,0.849609
107,0.702113,0.125315,0.319004,0.319392,0.126953,0.183594
108,0.601333,0.923325,0.319779,0.320167,0.183594,0.183594
109,0.863123,0.512317,0.320554,0.320942,0.517578,0.712891
110,0.692412,0.851223,0.321329,0.321717,0.712891,0.712891
111,0.934202,0.495526,0.322105,0.322492,0.578125,0.948242
112,0.015382,0.850623,0.322880,0.323267,0.948242,0.948242
113,0.899433,0.337762,0.323655,0.324042,0.054688,0.031250
114,0.967235,0.109950,0.324430,0.324817,0.031250,0.031250
115,0.502347,0.341581,0.325205,0.325593,0.874023,0.789062
116,0.156142,0.429192,0.325980,0.326368,0.789062,0.789062
117,0.445726,0.525809,0.326755,0.327143,0.539062,0.332031
118,0.747189,0.580088,0.327530,0.327918,0.332031,0.332031
119,0.532778,0.901589,0.328305,0.328693,0.531250,0.561523
120,0.880226,0.975407,0.329081,0.329468,0.561523,0.561523
121,0.761319,0.585739,0.329856,0.330243,0.720703,0.699219
122,0.268264,0.932972,0.330631,0.331018,0.699219,0.699219
123,0.007160,0.965642,0.331406,0.331793,0.738525,0.828125
124,0.193307,0.542077,0.332181,0.332569,0.828125,0.828125
125,0.759945,0.218079,0.332956,0.333344,0.023438,0.617188
126,0.023111,0.429015,0.333731,0.334119,0.617188,0.617188
127,0.912969,0.593113,0.334506,0.334894,0.972656,0.085938
128,0.791046,0.951855,0.335281,0.335669,0.085938,0.085938
129,0.069902,0.739317,0.336056,0.336444,0.894531,0.339844
130,0.549955,0.919394,0.336832,0.337219,0.339844,0.339844
131,0.915327,0.252020,0.337607,0.337994,0.519531,0.294922
132,0.665870,0.229465,0.338382,0.338769,0.294922,0.294922
133,0.850875,0.925649,0.339157,0.339544,0.820312,0.786377
134,0.295743,0.039071,0.339932,0.340320,0.786377,0.786377
135,0.437149,0.073278,0.340707,0.341095,0.308594,0.195312
136,0.901547,0.830376,0.341482,0.341870,0.195312,0.195312
137,0.082403,0.394530,0.342257,0.342645,0.138672,0.617188
138,0.792076,0.626682,0.343032,0.343420,0.617188,0.617188
139,0.176472,0.998686,0.343808,0.344195,0.248047,0.222656
140,0.142087,0.285523,0.344583,0.344970,0.222656,0.222656
141,0.388879,0.372631,0.345358,0.345745,0.203125,0.211914
142,0.558586,0.457014,0.346133,0.346520,0.211914,0.211914
143,0.530185,0.845030,0.346908,0.347295,0.257812,0.867188
144,0.729015,0.023399,0.347683,0.348071,0.867188,0.867188
145,0.087554,0.644495,0.348458,0.348846,0.446533,0.542969
146,0.440420,0.705791,0.349233,0.349621,0.542969,0.542969
147,0.006967,0.042921,0.350008,0.350396,0.335938,0.829102
148,0.005289,0.373887,0.350783,0.351171,0.829102,0.829102
149,0.897124,0.142116,0.351559,0.351946,0.441406,0.480469
150,0.315241,0.848411,0.352334,0.352721,0.480469,0.480469
151,0.518121,0.429748,0.353109,0.353496,0.289062,0.828125
152,0.110827,0.106346,0.353884,0.354271,0.828125,0.828125
153,0.735933,0.210459,0.354659,0.355047,0.272461,0.597656
154,0.314351,0.594647,0.355434,0.355822,0.597656,0.597656
155,0.694814,0.491711,0.356209,0.356597,0.226562,0.592773
156,0.537950,0.873449,0.356984,0.357372,0.592773,0.592773
157,0.186641,0.381083,0.357759,0.358147,0.601562,0.371094
158,0.971540,0.931148,0.358535,0.358922,0.371094,0.371094
159,0.778983,0.601705,0.359310,0.359697,0.509766,0.843750
160,0.010740,0.938262,0.360085,0.360472,0.843750,0.843750
161,0.229394,0.974945,0.360860,0.361247,0.703125,0.591797
162,0.116697,0.693925,0.361635,0.362022,0.591797,0.591797
163,0.496318,0.778572,0.362410,0.362798,0.566406,0.997070
164,0.611732,0.935461,0.363185,0.363573,0.997070,0.997070
165,0.229822,0.500737,0.363960,0.364348,0.162109,0.914062
166,0.552680,0.686008,0.364735,0.365123,0.914062,0.914062
167,0.228631,0.784362,0.365510,0.365898,0.065430,0.277344
168,0.819466,0.666535,0.366286,0.366673,0.277344,0.277344
169,0.287871,0.649281,0.367061,0.367448,0.703125,0.814453
170,0.614007,0.605093,0.367836,0.368223,0.814453,0.814453
171,0.820932,0.681235,0.368611,0.368998,0.539062,0.222656
172,0.089495,0.528066,0.369386,0.369774,0.222656,0.222656
173,0.054858,0.363644,0.370161,0.370549,0.103516,0.621094
174,0.291371,0.441474,0.370936,0.371324,0.621094,0.621094
175,0.431513,0.011057,0.371711,0.372099,0.003906,0.445312
176,0.697086,0.956005,0.372486,0.372874,0.445312,0.445312
177,0.458605,0.480673,0.373262,0.373649,0.703125,0.608887
178,0.816320,0.009947,0.374037,0.374424,0.608887,0.608887
179,0.775249,0.016577,0.374812,0.375199,0.808594,0.421875
180,0.322025,0.432565,0.375587,0.375974,0.421875,0.421875
181,0.273158,0.559461,0.376362,0.376749,0.226562,0.406250
182,0.139702,0.273969,0.377137,0.377525,0.406250,0.406250
183,0.501657,0.730287,0.377912,0.378300,0.710938,0.652344
184,0.965797,0.577793,0.378687,0.379075,0.652344,0.652344
185,0.093540,0.777252,0.379462,0.379850,0.621094,0.693359
186,0.299707,0.515713,0.380237,0.380625,0.693359,0.693359
187,0.253037,0.062728,0.381013,0.381400,0.607422,0.929688
188,0.472079,0.548202,0.381788,0.382175,0.929688,0.929688
189,0.748059,0.402958,0.382563,0.382950,0.353516,0.156250
190,0.819828,0.661043,0.383338,0.383725,0.156250,0.156250
191,0.955266,0.958221,0.384113,0.384501,0.273438,0.335938
192,0.037598,0.586592,0.384888,0.385276,0.335938,0.335938
193,0.539793,0.282460,0.385663,0.386051,0.328125,0.511719
194,0.693470,0.709985,0.386438,0.386826,0.511719,0.511719
195,0.100936,0.703246,0.387213,0.387601,0.115234,0.710938
196,0.645670,0.403857,0.387989,0.388376,0.710938,0.710938
197,0.116496,0.725824,0.388764,0.389151,0.941406,0.666016
198,0.493080,0.907238,0.389539,0.389926,0.666016,0.666016
199,0.024004,0.725911,0.390314,0.390701,0.175781,0.077148
200,0.060840,0.525783,0.391089,0.391476,0.077148,0.077148
201,0.164197,0.812830,0.391864,0.392252,0.812500,0.199219
202,0.704068,0.661496,0.392639,0.393027,0.199219,0.199219
203,0.527210,0.169498,0.393414,0.393802,0.526855,0.246094
204,0.339447,0.854693,0.394189,0.394577,0.246094,0.246094
205,0.122284,0.880582,0.394964,0.395352,0.083984,0.621094
206,0.030901,0.404248,0.395740,0.396127,0.621094,0.621094
207,0.642687,0.509217,0.396515,0.396902,0.382812,0.070312
208,0.917338,0.909358,0.397290,0.397677,0.070312,0.070312
209,0.848442,0.703274,0.398065,0.398452,0.767578,0.988281
210,0.765812,0.410118,0.398840,0.399227,0.988281,0.988281
211,0.226315,0.215274,0.399615,0.400003,0.069336,0.304688
212,0.439554,0.162223,0.400390,0.400778,0.304688,0.304688
213,0.346344,0.728593,0.401165,0.401553,0.179688,0.153809
214,0.669046,0.902389,0.401940,0.402328,0.153809,0.153809
215,0.483238,0.197730,0.402716,0.403103,0.867188,0.525391
216,0.252894,0.561279,0.403491,0.403878,0.525391,0.525391
217,0.521441,0.285555,0.404266,0.404653,0.111328,0.093750
218,0.535881,0.802781,0.405041,0.405428,0.093750,0.093750
219,0.407662,0.569810,0.405816,0.406203,0.304688,0.074219
220,0.544086,0.552516,0.406591,0.406979,0.074219,0.074219
221,0.760083,0.294291,0.407366,0.407754,0.570312,0.237793
222,0.089856,0.943475,0.408141,0.408529,0.237793,0.237793
223,0.087408,0.702928,0.408916,0.409304,0.484375,0.574219
224,0.473077,0.249565,0.409691,0.410079,0.574219,0.574219
225,0.096181,0.726235,0.410467,0.410854,0.650879,0.308594
226,0.023809,0.294997,0.411242,0.411629,0.308594,0.308594
227,0.192834,0.062921,0.412017,0.412404,0.630859,0.716797
228,0.489835,0.283773,0.412792,0.413179,0.716797,0.716797
229,0.430018,0.070019,0.413567,0.413954,0.855469,0.908203
230,0.389076,0.041496,0.414342,0.414730,0.908203,0.908203
231,0.726823,0.851449,0.415117,0.415505,0.828125,0.156250
232,0.222762,0.627873,0.415892,0.416280,0.156250,0.156250
233,0.787101,0.344756,0.416667,0.417055,0.971680,0.847656
234,0.045682,0.791622,0.417443,0.417830,0.847656,0.847656
235,0.203377,0.262280,0.418218,0.418605,0.554688,0.028809
236,0.623019,0.265354,0.418993,0.419380,0.028809,0.028809
237,0.983962,0.899379,0.419768,0.420155,0.226562,0.458984
238,0.923081,0.913765,0.420543,0.420930,0.458984,0.458984
239,0.548126,0.009765,0.421318,0.421706,0.869141,0.761719
240,0.377031,0.153492,0.422093,0.422481,0.761719,0.761719
241,0.280189,0.556192,0.422868,0.423256,0.318359,0.498047
242,0.246142,0.344832,0.423643,0.424031,0.498047,0.498047
243,0.457475,0.364885,0.424418,0.424806,0.820312,0.332031
244,0.640431,0.619856,0.425194,0.425581,0.332031,0.332031
245,0.010066,0.702714,0.425969,0.426356,0.691406,0.410156
246,0.473338,0.026809,0.426744,0.427131,0.410156,0.410156
247,0.423986,0.956393,0.427519,0.427906,0.837402,0.515625
248,0.317435,0.592665,0.428294,0.428681,0.515625,0.515625
249,0.890070,0.149226,0.429069,0.429457,0.173828,0.160156
250,0.332626,0.764476,0.429844,0.430232,0.160156,0.160156
251,0.408670,0.881444,0.430619,0.431007,0.046875,0.986328
252,0.170776,0.707555,0.431394,0.431782,0.986328,0.986328
253,0.637082,0.644832,0.432169,0.432557,0.970703,0.511719
254,0.559512,0.400215,0.432945,0.433332,0.511719,0.511719
255,0.547163,0.731069,0.433720,0.434107,0.820312,0.914062
256,0.821819,0.902469,0.434495,0.434882,0.914062,0.914062
257,0.829709,0.622228,0.435270,0.435657,0.539062,0.720215
258,0.662175,0.202993,0.436045,0.436433,0.720215,0.720215
259,0.192819,0.667707,0.436820,0.437208,0.468750,0.492188
260,0.649308,0.533602,0.437595,0.437983,0.492188,0.492188
261,0.050204,0.551992,0.438370,0.438758,0.169922,0.718750
262,0.467463,0.860104,0.439145,0.439533,0.718750,0.718750
263,0.162903,0.413405,0.439921,0.440308,0.203125,0.744141
264,0.780645,0.005106,0.440696,0.441083,0.744141,0.744141
265,0.297566,0.143175,0.441471,0.441858,0.851562,0.600098
266,0.728623,0.082979,0.442246,0.442633,0.600098,0.600098
267,0.645554,0.881115,0.443021,0.443408,0.312500,0.582031
268,0.159220,0.979508,0.443796,0.444184,0.582031,0.582031
269,0.580054,0.496408,0.444571,0.444959,0.328125,0.808594
270,0.740646,0.157215,0.445346,0.445734,0.808594,0.808594
271,0.836768,0.550932,0.446121,0.446509,0.525391,0.171875
272,0.529355,0.127445,0.446896,0.447284,0.171875,0.171875
273,0.123431,0.701891,0.447672,0.448059,0.941406,0.085938
274,0.120768,0.386295,0.448447,0.448834,0.085938,0.085938
275,0.105082,0.622304,0.449222,0.449609,0.378906,0.113281
276,0.910283,0.299858,0.449997,0.450384,0.113281,0.113281
277,0.339332,0.304551,0.450772,0.451160,0.375977,0.640625
278,0.069225,0.471612,0.451547,0.451935,0.640625,0.640625
279,0.726187,0.028270,0.452322,0.452710,0.250000,0.987793
280,0.188656,0.046929,0.453097,0.453485,0.987793,0.987793
281,0.017029,0.407423,0.453872,0.454260,0.667969,0.800781
282,0.695161,0.158191,0.454648,0.455035,0.800781,0.800781
283,0.223594,0.330179,0.455423,0.455810,0.790039,0.968750
284,0.098124,0.024114,0.456198,0.456585,0.968750,0.968750
285,0.250364,0.334903,0.456973,0.457360,0.173828,0.632812
286,0.361559,0.224751,0.457748,0.458135,0.632812,0.632812
287,0.233908,0.456123,0.458523,0.458911,0.601562,0.281250
288,0.096871,0.644158,0.459298,0.459686,0.281250,0.281250
289,0.761498,0.105380,0.460073,0.460461,0.203125,0.957031
290,0.737747,0.794408,0.460848,0.461236,0.957031,0.957031
291,0.770822,0.394187,0.461623,0.462011,0.363037,0.101562
292,0.773458,0.708776,0.462399,0.462786,0.101562,0.101562
293,0.179721,0.354687,0.463174,0.463561,0.507812,0.975586
294,0.542325,0.795381,0.463949,0.464336,0.975586,0.975586
295,0.441506,0.933576,0.464724,0.465111,0.542969,0.988281
296,0.142734,0.041770,0.465499,0.465887,0.988281,0.988281
297,0.968626,0.948408,0.466274,0.466662,0.244141,0.023438
298,0.568981,0.363731,0.467049,0.467437,0.023438,0.023438
299,0.432804,0.345239,0.467824,0.468212,0.399414,0.167969
300,0.428016,0.735169,0.468599,0.468987,0.167969,0.167969
301,0.776064,0.250497,0.469374,0.469762,0.816406,0.589355
302,0.589227,0.660293,0.470150,0.470537,0.589355,0.589355
303,0.889959,0.535181,0.470925,0.471312,0.898438,0.570312
304,0.573004,0.108822,0.471700,0.472087,0.570312,0.570312
305,0.211805,0.949576,0.472475,0.472862,0.504883,0.527344
306,0.165845,0.473333,0.473250,0.473638,0.527344,0.527344
307,0.313886,0.081686,0.474025,0.474413,0.453125,0.968750
308,0.899273,0.262303,0.474800,0.475188,0.968750,0.968750
309,0.222448,0.602047,0.475575,0.475963,0.011719,0.613281
310,0.708988,0.349964,0.476350,0.476738,0.613281,0.613281
311,0.700645,0.443966,0.477126,0.477513,0.222656,0.414062
312,0.180887,0.403617,0.477901,0.478288,0.414062,0.414062
313,0.009781,0.536854,0.478676,0.479063,0.184814,0.320312
314,0.281403,0.540384,0.479451,0.479838,0.320312,0.320312
315,0.121849,0.606985,0.480226,0.480614,0.945312,0.796875
316,0.550161,0.326618,0.481001,0.481389,0.796875,0.796875
317,0.760111,0.999548,0.481776,0.482164,0.832031,0.476562
318,0.395957,0.718880,0.482551,0.482939,0.476562,0.476562
319,0.627526,0.245369,0.483326,0.483714,0.753906,0.296875
320,0.927189,0.474380,0.484101,0.484489,0.296875,0.296875
321,0.502973,0.127920,0.484877,0.485264,0.652344,0.636719
322,0.395612,0.721484,0.485652,0.486039,0.636719,0.636719
323,0.823456,0.528893,0.486427,0.486814,0.359375,0.283691
324,0.573266,0.746940,0.487202,0.487589,0.283691,0.283691
325,0.711376,0.247822,0.487977,0.488365,0.250000,0.970703
326,0.683215,0.851041,0.488752,0.489140,0.970703,0.970703
327,0.452844,0.053738,0.489527,0.489915,0.088867,0.394531
328,0.729937,0.715081,0.490302,0.490690,0.394531,0.394531
329,0.906048,0.636152,0.491077,0.491465,0.250000,0.560547
330,0.759951,0.795516,0.491853,0.492240,0.560547,0.560547
331,0.446801,0.934856,0.492628,0.493015,0.039062,0.834961
332,0.026802,0.684292,0.493403,0.493790,0.834961,0.834961
333,0.580130,0.157383,0.494178,0.494565,0.230469,0.843750
334,0.838637,0.798996,0.494953,0.495341,0.843750,0.843750
335,0.333176,0.298883,0.495728,0.496116,0.035156,0.378906
336,0.264841,0.794409,0.496503,0.496891,0.378906,0.378906
337,0.396130,0.188224,0.497278,0.497666,0.666016,0.865234
338,0.040269,0.758032,0.498053,0.498441,0.865234,0.865234
339,0.761322,0.180243,0.498828,0.499216,0.792969,0.339844
340,0.943075,0.331670,0.499604,0.499991,0.339844,0.339844
341,0.222024,0.623882,0.500379,0.500766,0.105469,0.988281
342,0.962142,0.937333,0.501154,0.501541,0.988281,0.988281
343,0.095261,0.120839,0.501929,0.502316,0.896484,0.191406
344,0.199586,0.216687,0.502704,0.503092,0.191406,0.191406
345,0.817907,0.772908,0.503479,0.503867,0.992188,0.828369
346,0.322991,0.992611,0.504254,0.504642,0.828369,0.828369
347,0.291466,0.883456,0.505029,0.505417,0.800781,0.171875
348,0.602241,0.522655,0.505804,0.506192,0.171875,0.171875
349,0.872425,0.699878,0.506580,0.506967,0.313477,0.601562
350,0.855594,0.568760,0.507355,0.507742,0.601562,0.601562
351,0.173152,0.460396,0.508130,0.508517,0.779297,0.216797
352,0.153654,0.768066,0.508905,0.509292,0.216797,0.216797
353,0.492231,0.157478,0.509680,0.510068,0.617188,0.181641
354,0.062382,0.526034,0.510455,0.510843,0.181641,0.181641
355,0.317280,0.075714,0.511230,0.511618,0.082031,0.121094
356,0.998784,0.497220,0.512005,0.512393,0.121094,0.121094
357,0.581083,0.908139,0.512780,0.513168,0.156128,0.195312
358,0.253315,0.974048,0.513555,0.513943,0.195312,0.195312
359,0.470394,0.758840,0.514331,0.514718,0.500000,0.406250
360,0.704413,0.799061,0.515106,0.515493,0.406250,0.406250
361,0.517949,0.873638,0.515881,0.516268,0.414062,0.365234
362,0.168806,0.021781,0.516656,0.517043,0.365234,0.365234
363,0.397372,0.222156,0.517431,0.517819,0.492188,0.148438
364,0.815632,0.473687,0.518206,0.518594,0.148438,0.148438
365,0.464192,0.933386,0.518981,0.519369,0.897461,0.980469
366,0.628455,0.833293,0.519756,0.520144,0.980469,0.980469
367,0.310937,0.363750,0.520531,0.520919,0.828125,0.981201
368,0.168428,0.653101,0.521307,0.521694,0.981201,0.981201
369,0.315908,0.022654,0.522082,0.522469,0.640625,0.341797
370,0.792074,0.658492,0.522857,0.523244,0.341797,0.341797
371,0.634328,0.949790,0.523632,0.524019,0.949219,0.164062
372,0.896488,0.142778,0.524407,0.524795,0.164062,0.164062
373,0.386105,0.659130,0.525182,0.525570,0.253906,0.736328
374,0.999336,0.998974,0.525957,0.526345,0.736328,0.736328
375,0.073043,0.226792,0.526732,0.527120,0.707031,0.891602
376,0.158002,0.798784,0.527507,0.527895,0.891602,0.891602
377,0.362784,0.723200,0.528282,0.528670,0.617188,0.140625
378,0.318951,0.524805,0.529058,0.529445,0.140625,0.140625
379,0.058105,0.863177,0.529833,0.530220,0.790222,0.675781
380,0.899617,0.312333,0.530608,0.530995,0.675781,0.675781
381,0.462773,0.900745,0.531383,0.531770,0.279297,0.651367
382,0.125618,0.548273,0.532158,0.532546,0.651367,0.651367
383,0.466627,0.021764,0.532933,0.533321,0.664062,0.343750
384,0.851865,0.232388,0.533708,0.534096,0.343750,0.343750
385,0.626012,0.593048,0.534483,0.534871,0.119141,0.816406
386,0.187690,0.436011,0.535258,0.535646,0.816406,0.816406
387,0.934113,0.328384,0.536034,0.536421,0.418945,0.156250
388,0.125376,0.627431,0.536809,0.537196,0.156250,0.156250
389,0.926660,0.614474,0.537584,0.537971,0.980469,0.499390
390,0.827049,0.813977,0.538359,0.538746,0.499390,0.499390
391,0.515329,0.300847,0.539134,0.539522,0.863281,0.648438
392,0.136309,0.804284,0.539909,0.540297,0.648438,0.648438
393,0.244474,0.626615,0.540684,0.541072,0.765625,0.109375
394,0.438678,0.641339,0.541459,0.541847,0.109375,0.109375
395,0.620657,0.263890,0.542234,0.542622,0.876953,0.917969
396,0.055754,0.104737,0.543009,0.543397,0.917969,0.917969
397,0.514306,0.431550,0.543785,0.544172,0.273438,0.197266
398,0.752253,0.620173,0.544560,0.544947,0.197266,0.197266
399,0.330904,0.450667,0.545335,0.545722,0.691406,0.792969
400,0.732569,0.627047,0.546110,0.546497,0.792969,0.792969
401,0.800267,0.594089,0.546885,0.547273,0.180345,0.726562
402,0.451221,0.009990,0.547660,0.548048,0.726562,0.726562
403,0.249185,0.231033,0.548435,0.548823,0.843750,0.830078
404,0.868618,0.107069,0.549210,0.549598,0.830078,0.830078
405,0.795924,0.767975,0.549985,0.550373,0.511719,0.066406
406,0.608255,0.847083,0.550761,0.551148,0.066406,0.066406
407,0.365610,0.704535,0.551536,0.551923,0.177734,0.031250
408,0.911840,0.543966,0.552311,0.552698,0.031250,0.031250
409,0.014309,0.087066,0.553086,0.553473,0.228516,0.871094
410,0.227277,0.724126,0.553861,0.554249,0.871094,0.871094
411,0.888106,0.732447,0.554636,0.555024,0.550781,0.140228
412,0.586922,0.280491,0.555411,0.555799,0.140228,0.140228
413,0.316990,0.106317,0.556186,0.556574,0.566406,0.253906
414,0.960936,0.572641,0.556961,0.557349,0.253906,0.253906
415,0.242913,0.810439,0.557736,0.558124,0.531250,0.472656
416,0.803050,0.839430,0.558512,0.558899,0.472656,0.472656
417,0.893023,0.991861,0.559287,0.559674,0.855469,0.562500
418,0.286226,0.944221,0.560062,0.560449,0.562500,0.562500
419,0.024501,0.422053,0.560837,0.561224,0.265625,0.333984
420,0.854185,0.581303,0.561612,0.562000,0.333984,0.333984
421,0.425908,0.950148,0.562387,0.562775,0.144531,0.980469
422,0.666781,0.212462,0.563162,0.563550,0.980469,0.980469
423,0.225601,0.970981,0.563937,0.564325,0.569214,0.246094
424,0.835314,0.092996,0.564712,0.565100,0.246094,0.246094
425,0.581921,0.706427,0.565488,0.565875,0.031250,0.175781
426,0.551115,0.683915,0.566263,0.566650,0.175781,0.175781
427,0.334395,0.411456,0.567038,0.567425,0.925781,0.332031
428,0.841733,0.758421,0.567813,0.568200,0.332031,0.332031
429,0.133541,0.275427,0.568588,0.568975,0.878906,0.832031
430,0.983922,0.349273,0.569363,0.569751,0.832031,0.832031
431,0.978130,0.606989,0.570138,0.570526,0.087891,0.289062
432,0.750460,0.048892,0.570913,0.571301,0.289062,0.289062
433,0.402008,0.983740,0.571688,0.572076,0.636719,0.661011
434,0.446547,0.681514,0.572463,0.572851,0.661011,0.661011
435,0.959098,0.490295,0.573239,0.573626,0.851562,0.316406
436,0.831438,0.729482,0.574014,0.574401,0.316406,0.316406
437,0.624710,0.162452,0.574789,0.575176,0.015625,0.289062
438,0.400662,0.460939,0.575564,0.575951,0.289062,0.289062
439,0.154132,0.543554,0.576339,0.576727,0.398438,0.462891
440,0.736517,0.746535,0.577114,0.577502,0.462891,0.462891
441,0.370099,0.792164,0.577889,0.578277,0.664062,0.533203
442,0.669623,0.945595,0.578664,0.579052,0.533203,0.533203
443,0.888404,0.775358,0.579439,0.579827,0.814453,0.597656
444,0.360531,0.191403,0.580215,0.580602,0.597656,0.597656
445,0.614743,0.211001,0.580990,0.581377,0.199463,0.132812
446,0.794475,0.714429,0.581765,0.582152,0.132812,0.132812
447,0.179709,0.804071,0.582540,0.582927,0.683594,0.922852
448,0.033896,0.439563,0.583315,0.583702,0.922852,0.922852
449,0.225274,0.952587,0.584090,0.584478,0.875000,0.933594
450,0.506041,0.316250,0.584865,0.585253,0.933594,0.933594
451,0.525697,0.901583,0.585640,0.586028,0.429688,0.250000
452,0.429318,0.213918,0.586415,0.586803,0.250000,0.250000
453,0.196850,0.708559,0.587190,0.587578,0.770508,0.568359
454,0.190258,0.225887,0.587966,0.588353,0.568359,0.568359
455,0.119384,0.943687,0.588741,0.589128,0.339844,0.818970
456,0.890629,0.290674,0.589516,0.589903,0.818970,0.818970
457,0.416719,0.742248,0.590291,0.590678,0.820312,0.988281
458,0.161030,0.007190,0.591066,0.591453,0.988281,0.988281
459,0.370896,0.524031,0.591841,0.592229,0.979492,0.589844
460,0.998177,0.631387,0.592616,0.593004,0.589844,0.589844
461,0.442459,0.831362,0.593391,0.593779,0.703125,0.414062
462,0.759695,0.141045,0.594166,0.594554,0.414062,0.414062
463,0.118317,0.399504,0.594941,0.595329,0.429688,0.026367
464,0.481776,0.438073,0.595717,0.596104,0.026367,0.026367
465,0.431498,0.091138,0.596492,0.596879,0.541016,0.550781
466,0.823250,0.819513,0.597267,0.597654,0.550781,0.550781
467,0.679239,0.883501,0.598042,0.598429,0.313721,0.281250
468,0.946435,0.769837,0.598817,0.599205,0.281250,0.281250
469,0.146982,0.590175,0.599592,0.599980,0.648438,0.305664
470,0.969012,0.575439,0.600367,0.600755,0.305664,0.305664
471,0.834500,0.604507,0.601142,0.601530,0.308594,0.673828
472,0.971090,0.667534,0.601917,0.602305,0.673828,0.673828
473,0.153017,0.154730,0.602693,0.603080,0.033203,0.308594
474,0.042372,0.409479,0.603468,0.603855,0.308594,0.308594
475,0.059589,0.531785,0.604243,0.604630,0.044922,0.876953
476,0.616733,0.104319,0.605018,0.605405,0.876953,0.876953
477,0.234953,0.501137,0.605793,0.606180,0.753906,0.371582
478,0.742969,0.682346,0.606568,0.606956,0.371582,0.371582
479,0.963523,0.370466,0.607343,0.607731,0.585938,0.425781
480,0.004848,0.179908,0.608118,0.608506,0.425781,0.425781
481,0.235922,0.602292,0.608893,0.609281,0.190430,0.429688
482,0.555008,0.808914,0.609668,0.610056,0.429688,0.429688
483,0.726206,0.204703,0.610444,0.610831,0.964844,0.203125
484,0.616142,0.227619,0.611219,0.611606,0.203125,0.203125
485,0.736243,0.933308,0.611994,0.612381,0.539062,0.044922
486,0.895174,0.761666,0.612769,0.613156,0.044922,0.044922
487,0.525503,0.561424,0.613544,0.613932,0.156250,0.746094
488,0.478824,0.302924,0.614319,0.614707,0.746094,0.746094
489,0.103181,0.815350,0.615094,0.615482,0.155029,0.574219
490,0.212814,0.194605,0.615869,0.616257,0.574219,0.574219
491,0.928156,0.814729,0.616644,0.617032,0.773438,0.559570
492,0.898738,0.929396,0.617420,0.617807,0.559570,0.559570
493,0.008638,0.923889,0.618195,0.618582,0.187500,0.355469
494,0.352706,0.215947,0.618970,0.619357,0.355469,0.355469
495,0.390465,0.848553,0.619745,0.620132,0.902344,0.031250
496,0.031340,0.659503,0.620520,0.620907,0.031250,0.031250
497,0.593937,0.189602,0.621295,0.621683,0.678711,0.380859
498,0.403952,0.661132,0.622070,0.622458,0.380859,0.380859
499,0.794503,0.963302,0.622845,0.623233,0.960938,0.076416
500,0.503815,0.875041,0.623620,0.624008,0.076416,0.076416
501,0.099178,0.107210,0.624395,0.624783,0.257812,0.773438
502,0.938833,0.468596,0.625171,0.625558,0.773438,0.773438
503,0.695137,0.274232,0.625946,0.626333,0.413086,0.851562
504,0.656666,0.264676,0.626721,0.627108,0.851562,0.851562
505,0.113230,0.874714,0.627496,0.627883,0.388672,0.621094
506,0.095919,0.407128,0.628271,0.628659,0.621094,0.621094
507,0.386983,0.522708,0.629046,0.629434,0.980469,0.814453
508,0.776407,0.188429,0.629821,0.630209,0.814453,0.814453
509,0.001095,0.777460,0.630596,0.630984,0.492188,0.105469
510,0.955935,0.948041,0.631371,0.631759,0.105469,0.105469
511,0.856435,0.132031,0.632147,0.632534,0.964844,0.906250
512,0.971723,0.345761,0.632922,0.633309,0.906250,0.906250
513,0.065036,0.398567,0.633697,0.634084,0.914062,0.921875
514,0.606907,0.375656,0.634472,0.634859,0.921875,0.921875
515,0.930834,0.153926,0.635247,0.635634,0.457031,0.781250
516,0.881042,0.502791,0.636022,0.636410,0.781250,0.781250
517,0.285835,0.245943,0.636797,0.637185,0.250000,0.433594
518,0.096575,0.061927,0.637572,0.637960,0.433594,0.433594
519,0.939636,0.273212,0.638347,0.638735,0.447266,0.251953
520,0.702731,0.844170,0.639122,0.639510,0.251953,0.251953
521,0.717915,0.620755,0.639898,0.640285,0.058594,0.691406
522,0.026878,0.022531,0.640673,0.641060,0.691406,0.691406
523,0.948789,0.967971,0.641448,0.641835,0.953125,0.183594
524,0.380490,0.147437,0.642223,0.642610,0.183594,0.183594
525,0.882270,0.145195,0.642998,0.643386,0.407227,0.906250
526,0.544134,0.141252,0.643773,0.644161,0.906250,0.906250
527,0.027205,0.241858,0.644548,0.644936,0.160156,0.455078
528,0.503591,0.929988,0.645323,0.645711,0.455078,0.455078
529,0.634835,0.641139,0.646098,0.646486,0.726562,0.564453
530,0.071222,0.030912,0.646874,0.647261,0.564453,0.564453
531,0.710650,0.343626,0.647649,0.648036,0.371094,0.539062
532,0.777515,0.680780,0.648424,0.648811,0.539062,0.539062
533,0.467564,0.988781,0.649199,0.649586,0.985840,0.152344
534,0.197000,0.934384,0.649974,0.650361,0.152344,0.152344
535,0.454591,0.311555,0.650749,0.651137,0.921875,0.629395
536,0.404531,0.795501,0.651524,0.651912,0.629395,0.629395
537,0.199188,0.967394,0.652299,0.652687,0.062500,0.761719
538,0.421457,0.802027,0.653074,0.653462,0.761719,0.761719
539,0.234078,0.534264,0.653849,0.654237,0.289062,0.539062
540,0.756106,0.541176,0.654625,0.655012,0.539062,0.539062
541,0.954393,0.429223,0.655400,0.655787,0.123047,0.664062
542,0.731335,0.202211,0.656175,0.656562,0.664062,0.664062
543,0.630742,0.172887,0.656950,0.657337,0.117188,0.974609
544,0.946921,0.693630,0.657725,0.658113,0.974609,0.974609
545,0.128534,0.190999,0.658500,0.658888,0.792969,0.789062
546,0.873336,0.109666,0.659275,0.659663,0.789062,0.789062
547,0.589239,0.879190,0.660050,0.660438,0.937012,0.648438
548,0.281795,0.543672,0.660825,0.661213,0.648438,0.648438
549,0.054422,0.253167,0.661601,0.661988,0.476562,0.490234
550,0.245849,0.566117,0.662376,0.662763,0.490234,0.490234
551,0.590882,0.995403,0.663151,0.663538,0.769531,0.517578
552,0.147849,0.411130,0.663926,0.664313,0.517578,0.517578
553,0.886583,0.198663,0.664701,0.665088,0.621094,0.968750
554,0.026091,0.022025,0.665476,0.665864,0.968750,0.968750
555,0.200695,0.393957,0.666251,0.666639,0.458984,0.195312
556,0.974272,0.025903,0.667026,0.667414,0.195312,0.195312
557,0.693899,0.411770,0.667801,0.668189,0.664062,0.922852
558,0.548374,0.661024,0.668576,0.668964,0.922852,0.922852
559,0.455696,0.649929,0.669352,0.669739,0.953125,0.105469
560,0.678279,0.117910,0.670127,0.670514,0.105469,0.105469
561,0.927743,0.790656,0.670902,0.671289,0.236328,0.347656
562,0.660499,0.606733,0.671677,0.672064,0.347656,0.347656
563,0.991433,0.727621,0.672452,0.672840,0.482422,0.794922
564,0.817645,0.927213,0.673227,0.673615,0.794922,0.794922
565,0.897804,0.453096,0.674002,0.674390,0.214844,0.684082
566,0.783796,0.220816,0.674777,0.675165,0.684082,0.684082
567,0.201452,0.332171,0.675552,0.675940,0.898438,0.734375
568,0.243359,0.131774,0.676328,0.676715,0.734375,0.734375
569,0.861297,0.920060,0.677103,0.677490,0.762207,0.144531
570,0.408251,0.800873,0.677878,0.678265,0.144531,0.144531
571,0.861878,0.786267,0.678653,0.679040,0.523438,0.505859
572,0.034633,0.913975,0.679428,0.679815,0.505859,0.505859
573,0.976287,0.277795,0.680203,0.680591,0.105469,0.900391
574,0.202250,0.359904,0.680978,0.681366,0.900391,0.900391
575,0.331028,0.249935,0.681753,0.682141,0.064453,0.324219
576,0.716893,0.288940,0.682528,0.682916,0.324219,0.324219
577,0.103073,0.123454,0.683303,0.683691,0.626465,0.906250
578,0.405917,0.188337,0.684079,0.684466,0.906250,0.906250
579,0.731646,0.279494,0.684854,0.685241,0.000000,0.039551
580,0.559613,0.573313,0.685629,0.686016,0.039551,0.039551
581,0.887378,0.743775,0.686404,0.686791,0.054688,0.621094
582,0.331409,0.505465,0.687179,0.687567,0.621094,0.621094
583,0.476730,0.510435,0.687954,0.688342,0.312500,0.867188
584,0.428912,0.308953,0.688729,0.689117,0.867188,0.867188
585,0.485368,0.480361,0.689504,0.689892,0.302734,0.824219
586,0.270822,0.453299,0.690279,0.690667,0.824219,0.824219
587,0.650330,0.018750,0.691054,0.691442,0.429688,0.580078
588,0.443371,0.521455,0.691830,0.692217,0.580078,0.580078
589,0.435233,0.272241,0.692605,0.692992,0.402344,0.148438
590,0.099750,0.210403,0.693380,0.693767,0.148438,0.148438
591,0.889707,0.971557,0.694155,0.694542,0.643555,0.457031
592,0.393326,0.133894,0.694930,0.695318,0.457031,0.457031
593,0.568879,0.259045,0.695705,0.696093,0.486328,0.281250
594,0.663867,0.600927,0.696480,0.696868,0.281250,0.281250
595,0.896694,0.337878,0.697255,0.697643,0.726562,0.933594
596,0.822842,0.841532,0.698030,0.698418,0.933594,0.933594
597,0.939790,0.322368,0.698806,0.699193,0.515625,0.523438
598,0.884985,0.151107,0.699581,0.699968,0.523438,0.523438
599,0.159102,0.439217,0.700356,0.700743,0.727051,0.160156
600,0.899664,0.937748,0.701131,0.701518,0.160156,0.160156
601,0.262372,0.414121,0.701906,0.702294,0.800781,0.219727
602,0.775255,0.792788,0.702681,0.703069,0.219727,0.219727
603,0.938302,0.512476,0.703456,0.703844,0.308594,0.132812
604,0.639135,0.584885,0.704231,0.704619,0.132812,0.132812
605,0.596052,0.003406,0.705006,0.705394,0.738281,0.101562
606,0.760490,0.764287,0.705781,0.706169,0.101562,0.101562
607,0.877057,0.338004,0.706557,0.706944,0.361328,0.935547
608,0.476452,0.117781,0.707332,0.707719,0.935547,0.935547
609,0.338869,0.417667,0.708107,0.708494,0.828125,0.421387
610,0.008854,0.197166,0.708882,0.709269,0.421387,0.421387
611,0.154056,0.805862,0.709657,0.710045,0.429688,0.171875
612,0.903746,0.607543,0.710432,0.710820,0.171875,0.171875
613,0.249538,0.051464,0.711207,0.711595,0.340820,0.652344
614,0.233268,0.543269,0.711982,0.712370,0.652344,0.652344
615,0.774200,0.503609,0.712757,0.713145,0.548828,0.601562
616,0.040061,0.526660,0.713533,0.713920,0.601562,0.601562
617,0.423747,0.260414,0.714308,0.714695,0.640625,0.837891
618,0.347576,0.902915,0.715083,0.715470,0.837891,0.837891
619,0.999661,0.739937,0.715858,0.716245,0.794922,0.507812
620,0.623073,0.629345,0.716633,0.717021,0.507812,0.507812
621,0.757720,0.555786,0.717408,0.717796,0.003418,0.816406
622,0.689655,0.825441,0.718183,0.718571,0.816406,0.816406
623,0.113896,0.948906,0.718958,0.719346,0.925781,0.704590
624,0.886617,0.188331,0.719733,0.720121,0.704590,0.704590
625,0.181396,0.181390,0.720508,0.720896,0.644531,0.449219
626,0.482709,0.706277,0.721284,0.721671,0.449219,0.449219
627,0.942535,0.000070,0.722059,0.722446,0.730469,0.046875
628,0.160287,0.903810,0.722834,0.723221,0.046875,0.046875
629,0.414611,0.967283,0.723609,0.723996,0.439453,0.316406
630,0.343706,0.312269,0.724384,0.724772,0.316406,0.316406
631,0.056307,0.776478,0.725159,0.725547,0.476562,0.968262
632,0.252109,0.267204,0.725934,0.726322,0.968262,0.968262
633,0.303912,0.342126,0.726709,0.727097,0.121094,0.921875
634,0.866641,0.411581,0.727484,0.727872,0.921875,0.921875
635,0.924266,0.652923,0.728260,0.728647,0.613281,0.808594
636,0.392600,0.147380,0.729035,0.729422,0.808594,0.808594
637,0.352035,0.140116,0.729810,0.730197,0.892578,0.239258
638,0.589659,0.469316,0.730585,0.730972,0.239258,0.239258
639,0.650182,0.692477,0.731360,0.731748,0.839844,0.832031
640,0.280722,0.344939,0.732135,0.732523,0.832031,0.832031
641,0.888052,0.897614,0.732910,0.733298,0.710938,0.214844
642,0.641172,0.266532,0.733685,0.734073,0.214844,0.214844
643,0.196878,0.544396,0.734460,0.734848,0.693359,0.746094
644,0.897615,0.320416,0.735235,0.735623,0.746094,0.746094
645,0.553567,0.832093,0.736011,0.736398,0.261719,0.735352
646,0.239988,0.302099,0.736786,0.737173,0.735352,0.735352
647,0.394076,0.046284,0.737561,0.737948,0.980469,0.400391
648,0.221832,0.135552,0.738336,0.738723,0.400391,0.400391
649,0.292658,0.958225,0.739111,0.739499,0.516602,0.691406
650,0.552345,0.032387,0.739886,0.740274,0.691406,0.691406
651,0.085661,0.341460,0.740661,0.741049,0.320312,0.150391
652,0.395310,0.480297,0.741436,0.741824,0.150391,0.150391
653,0.646911,0.670917,0.742211,0.742599,0.429688,0.982422
654,0.551604,0.922102,0.742987,0.743374,0.982422,0.982422
655,0.450788,0.835152,0.743762,0.744149,0.609375,0.531250
656,0.469858,0.321483,0.744537,0.744924,0.531250,0.531250
657,0.137532,0.001195,0.745312,0.745699,0.219238,0.996094
658,0.944743,0.947792,0.746087,0.746475,0.996094,0.996094
659,0.925336,0.074164,0.746862,0.747250,0.693359,0.970703
660,0.801802,0.356020,0.747637,0.748025,0.970703,0.970703
661,0.252071,0.307120,0.748412,0.748800,0.351562,0.130859
662,0.375691,0.095295,0.749187,0.749575,0.130859,0.130859
663,0.492789,0.846886,0.749962,0.750350,0.076172,0.582031
664,0.072542,0.623091,0.750738,0.751125,0.582031,0.582031
665,0.701174,0.781842,0.751513,0.751900,0.034180,0.804688
666,0.420269,0.177171,0.752288,0.752675,0.804688,0.804688
667,0.239834,0.168685,0.753063,0.753450,0.679688,0.553467
668,0.660667,0.875757,0.753838,0.754226,0.553467,0.553467
669,0.824432,0.125309,0.754613,0.755001,0.246094,0.804688
670,0.134744,0.278877,0.755388,0.755776,0.804688,0.804688
671,0.617869,0.605330,0.756163,0.756551,0.323242,0.031250
672,0.833964,0.785876,0.756938,0.757326,0.031250,0.031250
673,0.175432,0.025553,0.757713,0.758101,0.787109,0.632812
674,0.831361,0.549023,0.758489,0.758876,0.632812,0.632812
675,0.870834,0.749940,0.759264,0.759651,0.753906,0.225586
676,0.715182,0.891028,0.760039,0.760426,0.225586,0.225586
677,0.630574,0.344939,0.760814,0.761202,0.039062,0.113281
678,0.590435,0.509370,0.761589,0.761977,0.113281,0.113281
679,0.048472,0.577592,0.762364,0.762752,0.916748,0.304688
680,0.366949,0.821670,0.763139,0.763527,0.304688,0.304688
681,0.747481,0.650220,0.763914,0.764302,0.125000,0.570312
682,0.846054,0.576852,0.764689,0.765077,0.570312,0.570312
683,0.157668,0.159537,0.765465,0.765852,0.175781,0.951172
684,0.051303,0.068059,0.766240,0.766627,0.951172,0.951172
685,0.168204,0.711287,0.767015,0.767402,0.697266,0.558594
686,0.395689,0.827096,0.767790,0.768177,0.558594,0.558594
687,0.450691,0.229964,0.768565,0.768953,0.266602,0.847656
688,0.219678,0.202104,0.769340,0.769728,0.847656,0.847656
689,0.040978,0.054389,0.770115,0.770503,0.066406,0.400635
690,0.166785,0.567071,0.770890,0.771278,0.400635,0.400635
691,0.096220,0.816863,0.771665,0.772053,0.351562,0.494141
692,0.095096,0.641651,0.772440,0.772828,0.494141,0.494141
693,0.941871,0.783974,0.773216,0.773603,0.375000,0.039062
694,0.283732,0.632653,0.773991,0.774378,0.039062,0.039062
695,0.526533,0.825650,0.774766,0.775153,0.626953,0.958984
696,0.081937,0.610553,0.775541,0.775928,0.958984,0.958984
697,0.474502,0.706720,0.776316,0.776704,0.492188,0.459961
698,0.842380,0.776316,0.777091,0.777479,0.459961,0.459961
699,0.298007,0.229757,0.777866,0.778254,0.558594,0.789062
700,0.023930,0.211744,0.778641,0.779029,0.789062,0.789062
701,0.848572,0.281598,0.779416,0.779804,0.463989,0.808594
702,0.265836,0.024694,0.780192,0.780579,0.808594,0.808594
703,0.475189,0.362384,0.780967,0.781354,0.359375,0.810547
704,0.111649,0.660701,0.781742,0.782129,0.810547,0.810547
705,0.494387,0.862748,0.782517,0.782904,0.332031,0.503906
706,0.248746,0.494964,0.783292,0.783680,0.503906,0.503906
707,0.640212,0.338096,0.784067,0.784455,0.378906,0.093750
708,0.440489,0.477577,0.784842,0.785230,0.093750,0.093750
709,0.842083,0.057064,0.785617,0.786005,0.625000,0.730469
710,0.686849,0.144318,0.786392,0.786780,0.730469,0.730469
711,0.307007,0.045261,0.787167,0.787555,0.304688,0.519531
712,0.365142,0.903967,0.787943,0.788330,0.519531,0.519531
713,0.979957,0.759887,0.788718,0.789105,0.210938,0.292969
714,0.289783,0.764597,0.789493,0.789880,0.292969,0.292969
715,0.510442,0.472028,0.790268,0.790655,0.901367,0.707031
716,0.120807,0.282251,0.791043,0.791431,0.707031,0.707031
717,0.329280,0.137906,0.791818,0.792206,0.628906,0.320312
718,0.971203,0.361039,0.792593,0.792981,0.320312,0.320312
719,0.664572,0.474169,0.793368,0.793756,0.695312,0.450195
720,0.407317,0.397514,0.794143,0.794531,0.450195,0.450195
721,0.819366,0.453103,0.794919,0.795306,0.308594,0.667969
722,0.652380,0.727955,0.795694,0.796081,0.667969,0.667969
723,0.865958,0.159638,0.796469,0.796856,0.618408,0.605469
724,0.416760,0.994752,0.797244,0.797631,0.605469,0.605469
725,0.157167,0.909099,0.798019,0.798407,0.566406,0.460938
726,0.051822,0.795071,0.798794,0.799182,0.460938,0.460938
727,0.960053,0.774035,0.799569,0.799957,0.851562,0.001953
728,0.276847,0.569649,0.800344,0.800732,0.001953,0.001953
729,0.192049,0.153278,0.801119,0.801507,0.923828,0.140625
730,0.959671,0.579180,0.801894,0.802282,0.140625,0.140625
731,0.256920,0.326092,0.802670,0.803057,0.345703,0.304688
732,0.492104,0.579877,0.803445,0.803832,0.304688,0.304688
733,0.209610,0.515784,0.804220,0.804607,0.281250,0.152466
734,0.930230,0.289152,0.804995,0.805382,0.152466,0.152466
735,0.101513,0.929553,0.805770,0.806158,0.734375,0.041016
736,0.263590,0.019135,0.806545,0.806933,0.041016,0.041016
737,0.727336,0.186735,0.807320,0.807708,0.131836,0.000000
738,0.759657,0.885357,0.808095,0.808483,0.000000,0.000000
739,0.872215,0.700304,0.808870,0.809258,0.582031,0.917969
740,0.894628,0.951899,0.809646,0.810033,0.917969,0.917969
741,0.192496,0.520168,0.810421,0.810808,0.410156,0.959961
742,0.299090,0.268421,0.811196,0.811583,0.959961,0.959961
743,0.946978,0.081623,0.811971,0.812358,0.445312,0.859375
744,0.706091,0.928440,0.812746,0.813133,0.859375,0.859375
745,0.406723,0.707262,0.813521,0.813909,0.137421,0.785156
746,0.833907,0.328036,0.814296,0.814684,0.785156,0.785156
747,0.431579,0.156918,0.815071,0.815459,0.906250,0.291992
748,0.109094,0.517821,0.815846,0.816234,0.291992,0.291992
749,0.129105,0.089910,0.816621,0.817009,0.750000,0.650391
750,0.582446,0.018142,0.817397,0.817784,0.650391,0.650391
751,0.970606,0.275099,0.818172,0.818559,0.132812,0.656250
752,0.118136,0.702606,0.818947,0.819334,0.656250,0.656250
753,0.629863,0.693853,0.819722,0.820109,0.664062,0.414062
754,0.895442,0.483761,0.820497,0.820885,0.414062,0.414062
755,0.772489,0.341630,0.821272,0.821660,0.890625,0.542199
756,0.875339,0.779331,0.822047,0.822435,0.542199,0.542199
757,0.553289,0.689604,0.822822,0.823210,0.824219,0.566406
758,0.958156,0.214310,0.823597,0.823985,0.566406,0.566406
759,0.854351,0.457845,0.824373,0.824760,0.296875,0.898438
760,0.705252,0.094441,0.825148,0.825535,0.898438,0.898438
761,0.212431,0.214074,0.825923,0.826310,0.281250,0.953125
762,0.083250,0.641949,0.826698,0.827085,0.953125,0.953125
763,0.650737,0.382964,0.827473,0.827860,0.671875,0.753906
764,0.537587,0.402650,0.828248,0.828636,0.753906,0.753906
765,0.266819,0.405336,0.829023,0.829411,0.128906,0.472656
766,0.426899,0.213923,0.829798,0.830186,0.472656,0.472656
767,0.103400,0.475968,0.830573,0.830961,0.778290,0.445312
768,0.470958,0.069909,0.831348,0.831736,0.445312,0.445312
769,0.392731,0.542627,0.832124,0.832511,0.546875,0.072266
770,0.881618,0.449862,0.832899,0.833286,0.072266,0.072266
771,0.207207,0.116232,0.833674,0.834061,0.066406,0.656250
772,0.758447,0.130722,0.834449,0.834836,0.656250,0.656250
773,0.821382,0.924926,0.835224,0.835612,0.802734,0.605469
774,0.635004,0.888566,0.835999,0.836387,0.605469,0.605469
775,0.063687,0.070810,0.836774,0.837162,0.814453,0.902344
776,0.950685,0.026996,0.837549,0.837937,0.902344,0.902344
777,0.936291,0.044056,0.838324,0.838712,0.031250,0.931458
778,0.946348,0.583634,0.839100,0.839487,0.931458,0.931458
779,0.224580,0.293805,0.839875,0.840262,0.386719,0.718750
780,0.906088,0.969367,0.840650,0.841037,0.718750,0.718750
781,0.408162,0.838847,0.841425,0.841812,0.629883,0.359375
782,0.950983,0.606307,0.842200,0.842587,0.359375,0.359375
783,0.689761,0.043444,0.842975,0.843363,0.517578,0.628906
784,0.361250,0.216660,0.843750,0.844138,0.628906,0.628906
785,0.303534,0.860356,0.844525,0.844913,0.519531,0.601562
786,0.342491,0.722968,0.845300,0.845688,0.601562,0.601562
787,0.332471,0.610878,0.846075,0.846463,0.509766,0.601562
788,0.535321,0.392399,0.846851,0.847238,0.601562,0.601562
789,0.073763,0.296148,0.847626,0.848013,0.298218,0.691406
790,0.836339,0.574099,0.848401,0.848788,0.691406,0.691406
791,0.841911,0.565198,0.849176,0.849563,0.644531,0.566406
792,0.309662,0.590236,0.849951,0.850339,0.566406,0.566406
793,0.801099,0.415281,0.850726,0.851114,0.832031,0.222656
794,0.834149,0.778539,0.851501,0.851889,0.222656,0.222656
795,0.568733,0.869218,0.852276,0.852664,0.726562,0.953125
796,0.857941,0.394489,0.853051,0.853439,0.953125,0.953125
797,0.050083,0.360537,0.853827,0.854214,0.028320,0.609375
798,0.543480,0.937344,0.854602,0.854989,0.609375,0.609375
799,0.568398,0.255801,0.855377,0.855764,0.609375,0.562866
800,0.754462,0.453099,0.856152,0.856539,0.562866,0.562866
801,0.213817,0.048933,0.856927,0.857314,0.312500,0.335938
802,0.087724,0.237038,0.857702,0.858090,0.335938,0.335938
803,0.509856,0.419488,0.858477,0.858865,0.365234,0.351562
804,0.866989,0.121617,0.859252,0.859640,0.351562,0.351562
805,0.682268,0.935863,0.860027,0.860415,0.093750,0.156250
806,0.547312,0.445892,0.860802,0.861190,0.156250,0.156250
807,0.727157,0.987962,0.861578,0.861965,0.980469,0.268555
808,0.968095,0.594042,0.862353,0.862740,0.268555,0.268555
809,0.813313,0.492227,0.863128,0.863515,0.757812,0.347656
810,0.541687,0.193306,0.863903,0.864290,0.347656,0.347656
811,0.143648,0.665232,0.864678,0.865066,0.454590,0.617188
812,0.731064,0.314569,0.865453,0.865841,0.617188,0.617188
813,0.974965,0.476178,0.866228,0.866616,0.355469,0.542969
814,0.016936,0.951775,0.867003,0.867391,0.542969,0.542969
815,0.444272,0.228637,0.867778,0.868166,0.093750,0.552734
816,0.255830,0.132137,0.868554,0.868941,0.552734,0.552734
817,0.813775,0.001465,0.869329,0.869716,0.699219,0.671875
818,0.284747,0.229660,0.870104,0.870491,0.671875,0.671875
819,0.901907,0.561235,0.870879,0.871266,0.536133,0.369141
820,0.075047,0.480718,0.871654,0.872041,0.369141,0.369141
821,0.682429,0.045264,0.872429,0.872817,0.519531,0.679443
822,0.676660,0.162704,0.873204,0.873592,0.679443,0.679443
823,0.304941,0.514427,0.873979,0.874367,0.503906,0.261719
824,0.318254,0.264422,0.874754,0.875142,0.261719,0.261719
825,0.580755,0.300064,0.875529,0.875917,0.737305,0.832031
826,0.488081,0.936048,0.876305,0.876692,0.832031,0.832031
827,0.132585,0.228850,0.877080,0.877467,0.808594,0.734375
828,0.861203,0.980751,0.877855,0.878242,0.734375,0.734375
829,0.698786,0.610680,0.878630,0.879017,0.085938,0.526367
830,0.871473,0.866303,0.879405,0.879793,0.526367,0.526367
831,0.044993,0.290918,0.880180,0.880568,0.033203,0.804688
832,0.386386,0.921252,0.880955,0.881343,0.804688,0.804688
833,0.131470,0.318722,0.881730,0.882118,0.004883,0.339844
834,0.841152,0.735463,0.882505,0.882893,0.339844,0.339844
835,0.496531,0.934154,0.883281,0.883668,0.828125,0.765625
836,0.136831,0.919882,0.884056,0.884443,0.765625,0.765625
837,0.921438,0.573282,0.884831,0.885218,0.882812,0.843750
838,0.742239,0.293014,0.885606,0.885993,0.843750,0.843750
839,0.755831,0.821034,0.886381,0.886768,0.511719,0.742188
840,0.651484,0.690809,0.887156,0.887544,0.742188,0.742188
841,0.454216,0.014901,0.887931,0.888319,0.569336,0.017578
842,0.756510,0.450782,0.888706,0.889094,0.017578,0.017578
843,0.991829,0.646480,0.889481,0.889869,0.671875,0.523193
844,0.279540,0.810033,0.890256,0.890644,0.523193,0.523193
845,0.304172,0.726193,0.891032,0.891419,0.839844,0.351562
846,0.413609,0.524889,0.891807,0.892194,0.351562,0.351562
847,0.617304,0.109319,0.892582,0.892969,0.980469,0.753906
848,0.026799,0.838262,0.893357,0.893744,0.753906,0.753906
849,0.476103,0.801396,0.894132,0.894520,0.462891,0.582031
850,0.937468,0.060048,0.894907,0.895295,0.582031,0.582031
851,0.066001,0.032490,0.895682,0.896070,0.855469,0.145508
852,0.640544,0.311049,0.896457,0.896845,0.145508,0.145508
853,0.106601,0.701486,0.897232,0.897620,0.501953,0.058594
854,0.662611,0.264247,0.898008,0.898395,0.058594,0.058594
855,0.524458,0.055558,0.898783,0.899170,0.706055,0.972656
856,0.754395,0.647439,0.899558,0.899945,0.972656,0.972656
857,0.885013,0.319294,0.900333,0.900720,0.214844,0.996094
858,0.428552,0.153242,0.901108,0.901495,0.996094,0.996094
859,0.513710,0.573909,0.901883,0.902271,0.257812,0.296875
860,0.687746,0.270200,0.902658,0.903046,0.296875,0.296875
861,0.555971,0.187010,0.903433,0.903821,0.953125,0.128906
862,0.729405,0.950002,0.904208,0.904596,0.128906,0.128906
863,0.192261,0.519838,0.904983,0.905371,0.356445,0.384766
864,0.234121,0.880272,0.905759,0.906146,0.384766,0.384766
865,0.581072,0.779482,0.906534,0.906921,0.988281,0.336914
866,0.286342,0.461407,0.907309,0.907696,0.336914,0.336914
867,0.957395,0.263203,0.908084,0.908471,0.210938,0.453125
868,0.570548,0.140478,0.908859,0.909247,0.453125,0.453125
869,0.601706,0.946112,0.909634,0.910022,0.333008,0.070312
870,0.149521,0.912058,0.910409,0.910797,0.070312,0.070312
871,0.943743,0.235606,0.911184,0.911572,0.861328,0.908203
872,0.572093,0.593147,0.911959,0.912347,0.908203,0.908203
873,0.032673,0.131018,0.912735,0.913122,0.308594,0.896484
874,0.548007,0.987152,0.913510,0.913897,0.896484,0.896484
875,0.887913,0.665481,0.914285,0.914672,0.339844,0.195312
876,0.458140,0.755448,0.915060,0.915447,0.195312,0.195312
877,0.850077,0.886601,0.915835,0.916222,0.316895,0.625000
878,0.906312,0.359809,0.916610,0.916998,0.625000,0.625000
879,0.238563,0.374531,0.917385,0.917773,0.660156,0.000488
880,0.336614,0.652525,0.918160,0.918548,0.000488,0.000488
881,0.563109,0.319090,0.918935,0.919323,0.269531,0.097656
882,0.488606,0.459220,0.919710,0.920098,0.097656,0.097656
883,0.977547,0.456651,0.920486,0.920873,0.810547,0.832031
884,0.375301,0.432144,0.921261,0.921648,0.832031,0.832031
885,0.407169,0.380754,0.922036,0.922423,0.123047,0.296875
886,0.460881,0.786899,0.922811,0.923198,0.296875,0.296875
887,0.462966,0.238334,0.923586,0.923974,0.378906,0.362305
888,0.329073,0.704545,0.924361,0.924749,0.362305,0.362305
889,0.084473,0.896147,0.925136,0.925524,0.500000,0.425781
890,0.780771,0.040788,0.925911,0.926299,0.425781,0.425781
891,0.124121,0.153073,0.926686,0.927074,0.033203,0.722656
892,0.775451,0.432016,0.927461,0.927849,0.722656,0.722656
893,0.268081,0.311260,0.928237,0.928624,0.810547,0.925781
894,0.172006,0.493176,0.929012,0.929399,0.925781,0.925781
895,0.637986,0.987364,0.929787,0.930174,0.457031,0.554688
896,0.036228,0.228503,0.930562,0.930949,0.554688,0.554688
897,0.342619,0.739243,0.931337,0.931725,0.720703,0.300781
898,0.563103,0.717117,0.932112,0.932500,0.300781,0.300781
899,0.158072,0.192619,0.932887,0.933275,0.595215,0.425781
900,0.448488,0.202814,0.933662,0.934050,0.425781,0.425781
901,0.222889,0.714793,0.934437,0.934825,0.304688,0.538086
902,0.716823,0.594181,0.935212,0.935600,0.538086,0.538086
903,0.511611,0.500570,0.935988,0.936375,0.968750,0.443359
904,0.854576,0.134112,0.936763,0.937150,0.443359,0.443359
905,0.687284,0.703835,0.937538,0.937925,0.863281,0.828125
906,0.953426,0.518324,0.938313,0.938700,0.828125,0.828125
907,0.887335,0.176391,0.939088,0.939476,0.095703,0.580078
908,0.806175,0.472418,0.939863,0.940251,0.580078,0.580078
909,0.337191,0.820576,0.940638,0.941026,0.765625,0.840820
910,0.364657,0.951237,0.941413,0.941801,0.840820,0.840820
911,0.955170,0.191687,0.942188,0.942576,0.582031,0.128906
912,0.190446,0.428226,0.942964,0.943351,0.128906,0.128906
913,0.629376,0.751746,0.943739,0.944126,0.317871,0.656250
914,0.743893,0.795242,0.944514,0.944901,0.656250,0.656250
915,0.392685,0.130772,0.945289,0.945676,0.123047,0.853516
916,0.697854,0.329553,0.946064,0.946452,0.853516,0.853516
917,0.108569,0.540543,0.946839,0.947227,0.312500,0.896484
918,0.026881,0.916625,0.947614,0.948002,0.896484,0.896484
919,0.857690,0.930006,0.948389,0.948777,0.822266,0.441406
920,0.811695,0.019098,0.949164,0.949552,0.441406,0.441406
921,0.608045,0.264137,0.949939,0.950327,0.298828,0.492188
922,0.459495,0.311013,0.950715,0.951102,0.492188,0.492188
923,0.932346,0.190956,0.951490,0.951877,0.289062,0.370117
924,0.306062,0.130423,0.952265,0.952652,0.370117,0.370117
925,0.152434,0.904330,0.953040,0.953427,0.417969,0.517578
926,0.699931,0.543819,0.953815,0.954203,0.517578,0.517578
927,0.210919,0.952265,0.954590,0.954978,0.898438,0.117188
928,0.573874,0.624045,0.955365,0.955753,0.117188,0.117188
929,0.714437,0.925567,0.956140,0.956528,0.496094,0.052734
930,0.308508,0.291363,0.956915,0.957303,0.052734,0.052734
931,0.645424,0.010477,0.957691,0.958078,0.070312,0.014160
932,0.649298,0.527838,0.958466,0.958853,0.014160,0.014160
933,0.039197,0.859901,0.959241,0.959628,0.332031,0.425781
934,0.133616,0.984436,0.960016,0.960403,0.425781,0.425781
935,0.178800,0.799406,0.960791,0.961179,0.427246,0.804688
936,0.828387,0.608493,0.961566,0.961954,0.804688,0.804688
937,0.739946,0.946401,0.962341,0.962729,0.611328,0.910156
938,0.403822,0.120032,0.963116,0.963504,0.910156,0.910156
939,0.821306,0.773694,0.963891,0.964279,0.882812,0.697266
940,0.860325,0.173921,0.964666,0.965054,0.697266,0.697266
941,0.815077,0.593651,0.965442,0.965829,0.822266,0.703125
942,0.654424,0.634287,0.966217,0.966604,0.703125,0.703125
943,0.584275,0.874543,0.966992,0.967379,0.188477,0.957031
944,0.232462,0.337857,0.967767,0.968154,0.957031,0.957031
945,0.634779,0.588656,0.968542,0.968930,0.742188,0.258301
946,0.495242,0.457053,0.969317,0.969705,0.258301,0.258301
947,0.648049,0.079115,0.970092,0.970480,0.687500,0.511719
948,0.603793,0.423877,0.970867,0.971255,0.511719,0.511719
949,0.977019,0.866024,0.971642,0.972030,0.695312,0.695312
950,0.901728,0.684415,0.972418,0.972805,0.695312,0.695312
951,0.866766,0.168374,0.973193,0.973580,0.548828,0.535156
952,0.087893,0.441894,0.973968,0.974355,0.535156,0.535156
953,0.741768,0.596394,0.974743,0.975130,0.226562,0.123047
954,0.574945,0.784470,0.975518,0.975906,0.123047,0.123047
955,0.852197,0.006761,0.976293,0.976681,0.621094,0.183594
956,0.642051,0.802476,0.977068,0.977456,0.183594,0.183594
957,0.499678,0.030224,0.977843,0.978231,0.601562,0.101562
958,0.245180,0.866707,0.978618,0.979006,0.101562,0.101562
959,0.533759,0.508761,0.979393,0.979781,0.087891,0.314453
960,0.856541,0.077940,0.980169,0.980556,0.314453,0.314453
961,0.424164,0.281843,0.980944,0.981331,0.160156,0.736328
962,0.161590,0.807424,0.981719,0.982106,0.736328,0.736328
963,0.921101,0.967178,0.982494,0.982881,0.902344,0.144531
964,0.628170,0.102754,0.983269,0.983657,0.144531,0.144531
965,0.944144,0.975175,0.984044,0.984432,0.022461,0.945312
966,0.504861,0.518190,0.984819,0.985207,0.945312,0.945312
967,0.041783,0.251064,0.985594,0.985982,0.804688,0.961426
968,0.350126,0.603329,0.986369,0.986757,0.961426,0.961426
969,0.724741,0.347240,0.987145,0.987532,0.839844,0.607422
970,0.662248,0.451646,0.987920,0.988307,0.607422,0.607422
971,0.876401,0.716821,0.988695,0.989082,0.033203,0.554688
972,0.721403,0.647814,0.989470,0.989857,0.554688,0.554688
973,0.937059,0.667130,0.990245,0.990633,0.474609,0.841797
974,0.932951,0.425989,0.991020,0.991408,0.841797,0.841797
975,0.267152,0.649434,0.991795,0.992183,0.167969,0.406250
976,0.879833,0.242816,0.992570,0.992958,0.406250,0.406250
977,0.154668,0.283787,0.993345,0.993733,0.320312,0.273438
978,0.603339,0.966606,0.994120,0.994508,0.273438,0.273438
979,0.828767,0.289474,0.994896,0.995283,0.081543,0.480469
980,0.804657,0.293388,0.995671,0.996058,0.480469,0.480469
981,0.746960,0.036165,0.996446,0.996833,0.376953,0.291016
982,0.905583,0.103465,0.997221,0.997608,0.291016,0.291016
983,0.643196,0.392997,0.997996,0.998384,0.148438,0.792969
984,0.922747,0.187190,0.998771,0.999159,0.792969,0.792969
985,0.687283,0.206762,0.999546,0.999934,0.251953,0.839844
986,0.403461,0.980121,0.000321,0.000709,0.839844,0.839844
987,0.109497,0.739940,0.001096,0.001484,0.561523,0.597656
988,0.307376,0.811595,0.001872,0.002259,0.597656,0.597656
989,0.260389,0.799151,0.002647,0.003034,0.597656,0.238770
990,0.135371,0.526688,0.003422,0.003809,0.238770,0.238770
991,0.309970,0.015347,0.004197,0.004584,0.949219,0.982422
992,0.267843,0.527921,0.004972,0.005360,0.982422,0.982422
993,0.989496,0.844337,0.005747,0.006135,0.688477,0.714844
994,0.308652,0.372262,0.006522,0.006910,0.714844,0.714844
995,0.700591,0.416183,0.007297,0.007685,0.488281,0.789062
996,0.923445,0.483123,0.008072,0.008460,0.789062,0.789062
997,0.680952,0.770731,0.008847,0.009235,0.828125,0.104492
998,0.672485,0.713013,0.009623,0.010010,0.104492,0.104492
999,0.488166,0.652931,0.010398,0.010785,0.285156,0.570312
1000,0.177924,0.040921,0.011173,0.011560,0.570312,0.570312
1001,0.734629,0.548878,0.011948,0.012335,0.107666,0.863281
1002,0.680936,0.185655,0.012723,0.013111,0.863281,0.863281
1003,0.354682,0.932420,0.013498,0.013886,0.294922,0.059570
1004,0.562881,0.719859,0.014273,0.014661,0.059570,0.059570
1005,0.470856,0.809357,0.015048,0.015436,0.843750,0.652344
1006,0.988245,0.265155,0.015823,0.016211,0.652344,0.652344
1007,0.849701,0.516726,0.016599,0.016986,0.058594,0.839844
1008,0.983879,0.448527,0.017374,0.017761,0.839844,0.839844
1009,0.920460,0.779250,0.018149,0.018536,0.566406,0.046875
1010,0.107037,0.100005,0.018924,0.019311,0.046875,0.046875
1011,0.669432,0.275042,0.019699,0.020087,0.246094,0.848877
1012,0.090260,0.250710,0.020474,0.020862,0.848877,0.848877
1013,0.173592,0.644514,0.021249,0.021637,0.093750,0.816406
1014,0.523461,0.763608,0.022024,0.022412,0.816406,0.816406
1015,0.568483,0.159917,0.022799,0.023187,0.436523,0.171875
1016,0.155397,0.898599,0.023574,0.023962,0.171875,0.171875
1017,0.302666,0.144490,0.024350,0.024737,0.810547,0.183594
1018,0.750906,0.648865,0.025125,0.025512,0.183594,0.183594
1019,0.129177,0.504036,0.025900,0.026287,0.152344,0.455078
1020,0.354088,0.224829,0.026675,0.027062,0.455078,0.455078
1021,0.205321,0.537707,0.027450,0.027838,0.382812,0.945312
1022,0.545229,0.421009,0.028225,0.028613,0.945312,0.945312
1023,0.138588,0.081586,0.029000,0.029388,0.921631,0.171875
1024,0.977390,0.318880,0.029775,0.030163,0.171875,0.171875
1025,0.486173,0.802192,0.030550,0.030938,0.667969,0.847656
1026,0.385635,0.972002,0.031326,0.031713,0.847656,0.847656
1027,0.068468,0.914479,0.032101,0.032488,0.226562,0.095703
1028,0.822635,0.411196,0.032876,0.033263,0.095703,0.095703
1029,0.883865,0.219179,0.033651,0.034038,0.513672,0.207031
1030,0.149166,0.661428,0.034426,0.034814,0.207031,0.207031
1031,0.629199,0.511113,0.035201,0.035589,0.799805,0.441406
1032,0.994477,0.003323,0.035976,0.036364,0.441406,0.441406
1033,0.775030,0.666528,0.036751,0.037139,0.871094,0.549805
1034,0.380682,0.471619,0.037526,0.037914,0.549805,0.549805
1035,0.744389,0.916738,0.038301,0.038689,0.355469,0.279297
1036,0.198803,0.244188,0.039077,0.039464,0.279297,0.279297
1037,0.213116,0.815033,0.039852,0.040239,0.053711,0.953125
1038,0.857962,0.706780,0.040627,0.041014,0.953125,0.953125
1039,0.940377,0.953230,0.041402,0.041789,0.654297,0.830078
1040,0.020064,0.612931,0.042177,0.042565,0.830078,0.830078
1041,0.825506,0.014751,0.042952,0.043340,0.082031,0.697266
1042,0.763304,0.009685,0.043727,0.044115,0.697266,0.697266
1043,0.477163,0.648474,0.044502,0.044890,0.464844,0.292969
1044,0.325235,0.204848,0.045277,0.045665,0.292969,0.292969
1045,0.675371,0.921988,0.046053,0.046440,0.766113,0.316406
1046,0.502694,0.241928,0.046828,0.047215,0.316406,0.316406
1047,0.304955,0.884204,0.047603,0.047990,0.322266,0.884766
1048,0.572684,0.032556,0.048378,0.048765,0.884766,0.884766
1049,0.223959,0.585209,0.049153,0.049540,0.285156,0.912109
1050,0.652312,0.873759,0.049928,0.050316,0.912109,0.912109
1051,0.531973,0.511459,0.050703,0.051091,0.808594,0.992188
1052,0.261421,0.148904,0.051478,0.051866,0.992188,0.992188
1053,0.875724,0.510757,0.052253,0.052641,0.023438,0.921875
1054,0.299672,0.506241,0.053028,0.053416,0.921875,0.921875
1055,0.673194,0.992059,0.053804,0.054191,0.585938,0.099609
1056,0.992139,0.998081,0.054579,0.054966,0.099609,0.099609
1057,0.801231,0.185210,0.055354,0.055741,0.816406,0.548828
1058,0.019631,0.046085,0.056129,0.056516,0.548828,0.548828
1059,0.203192,0.132828,0.056904,0.057292,0.309570,0.066406
1060,0.605401,0.337846,0.057679,0.058067,0.066406,0.066406
1061,0.273972,0.984432,0.058454,0.058842,0.230469,0.541016
1062,0.919993,0.101270,0.059229,0.059617,0.541016,0.541016
1063,0.114720,0.727449,0.060004,0.060392,0.570312,0.066406
1064,0.348490,0.666162,0.060780,0.061167,0.066406,0.066406
1065,0.354293,0.053256,0.061555,0.061942,0.386719,0.484375
1066,0.467693,0.878956,0.062330,0.062717,0.484375,0.484375
1067,0.918491,0.719202,0.063105,0.063492,0.883057,0.222656
1068,0.919443,0.185108,0.063880,0.064267,0.222656,0.222656
1069,0.951568,0.235064,0.064655,0.065043,0.087891,0.395508
1070,0.832934,0.425038,0.065430,0.065818,0.395508,0.395508
1071,0.258365,0.855766,0.066205,0.066593,0.996094,0.890625
1072,0.373112,0.202230,0.066980,0.067368,0.890625,0.890625
1073,0.649107,0.269975,0.067755,0.068143,0.144531,0.242188
1074,0.997238,0.121713,0.068531,0.068918,0.242188,0.242188
1075,0.301158,0.306689,0.069306,0.069693,0.001953,0.636719
1076,0.992607,0.392438,0.070081,0.070468,0.636719,0.636719
1077,0.326776,0.185108,0.070856,0.071243,0.507812,0.255615
1078,0.134842,0.961283,0.071631,0.072019,0.255615,0.255615
1079,0.661428,0.218750,0.072406,0.072794,0.574219,0.789062
1080,0.096089,0.299516,0.073181,0.073569,0.789062,0.789062
1081,0.774641,0.861867,0.073956,0.074344,0.973633,0.535156
1082,0.287881,0.474378,0.074731,0.075119,0.535156,0.535156
1083,0.286079,0.406038,0.075507,0.075894,0.750000,0.113281
1084,0.160500,0.806723,0.076282,0.076669,0.113281,0.113281
1085,0.782368,0.987068,0.077057,0.077444,0.570312,0.799805
1086,0.554231,0.351423,0.077832,0.078219,0.799805,0.799805
1087,0.304050,0.465486,0.078607,0.078994,0.996094,0.421875
1088,0.004596,0.878463,0.079382,0.079770,0.421875,0.421875
1089,0.692200,0.064925,0.080157,0.080545,0.514771,0.785156
1090,0.633327,0.079170,0.080932,0.081320,0.785156,0.785156
1091,0.074962,0.350645,0.081707,0.082095,0.800781,0.612305
1092,0.007184,0.802830,0.082482,0.082870,0.612305,0.612305
1093,0.111121,0.073737,0.083258,0.083645,0.335938,0.818359
1094,0.516908,0.818812,0.084033,0.084420,0.818359,0.818359
1095,0.145340,0.777066,0.084808,0.085195,0.716797,0.003906
1096,0.202616,0.284314,0.085583,0.085970,0.003906,0.003906
1097,0.700532,0.299723,0.086358,0.086746,0.499023,0.742188
1098,0.389131,0.497124,0.087133,0.087521,0.742188,0.742188
1099,0.422730,0.256126,0.087908,0.088296,0.742188,0.775452
1100,0.601100,0.216498,0.088683,0.089071,0.775452,0.775452
1101,0.338307,0.949949,0.089458,0.089846,0.710938,0.164062
1102,0.000577,0.650346,0.090234,0.090621,0.164062,0.164062
1103,0.061580,0.000041,0.091009,0.091396,0.818359,0.386719
1104,0.674258,0.951918,0.091784,0.092171,0.386719,0.386719
1105,0.912501,0.128510,0.092559,0.092946,0.425781,0.345703
1106,0.931430,0.940013,0.093334,0.093721,0.345703,0.345703
1107,0.902097,0.922353,0.094109,0.094497,0.039062,0.131836
1108,0.923270,0.324223,0.094884,0.095272,0.131836,0.131836
1109,0.755334,0.065552,0.095659,0.096047,0.140625,0.988281
1110,0.234923,0.630776,0.096434,0.096822,0.988281,0.988281
1111,0.746030,0.387627,0.097209,0.097597,0.904052,0.921875
1112,0.841790,0.786073,0.097985,0.098372,0.921875,0.921875
1113,0.198876,0.752553,0.098760,0.099147,0.292969,0.764648
1114,0.662741,0.942477,0.099535,0.099922,0.764648,0.764648
1115,0.031323,0.675314,0.100310,0.100697,0.281250,0.492188
1116,0.121941,0.752405,0.101085,0.101472,0.492188,0.492188
1117,0.367817,0.987314,0.101860,0.102248,0.726562,0.312500
1118,0.435018,0.264085,0.102635,0.103023,0.312500,0.312500
1119,0.321093,0.712944,0.103410,0.103798,0.280273,0.386719
1120,0.063036,0.011742,0.104185,0.104573,0.386719,0.386719
1121,0.441700,0.813280,0.104961,0.105348,0.394531,0.416321
1122,0.817000,0.568543,0.105736,0.106123,0.416321,0.416321
1123,0.225772,0.275578,0.106511,0.106898,0.328125,0.839844
1124,0.648644,0.404988,0.107286,0.107673,0.839844,0.839844
1125,0.377416,0.299372,0.108061,0.108448,0.611328,0.660156
1126,0.721016,0.947463,0.108836,0.109224,0.660156,0.660156
1127,0.654038,0.314109,0.109611,0.109999,0.455078,0.041016
1128,0.441200,0.667852,0.110386,0.110774,0.041016,0.041016
1129,0.667698,0.909550,0.111161,0.111549,0.941406,0.294922
1130,0.013406,0.264905,0.111936,0.112324,0.294922,0.294922
1131,0.800862,0.762964,0.112712,0.113099,0.662109,0.089844
1132,0.023125,0.475070,0.113487,0.113874,0.089844,0.089844
1133,0.212847,0.239888,0.114262,0.114649,0.293701,0.527344
1134,0.094625,0.976921,0.115037,0.115424,0.527344,0.527344
1135,0.118653,0.437801,0.115812,0.116199,0.406250,0.083984
1136,0.325174,0.627004,0.116587,0.116975,0.083984,0.083984
1137,0.798610,0.101617,0.117362,0.117750,0.789062,0.705078
1138,0.331726,0.823406,0.118137,0.118525,0.705078,0.705078
1139,0.675116,0.040949,0.118912,0.119300,0.378906,0.203125
1140,0.857418,0.855430,0.119687,0.120075,0.203125,0.203125
1141,0.166302,0.029654,0.120463,0.120850,0.114258,0.734375
1142,0.311684,0.828789,0.121238,0.121625,0.734375,0.734375
1143,0.360826,0.761647,0.122013,0.122400,0.570312,0.935547
1144,0.768902,0.821550,0.122788,0.123175,0.935547,0.935547
1145,0.407372,0.011467,0.123563,0.123951,0.527344,0.976562
1146,0.538699,0.646216,0.124338,0.124726,0.976562,0.976562
1147,0.186837,0.191655,0.125113,0.125501,0.118164,0.382812
1148,0.388831,0.075438,0.125888,0.126276,0.382812,0.382812
1149,0.162036,0.684792,0.126663,0.127051,0.046875,0.990234
1150,0.648019,0.991927,0.127439,0.127826,0.990234,0.990234
1151,0.729836,0.862080,0.128214,0.128601,0.246094,0.522461
1152,0.775960,0.367682,0.128989,0.129376,0.522461,0.522461
1153,0.605400,0.120096,0.129764,0.130151,0.400391,0.621094
1154,0.234122,0.108366,0.130539,0.130926,0.621094,0.621094
1155,0.178811,0.693339,0.131314,0.131702,0.926514,0.496094
1156,0.226820,0.954933,0.132089,0.132477,0.496094,0.496094
1157,0.257027,0.656684,0.132864,0.133252,0.988281,0.808594
1158,0.632104,0.555758,0.133639,0.134027,0.808594,0.808594
1159,0.971971,0.265561,0.134414,0.134802,0.824219,0.255859
1160,0.011655,0.442723,0.135190,0.135577,0.255859,0.255859
1161,0.760076,0.577642,0.135965,0.136352,0.880859,0.714844
1162,0.398818,0.342993,0.136740,0.137127,0.714844,0.714844
1163,0.918890,0.051186,0.137515,0.137902,0.766602,0.945312
1164,0.553832,0.366654,0.138290,0.138678,0.945312,0.945312
1165,0.440800,0.983685,0.139065,0.139453,0.359375,0.090210
1166,0.686424,0.855429,0.139840,0.140228,0.090210,0.090210
1167,0.347495,0.443963,0.140615,0.141003,0.414062,0.718750
1168,0.686635,0.417412,0.141390,0.141778,0.718750,0.718750
1169,0.487234,0.238777,0.142166,0.142553,0.106445,0.593750
1170,0.362414,0.783288,0.142941,0.143328,0.593750,0.593750
1171,0.011811,0.486604,0.143716,0.144103,0.404297,0.986328
1172,0.191917,0.866993,0.144491,0.144878,0.986328,0.986328
1173,0.782489,0.268570,0.145266,0.145653,0.917969,0.046875
1174,0.755607,0.616290,0.146041,0.146429,0.046875,0.046875
1175,0.898109,0.237830,0.146816,0.147204,0.197266,0.488281
1176,0.372328,0.690476,0.147591,0.147979,0.488281,0.488281
1177,0.741270,0.369792,0.148366,0.148754,0.044922,0.726562
1178,0.398430,0.339505,0.149141,0.149529,0.726562,0.726562
1179,0.921829,0.721722,0.149917,0.150304,0.878906,0.168945
1180,0.019320,0.286536,0.150692,0.151079,0.168945,0.168945
1181,0.987389,0.298859,0.151467,0.151854,0.351562,0.943359
1182,0.180127,0.817931,0.152242,0.152629,0.943359,0.943359
1183,0.822128,0.976011,0.153017,0.153405,0.437500,0.863281
1184,0.230295,0.815129,0.153792,0.154180,0.863281,0.863281
1185,0.919632,0.391953,0.154567,0.154955,0.009766,0.185547
1186,0.864949,0.810837,0.155342,0.155730,0.185547,0.185547
1187,0.569100,0.106638,0.156117,0.156505,0.855469,0.637695
1188,0.311877,0.268223,0.156893,0.157280,0.637695,0.637695
1189,0.434736,0.593278,0.157668,0.158055,0.097656,0.230469
1190,0.147745,0.360301,0.158443,0.158830,0.230469,0.230469
1191,0.513467,0.135059,0.159218,0.159605,0.338867,0.339844
1192,0.411793,0.710462,0.159993,0.160380,0.339844,0.339844
1193,0.101346,0.857340,0.160768,0.161156,0.724609,0.822266
1194,0.370433,0.464720,0.161543,0.161931,0.822266,0.822266
1195,0.973164,0.177142,0.162318,0.162706,0.937500,0.095703
1196,0.655801,0.785739,0.163093,0.163481,0.095703,0.095703
1197,0.051265,0.614571,0.163868,0.164256,0.878906,0.597656
1198,0.111892,0.623988,0.164644,0.165031,0.597656,0.597656
1199,0.346139,0.975103,0.165419,0.165806,0.891846,0.105469
1200,0.060015,0.796675,0.166194,0.166581,0.105469,0.105469
1201,0.922605,0.424812,0.166969,0.167356,0.929688,0.402344
1202,0.595721,0.634566,0.167744,0.168132,0.402344,0.402344
1203,0.681170,0.729084,0.168519,0.168907,0.320312,0.568359
1204,0.688018,0.605880,0.169294,0.169682,0.568359,0.568359
1205,0.535736,0.727437,0.170069,0.170457,0.261719,0.679688
1206,0.364644,0.738045,0.170844,0.171232,0.679688,0.679688
1207,0.961579,0.148011,0.171619,0.172007,0.611328,0.625000
1208,0.542236,0.066534,0.172395,0.172782,0.625000,0.625000
1209,0.529056,0.955309,0.173170,0.173557,0.156250,0.336182
1210,0.609471,0.452127,0.173945,0.174332,0.336182,0.336182
1211,0.863842,0.163631,0.174720,0.175107,0.683594,0.656250
1212,0.509804,0.882466,0.175495,0.175883,0.656250,0.656250
1213,0.272873,0.692362,0.176270,0.176658,0.580078,0.667969
1214,0.463020,0.482805,0.177045,0.177433,0.667969,0.667969
1215,0.318209,0.103913,0.177820,0.178208,0.201172,0.285156
1216,0.075769,0.594716,0.178595,0.178983,0.285156,0.285156
1217,0.771913,0.553156,0.179371,0.179758,0.281250,0.899414
1218,0.119623,0.922855,0.180146,0.180533,0.899414,0.899414
1219,0.103661,0.176161,0.180921,0.181308,0.279297,0.871094
1220,0.661112,0.184724,0.181696,0.182083,0.871094,0.871094
1221,0.404836,0.533228,0.182471,0.182859,0.708984,0.515625
1222,0.056882,0.638574,0.183246,0.183634,0.515625,0.515625
1223,0.381461,0.451670,0.184021,0.184409,0.996094,0.745117
1224,0.877226,0.557676,0.184796,0.185184,0.745117,0.745117
1225,0.459312,0.713641,0.185571,0.185959,0.683594,0.937500
1226,0.490828,0.818425,0.186346,0.186734,0.937500,0.937500
1227,0.474392,0.164362,0.187122,0.187509,0.564453,0.179688
1228,0.084795,0.781825,0.187897,0.188284,0.179688,0.179688
1229,0.538222,0.561254,0.188672,0.189059,0.345703,0.431641
1230,0.134471,0.325031,0.189447,0.189834,0.431641,0.431641
1231,0.738949,0.219493,0.190222,0.190610,0.339844,0.942383
1232,0.254993,0.010281,0.190997,0.191385,0.942383,0.942383
1233,0.650525,0.716758,0.191772,0.192160,0.300781,0.136719
1234,0.587659,0.236348,0.192547,0.192935,0.136719,0.136719
1235,0.862696,0.758904,0.193322,0.193710,0.592773,0.632812
1236,0.491379,0.489926,0.194098,0.194485,0.632812,0.632812
1237,0.122810,0.632281,0.194873,0.195260,0.033203,0.162109
1238,0.806851,0.081991,0.195648,0.196035,0.162109,0.162109
1239,0.193420,0.381463,0.196423,0.196810,0.937500,0.681641
1240,0.990657,0.055052,0.197198,0.197586,0.681641,0.681641
1241,0.288385,0.639711,0.197973,0.198361,0.224609,0.214844
1242,0.229396,0.192092,0.198748,0.199136,0.214844,0.214844
1243,0.531298,0.603378,0.199523,0.199911,0.738770,0.847656
1244,0.267615,0.028071,0.200298,0.200686,0.847656,0.847656
1245,0.024679,0.346542,0.201073,0.201461,0.929688,0.436035
1246,0.146501,0.642641,0.201849,0.202236,0.436035,0.436035
1247,0.813914,0.636191,0.202624,0.203011,0.378906,0.859375
1248,0.928814,0.624986,0.203399,0.203786,0.859375,0.859375
1249,0.564898,0.372632,0.204174,0.204561,0.560547,0.375000
1250,0.008367,0.369051,0.204949,0.205337,0.375000,0.375000
1251,0.014911,0.741885,0.205724,0.206112,0.988281,0.781250
1252,0.076172,0.430785,0.206499,0.206887,0.781250,0.781250
1253,0.732201,0.646812,0.207274,0.207662,0.484375,0.215820
1254,0.876517,0.038011,0.208049,0.208437,0.215820,0.215820
1255,0.966160,0.709443,0.208825,0.209212,0.058594,0.820312
1256,0.869643,0.207538,0.209600,0.209987,0.820312,0.820312
1257,0.860223,0.312468,0.210375,0.210762,0.139160,0.289062
1258,0.958810,0.482002,0.211150,0.211537,0.289062,0.289062
1259,0.962034,0.802658,0.211925,0.212313,0.408203,0.238281
1260,0.846426,0.143579,0.212700,0.213088,0.238281,0.238281
1261,0.524727,0.177625,0.213475,0.213863,0.886719,0.673828
1262,0.428662,0.020844,0.214250,0.214638,0.673828,0.673828
1263,0.994447,0.360614,0.215025,0.215413,0.535156,0.558594
1264,0.210884,0.978716,0.215800,0.216188,0.558594,0.558594
1265,0.021223,0.766268,0.216576,0.216963,0.223145,0.964844
1266,0.130526,0.496252,0.217351,0.217738,0.964844,0.964844
1267,0.708542,0.454917,0.218126,0.218513,0.593750,0.712891
1268,0.642548,0.283924,0.218901,0.219288,0.712891,0.712891
1269,0.081703,0.088643,0.219676,0.220064,0.355469,0.142578
1270,0.875574,0.959306,0.220451,0.220839,0.142578,0.142578
1271,0.346239,0.442617,0.221226,0.221614,0.468750,0.277344
1272,0.964767,0.105571,0.222001,0.222389,0.277344,0.277344
1273,0.617258,0.661981,0.222776,0.223164,0.310547,0.847656
1274,0.213659,0.680651,0.223552,0.223939,0.847656,0.847656
1275,0.814975,0.583641,0.224327,0.224714,0.671875,0.914062
1276,0.428022,0.149357,0.225102,0.225489,0.914062,0.914062
1277,0.238084,0.786730,0.225877,0.226264,0.089844,0.843750
1278,0.839820,0.500291,0.226652,0.227040,0.843750,0.843750
1279,0.123557,0.663230,0.227427,0.227815,0.979004,0.695312
1280,0.053952,0.892801,0.228202,0.228590,0.695312,0.695312
1281,0.826041,0.553409,0.228977,0.229365,0.513672,0.292969
1282,0.047137,0.030264,0.229752,0.230140,0.292969,0.292969
1283,0.615464,0.697668,0.230527,0.230915,0.128906,0.093750
1284,0.193525,0.393800,0.231303,0.231690,0.093750,0.093750
1285,0.719172,0.481285,0.232078,0.232465,0.041016,0.816406
1286,0.468683,0.981467,0.232853,0.233240,0.816406,0.816406
1287,0.676526,0.646320,0.233628,0.234015,0.402832,0.757812
1288,0.069867,0.186730,0.234403,0.234791,0.757812,0.757812
1289,0.071873,0.590524,0.235178,0.235566,0.851562,0.815918
1290,0.128976,0.644522,0.235953,0.236341,0.815918,0.815918
1291,0.854140,0.048374,0.236728,0.237116,0.550781,0.599609
1292,0.783944,0.042338,0.237503,0.237891,0.599609,0.599609
1293,0.474178,0.563705,0.238279,0.238666,0.505859,0.890625
1294,0.445444,0.868298,0.239054,0.239441,0.890625,0.890625
1295,0.198321,0.016180,0.239829,0.240216,0.091797,0.816406
1296,0.264316,0.006355,0.240604,0.240991,0.816406,0.816406
1297,0.193448,0.442923,0.241379,0.241767,0.980469,0.796387
1298,0.360748,0.491816,0.242154,0.242542,0.796387,0.796387
1299,0.361515,0.095813,0.242929,0.243317,0.511719,0.335938
1300,0.367157,0.270611,0.243704,0.244092,0.335938,0.335938
1301,0.515359,0.105220,0.244479,0.244867,0.874023,0.914062
1302,0.974776,0.134447,0.245254,0.245642,0.914062,0.914062
1303,0.096616,0.512760,0.246030,0.246417,0.539062,0.109375
1304,0.406337,0.147873,0.246805,0.247192,0.109375,0.109375
1305,0.047877,0.330066,0.247580,0.247967,0.656250,0.166016
1306,0.067032,0.475149,0.248355,0.248742,0.166016,0.166016
1307,0.341898,0.983146,0.249130,0.249518,0.554688,0.929688
1308,0.683024,0.226800,0.249905,0.250293,0.929688,0.929688
1309,0.188888,0.386850,0.250680,0.251068,0.518066,0.089844
1310,0.876859,0.589812,0.251455,0.251843,0.089844,0.089844
1311,0.823573,0.757023,0.252230,0.252618,0.570312,0.983887
1312,0.831240,0.461572,0.253006,0.253393,0.983887,0.983887
1313,0.896626,0.587193,0.253781,0.254168,0.894531,0.046875
1314,0.238332,0.254644,0.254556,0.254943,0.046875,0.046875
1315,0.744477,0.465435,0.255331,0.255718,0.890625,0.218750
1316,0.732222,0.281109,0.256106,0.256494,0.218750,0.218750
1317,0.151692,0.264368,0.256881,0.257269,0.109375,0.867188
1318,0.520330,0.642079,0.257656,0.258044,0.867188,0.867188
1319,0.934186,0.820090,0.258431,0.258819,0.464844,0.623047
1320,0.825680,0.743501,0.259206,0.259594,0.623047,0.623047
1321,0.468615,0.036952,0.259981,0.260369,0.460938,0.437500
1322,0.127898,0.842330,0.260757,0.261144,0.437500,0.437500
1323,0.069823,0.848442,0.261532,0.261919,0.582520,0.023438
1324,0.220171,0.100784,0.262307,0.262694,0.023438,0.023438
1325,0.105240,0.579739,0.263082,0.263469,0.664062,0.464844
1326,0.348805,0.138735,0.263857,0.264245,0.464844,0.464844
1327,0.483590,0.884327,0.264632,0.265020,0.476562,0.111328
1328,0.418241,0.239188,0.265407,0.265795,0.111328,0.111328
1329,0.384732,0.642549,0.266182,0.266570,0.892578,0.824219
1330,0.814750,0.932212,0.266957,0.267345,0.824219,0.824219
1331,0.311903,0.362097,0.267733,0.268120,0.809082,0.820312
1332,0.236639,0.691651,0.268508,0.268895,0.820312,0.820312
1333,0.606728,0.297336,0.269283,0.269670,0.617188,0.458008
1334,0.004289,0.221497,0.270058,0.270445,0.458008,0.458008
1335,0.136698,0.707914,0.270833,0.271221,0.320312,0.304688
1336,0.442199,0.696702,0.271608,0.271996,0.304688,0.304688
1337,0.465389,0.407273,0.272383,0.272771,0.849609,0.257812
1338,0.999067,0.247701,0.273158,0.273546,0.257812,0.257812
1339,0.598684,0.682561,0.273933,0.274321,0.146484,0.189453
1340,0.138116,0.402443,0.274708,0.275096,0.189453,0.189453
1341,0.116200,0.894069,0.275484,0.275871,0.203125,0.154297
1342,0.209435,0.115257,0.276259,0.276646,0.154297,0.154297
1343,0.663067,0.803184,0.277034,0.277421,0.078125,0.273438
1344,0.034866,0.683521,0.277809,0.278196,0.273438,0.273438
1345,0.192003,0.892328,0.278584,0.278972,0.864746,0.089844
1346,0.772943,0.362704,0.279359,0.279747,0.089844,0.089844
1347,0.000242,0.649624,0.280134,0.280522,0.070312,0.138672
1348,0.024663,0.524623,0.280909,0.281297,0.138672,0.138672
1349,0.597786,0.364491,0.281684,0.282072,0.585938,0.146484
1350,0.918181,0.230947,0.282459,0.282847,0.146484,0.146484
1351,0.948196,0.811435,0.283235,0.283622,0.865234,0.441406
1352,0.210945,0.522296,0.284010,0.284397,0.441406,0.441406
1353,0.857696,0.893366,0.284785,0.285172,0.516602,0.828125
1354,0.429063,0.991527,0.285560,0.285947,0.828125,0.828125
1355,0.735839,0.307221,0.286335,0.286723,0.871094,0.479736
1356,0.265228,0.243257,0.287110,0.287498,0.479736,0.479736
1357,0.770823,0.030282,0.287885,0.288273,0.746094,0.189453
1358,0.306105,0.072603,0.288660,0.289048,0.189453,0.189453
1359,0.596908,0.328731,0.289435,0.289823,0.601562,0.996094
1360,0.720856,0.420020,0.290211,0.290598,0.996094,0.996094
1361,0.922960,0.702275,0.290986,0.291373,0.982422,0.966797
1362,0.564956,0.964221,0.291761,0.292148,0.966797,0.966797
1363,0.456662,0.451858,0.292536,0.292923,0.250000,0.150391
1364,0.767439,0.746686,0.293311,0.293698,0.150391,0.150391
1365,0.647095,0.258042,0.294086,0.294474,0.488281,0.960938
1366,0.772250,0.716779,0.294861,0.295249,0.960938,0.960938
1367,0.742622,0.820379,0.295636,0.296024,0.478516,0.191406
1368,0.573065,0.486308,0.296411,0.296799,0.191406,0.191406
1369,0.615811,0.919241,0.297186,0.297574,0.937500,0.904297
1370,0.624341,0.310620,0.297962,0.298349,0.904297,0.904297
1371,0.367271,0.836647,0.298737,0.299124,0.000000,0.490234
1372,0.233950,0.325457,0.299512,0.299899,0.490234,0.490234
1373,0.069915,0.133952,0.300287,0.300674,0.287109,0.714844
1374,0.595428,0.548530,0.301062,0.301450,0.714844,0.714844
1375,0.296675,0.799791,0.301837,0.302225,0.876953,0.960938
1376,0.710395,0.365925,0.302612,0.303000,0.960938,0.960938
1377,0.001407,0.324041,0.303387,0.303775,0.210938,0.290283
1378,0.624156,0.864216,0.304162,0.304550,0.290283,0.290283
1379,0.893666,0.972255,0.304938,0.305325,0.097656,0.529297
1380,0.686109,0.467434,0.305713,0.306100,0.529297,0.529297
1381,0.902768,0.808516,0.306488,0.306875,0.374023,0.425781
1382,0.144582,0.946688,0.307263,0.307650,0.425781,0.425781
1383,0.607249,0.078641,0.308038,0.308425,0.406250,0.392578
1384,0.076230,0.310429,0.308813,0.309201,0.392578,0.392578
1385,0.636852,0.503163,0.309588,0.309976,0.664062,0.374023
1386,0.686919,0.341134,0.310363,0.310751,0.374023,0.374023
1387,0.662214,0.268084,0.311138,0.311526,0.843750,0.625000
1388,0.760816,0.907163,0.311913,0.312301,0.625000,0.625000
1389,0.419494,0.350906,0.312689,0.313076,0.183105,0.410156
1390,0.415269,0.655437,0.313464,0.313851,0.410156,0.410156
1391,0.043288,0.934301,0.314239,0.314626,0.435547,0.535156
1392,0.965221,0.500079,0.315014,0.315401,0.535156,0.535156
1393,0.885215,0.314329,0.315789,0.316177,0.730469,0.355469
1394,0.382021,0.585898,0.316564,0.316952,0.355469,0.355469
1395,0.361097,0.215800,0.317339,0.317727,0.964844,0.601562
1396,0.013571,0.382686,0.318114,0.318502,0.601562,0.601562
1397,0.493892,0.784959,0.318889,0.319277,0.128906,0.082031
1398,0.860805,0.898890,0.319665,0.320052,0.082031,0.082031
1399,0.887916,0.834481,0.320440,0.320827,0.515625,0.131836
1400,0.041837,0.709051,0.321215,0.321602,0.131836,0.131836
1401,0.019036,0.697027,0.321990,0.322377,0.289062,0.148438
1402,0.059713,0.960235,0.322765,0.323152,0.148438,0.148438
1403,0.054350,0.551967,0.323540,0.323928,0.394531,0.531250
1404,0.644196,0.684422,0.324315,0.324703,0.531250,0.531250
1405,0.115046,0.076302,0.325090,0.325478,0.201172,0.662109
1406,0.774774,0.286533,0.325865,0.326253,0.662109,0.662109
1407,0.579195,0.880041,0.326640,0.327028,0.492188,0.586914
1408,0.887926,0.192885,0.327416,0.327803,0.586914,0.586914
1409,0.234771,0.265618,0.328191,0.328578,0.285156,0.382812
1410,0.727194,0.276277,0.328966,0.329353,0.382812,0.382812
1411,0.421313,0.419222,0.329741,0.330128,0.735229,0.828125
1412,0.084551,0.701610,0.330516,0.330904,0.828125,0.828125
1413,0.038983,0.592394,0.331291,0.331679,0.736328,0.806641
1414,0.050737,0.952044,0.332066,0.332454,0.806641,0.806641
1415,0.080273,0.564541,0.332841,0.333229,0.796875,0.957031
1416,0.399560,0.384322,0.333616,0.334004,0.957031,0.957031
1417,0.196237,0.624467,0.334392,0.334779,0.701172,0.046875
1418,0.990740,0.562794,0.335167,0.335554,0.046875,0.046875
1419,0.774388,0.707263,0.335942,0.336329,0.509766,0.035156
1420,0.965876,0.018530,0.336717,0.337104,0.035156,0.035156
1421,0.061802,0.778251,0.337492,0.337879,0.667969,0.246460
1422,0.623445,0.962657,0.338267,0.338655,0.246460,0.246460
1423,0.546492,0.312095,0.339042,0.339430,0.234375,0.882812
1424,0.127475,0.958838,0.339817,0.340205,0.882812,0.882812
1425,0.196831,0.686015,0.340592,0.340980,0.890625,0.289062
1426,0.410238,0.353905,0.341367,0.341755,0.289062,0.289062
1427,0.527325,0.387008,0.342143,0.342530,0.154297,0.968750
1428,0.338139,0.341316,0.342918,0.343305,0.968750,0.968750
1429,0.903435,0.660675,0.343693,0.344080,0.789062,0.552734
1430,0.279346,0.758622,0.344468,0.344855,0.552734,0.552734
1431,0.715526,0.887423,0.345243,0.345631,0.964844,0.347656
1432,0.930604,0.379080,0.346018,0.346406,0.347656,0.347656
1433,0.044082,0.985186,0.346793,0.347181,0.892822,0.539062
1434,0.086471,0.956829,0.347568,0.347956,0.539062,0.539062
1435,0.025188,0.766089,0.348343,0.348731,0.013672,0.486328
1436,0.792362,0.185547,0.349119,0.349506,0.486328,0.486328
1437,0.002961,0.144287,0.349894,0.350281,0.222656,0.500000
1438,0.373395,0.686940,0.350669,0.351056,0.500000,0.500000
1439,0.420080,0.992288,0.351444,0.351831,0.300781,0.000000
1440,0.617167,0.829058,0.352219,0.352606,0.000000,0.000000
1441,0.482543,0.715268,0.352994,0.353382,0.254883,0.683594
1442,0.472385,0.962041,0.353769,0.354157,0.683594,0.683594
1443,0.744029,0.623073,0.354544,0.354932,0.558594,0.876953
1444,0.159703,0.064921,0.355319,0.355707,0.876953,0.876953
1445,0.769332,0.855050,0.356094,0.356482,0.843750,0.558594
1446,0.632452,0.547091,0.356870,0.357257,0.558594,0.558594
1447,0.524951,0.353162,0.357645,0.358032,0.092773,0.675781
1448,0.979731,0.052376,0.358420,0.358807,0.675781,0.675781
1449,0.134322,0.963304,0.359195,0.359582,0.060547,0.515625
1450,0.388856,0.557704,0.359970,0.360358,0.515625,0.515625
1451,0.275325,0.881019,0.360745,0.361133,0.593750,0.038086
1452,0.916989,0.483779,0.361520,0.361908,0.038086,0.038086
1453,0.802099,0.901440,0.362295,0.362683,0.035156,0.625000
1454,0.978688,0.783698,0.363070,0.363458,0.625000,0.625000
1455,0.948850,0.936564,0.363846,0.364233,0.413513,0.632812
1456,0.632159,0.886339,0.364621,0.365008,0.632812,0.632812
1457,0.155061,0.534686,0.365396,0.365783,0.425781,0.345703
1458,0.368847,0.207286,0.366171,0.366558,0.345703,0.345703
1459,0.141156,0.952168,0.366946,0.367333,0.027344,0.197266
1460,0.231985,0.025888,0.367721,0.368109,0.197266,0.197266
1461,0.866404,0.326955,0.368496,0.368884,0.558594,0.425781
1462,0.352034,0.266383,0.369271,0.369659,0.425781,0.425781
1463,0.249030,0.994461,0.370046,0.370434,0.597656,0.863281
1464,0.883045,0.274874,0.370821,0.371209,0.863281,0.863281
1465,0.274104,0.280575,0.371597,0.371984,0.085938,0.265906
1466,0.597049,0.756826,0.372372,0.372759,0.265906,0.265906
1467,0.805117,0.720645,0.373147,0.373534,0.019531,0.019531
1468,0.618328,0.545955,0.373922,0.374309,0.019531,0.019531
1469,0.426591,0.767500,0.374697,0.375085,0.230469,0.664062
1470,0.674625,0.525033,0.375472,0.375860,0.664062,0.664062
1471,0.297776,0.332652,0.376247,0.376635,0.707031,0.501953
1472,0.658324,0.738337,0.377022,0.377410,0.501953,0.501953
1473,0.130116,0.450713,0.377797,0.378185,0.949219,0.806641
1474,0.605020,0.168851,0.378573,0.378960,0.806641,0.806641
1475,0.638284,0.127257,0.379348,0.379735,0.644531,0.320312
1476,0.795716,0.344853,0.380123,0.380510,0.320312,0.320312
1477,0.247894,0.051693,0.380898,0.381285,0.054382,0.207031
1478,0.808552,0.136761,0.381673,0.382060,0.207031,0.207031
1479,0.311110,0.307512,0.382448,0.382836,0.132812,0.150391
1480,0.085842,0.383375,0.383223,0.383611,0.150391,0.150391
1481,0.983566,0.726822,0.383998,0.384386,0.250000,0.253906
1482,0.978939,0.052431,0.384773,0.385161,0.253906,0.253906
1483,0.523226,0.169807,0.385548,0.385936,0.277344,0.281250
1484,0.932606,0.338827,0.386324,0.386711,0.281250,0.281250
1485,0.990999,0.864112,0.387099,0.387486,0.775391,0.421875
1486,0.327172,0.926165,0.387874,0.388261,0.421875,0.421875
1487,0.547226,0.261283,0.388649,0.389036,0.144531,0.655945
1488,0.458594,0.524191,0.389424,0.389812,0.655945,0.655945
1489,0.692680,0.865317,0.390199,0.390587,0.667969,0.097656
1490,0.614533,0.484311,0.390974,0.391362,0.097656,0.097656
1491,0.939920,0.597444,0.391749,0.392137,0.539062,0.218750
1492,0.121665,0.190068,0.392524,0.392912,0.218750,0.218750
1493,0.845593,0.941192,0.393300,0.393687,0.894531,0.126953
1494,0.406423,0.879280,0.394075,0.394462,0.126953,0.126953
1495,0.922350,0.288724,0.394850,0.395237,0.890625,0.625977
1496,0.786137,0.107663,0.395625,0.396012,0.625977,0.625977
1497,0.377248,0.316761,0.396400,0.396787,0.958984,0.535156
1498,0.012844,0.827427,0.397175,0.397563,0.535156,0.535156
1499,0.447935,0.583299,0.397950,0.398338,0.572632,0.367188
1500,0.956828,0.887791,0.398725,0.399113,0.367188,0.367188
1501,0.953423,0.788025,0.399500,0.399888,0.304688,0.670898
1502,0.021965,0.881504,0.400275,0.400663,0.670898,0.670898
1503,0.592573,0.415208,0.401051,0.401438,0.929688,0.875000
1504,0.549868,0.350584,0.401826,0.402213,0.875000,0.875000
1505,0.188539,0.229224,0.402601,0.402988,0.251953,0.535156
1506,0.760918,0.337820,0.403376,0.403763,0.535156,0.535156
1507,0.314913,0.192921,0.404151,0.404539,0.017578,0.195312
1508,0.551145,0.026279,0.404926,0.405314,0.195312,0.195312
1509,0.512569,0.816351,0.405701,0.406089,0.632812,0.289917
1510,0.959971,0.600393,0.406476,0.406864,0.289917,0.289917
1511,0.456935,0.666838,0.407251,0.407639,0.679688,0.640625
1512,0.651790,0.343197,0.408026,0.408414,0.640625,0.640625
1513,0.292252,0.757178,0.408802,0.409189,0.250000,0.300781
1514,0.815952,0.725006,0.409577,0.409964,0.300781,0.300781
1515,0.671808,0.671810,0.410352,0.410739,0.417969,0.603516
1516,0.581739,0.891767,0.411127,0.411514,0.603516,0.603516
1517,0.868945,0.310578,0.411902,0.412290,0.445312,0.264648
1518,0.069175,0.209408,0.412677,0.413065,0.264648,0.264648
1519,0.047417,0.698278,0.413452,0.413840,0.136719,0.367188
1520,0.404498,0.705657,0.414227,0.414615,0.367188,0.367188
1521,0.906376,0.368692,0.415002,0.415390,0.725830,0.210938
1522,0.691520,0.073064,0.415778,0.416165,0.210938,0.210938
1523,0.652456,0.108462,0.416553,0.416940,0.085938,0.669922
1524,0.966140,0.152849,0.417328,0.417715,0.669922,0.669922
1525,0.879835,0.592931,0.418103,0.418490,0.093750,0.257812
1526,0.636642,0.854071,0.418878,0.419266,0.257812,0.257812
1527,0.794725,0.509415,0.419653,0.420041,0.273438,0.164062
1528,0.087072,0.543565,0.420428,0.420816,0.164062,0.164062
1529,0.687369,0.666526,0.421203,0.421591,0.555664,0.025391
1530,0.143582,0.644384,0.421978,0.422366,0.025391,0.025391
1531,0.880695,0.478367,0.422753,0.423141,0.457031,0.410645
1532,0.078995,0.660107,0.423529,0.423916,0.410645,0.410645
1533,0.849067,0.161371,0.424304,0.424691,0.949219,0.496094
1534,0.576359,0.441790,0.425079,0.425466,0.496094,0.496094
1535,0.652065,0.911973,0.425854,0.426241,0.599609,0.875000
1536,0.075340,0.222280,0.426629,0.427017,0.875000,0.875000
1537,0.523935,0.586647,0.427404,0.427792,0.076172,0.138672
1538,0.655716,0.620899,0.428179,0.428567,0.138672,0.138672
1539,0.841957,0.308581,0.428954,0.429342,0.644531,0.491211
1540,0.287007,0.311529,0.429729,0.430117,0.491211,0.491211
1541,0.983871,0.323360,0.430505,0.430892,0.341797,0.910156
1542,0.334809,0.452520,0.431280,0.431667,0.910156,0.910156
1543,0.252568,0.584754,0.432055,0.432442,0.270996,0.851562
1544,0.825661,0.546004,0.432830,0.433217,0.851562,0.851562
1545,0.029265,0.170602,0.433605,0.433993,0.632812,0.912109
1546,0.766569,0.670882,0.434380,0.434768,0.912109,0.912109
1547,0.802625,0.199966,0.435155,0.435543,0.792969,0.603516
1548,0.430047,0.010556,0.435930,0.436318,0.603516,0.603516
1549,0.065129,0.299421,0.436705,0.437093,0.132812,0.132812
1550,0.303668,0.762248,0.437480,0.437868,0.132812,0.132812
1551,0.636109,0.702902,0.438256,0.438643,0.620117,0.742188
1552,0.294258,0.834595,0.439031,0.439418,0.742188,0.742188
1553,0.491541,0.665062,0.439806,0.440193,0.523438,0.260254
1554,0.916963,0.343206,0.440581,0.440968,0.260254,0.260254
1555,0.652945,0.411004,0.441356,0.441744,0.371094,0.507812
1556,0.717921,0.697987,0.442131,0.442519,0.507812,0.507812
1557,0.234089,0.727836,0.442906,0.443294,0.823242,0.890625
1558,0.490740,0.445655,0.443681,0.444069,0.890625,0.890625
1559,0.889708,0.529465,0.444456,0.444844,0.675781,0.939453
1560,0.596372,0.355362,0.445231,0.445619,0.939453,0.939453
1561,0.076894,0.673142,0.446007,0.446394,0.503906,0.078125
1562,0.760223,0.291329,0.446782,0.447169,0.078125,0.078125
1563,0.887285,0.087289,0.447557,0.447944,0.746094,0.250000
1564,0.084610,0.403078,0.448332,0.448720,0.250000,0.250000
1565,0.838658,0.259939,0.449107,0.449495,0.965820,0.402344
1566,0.914054,0.138321,0.449882,0.450270,0.402344,0.402344
1567,0.496565,0.691174,0.450657,0.451045,0.093750,0.164062
1568,0.261513,0.846952,0.451432,0.451820,0.164062,0.164062
1569,0.027442,0.354578,0.452207,0.452595,0.078125,0.109375
1570,0.767596,0.117431,0.452983,0.453370,0.109375,0.109375
1571,0.360015,0.488285,0.453758,0.454145,0.617188,0.433594
1572,0.522331,0.092561,0.454533,0.454920,0.433594,0.433594
1573,0.519435,0.280067,0.455308,0.455695,0.440430,0.171875
1574,0.856663,0.121714,0.456083,0.456471,0.171875,0.171875
1575,0.584223,0.075474,0.456858,0.457246,0.750000,0.081299
1576,0.447597,0.679151,0.457633,0.458021,0.081299,0.081299
1577,0.227487,0.871137,0.458408,0.458796,0.824219,0.535156
1578,0.392440,0.013094,0.459183,0.459571,0.535156,0.535156
1579,0.427091,0.136512,0.459958,0.460346,0.156250,0.292969
1580,0.332990,0.332863,0.460734,0.461121,0.292969,0.292969
1581,0.592410,0.923808,0.461509,0.461896,0.015625,0.222656
1582,0.942099,0.702304,0.462284,0.462671,0.222656,0.222656
1583,0.481194,0.860681,0.463059,0.463446,0.050781,0.794922
1584,0.522966,0.521803,0.463834,0.464222,0.794922,0.794922
1585,0.781040,0.965578,0.464609,0.464997,0.519531,0.476562
1586,0.421260,0.109124,0.465384,0.465772,0.476562,0.476562
1587,0.852051,0.027449,0.466159,0.466547,0.567871,0.972656
1588,0.470797,0.390378,0.466934,0.467322,0.972656,0.972656
1589,0.028308,0.847553,0.467710,0.468097,0.613281,0.185547
1590,0.021938,0.729013,0.468485,0.468872,0.185547,0.185547
1591,0.075485,0.335354,0.469260,0.469647,0.996094,0.970703
1592,0.364316,0.916378,0.470035,0.470422,0.970703,0.970703
1593,0.170567,0.914801,0.470810,0.471198,0.515625,0.039062
1594,0.108889,0.748618,0.471585,0.471973,0.039062,0.039062
1595,0.662696,0.381092,0.472360,0.472748,0.242188,0.148438
1596,0.676564,0.912330,0.473135,0.473523,0.148438,0.148438
1597,0.079517,0.152666,0.473910,0.474298,0.050781,0.115723
1598,0.158463,0.236642,0.474685,0.475073,0.115723,0.115723
1599,0.705973,0.894829,0.475461,0.475848,0.191406,0.433594
1600,0.335031,0.135225,0.476236,0.476623,0.433594,0.433594
1601,0.774251,0.247071,0.477011,0.477398,0.838867,0.039062
1602,0.557014,0.173383,0.477786,0.478173,0.039062,0.039062
1603,0.233654,0.188178,0.478561,0.478949,0.908203,0.197266
1604,0.529207,0.602756,0.479336,0.479724,0.197266,0.197266
1605,0.826927,0.373879,0.480111,0.480499,0.292969,0.417969
1606,0.377178,0.974180,0.480886,0.481274,0.417969,0.417969
1607,0.098757,0.456890,0.481661,0.482049,0.837891,0.667969
1608,0.386156,0.322860,0.482437,0.482824,0.667969,0.667969
1609,0.721662,0.291390,0.483212,0.483599,0.836426,0.695312
1610,0.522698,0.888916,0.483987,0.484374,0.695312,0.695312
1611,0.159673,0.383165,0.484762,0.485149,0.335938,0.739258
1612,0.878479,0.727064,0.485537,0.485925,0.739258,0.739258
1613,0.993101,0.710883,0.486312,0.486700,0.605469,0.373047
1614,0.176090,0.155776,0.487087,0.487475,0.373047,0.373047
1615,0.195852,0.026185,0.487862,0.488250,0.611328,0.945312
1616,0.929508,0.336092,0.488637,0.489025,0.945312,0.945312
1617,0.344216,0.392409,0.489412,0.489800,0.250000,0.494141
1618,0.320957,0.476239,0.490188,0.490575,0.494141,0.494141
1619,0.467605,0.803081,0.490963,0.491350,0.351562,0.605469
1620,0.367530,0.532615,0.491738,0.492125,0.605469,0.605469
1621,0.485129,0.977130,0.492513,0.492900,0.355469,0.058594
1622,0.318400,0.991794,0.493288,0.493676,0.058594,0.058594
1623,0.659557,0.489555,0.494063,0.494451,0.108398,0.062500
1624,0.404733,0.194035,0.494838,0.495226,0.062500,0.062500
1625,0.038624,0.697174,0.495613,0.496001,0.160156,0.085938
1626,0.816488,0.637034,0.496388,0.496776,0.085938,0.085938
1627,0.678422,0.091421,0.497164,0.497551,0.242188,0.722656
1628,0.892376,0.634264,0.497939,0.498326,0.722656,0.722656
1629,0.739630,0.185117,0.498714,0.499101,0.875000,0.902344
1630,0.472112,0.772713,0.499489,0.499876,0.902344,0.902344
1631,0.407174,0.657476,0.500264,0.500652,0.528809,0.683594
1632,0.179794,0.459493,0.501039,0.501427,0.683594,0.683594
1633,0.328288,0.254373,0.501814,0.502202,0.398438,0.587402
1634,0.496263,0.740739,0.502589,0.502977,0.587402,0.587402
1635,0.326886,0.873572,0.503364,0.503752,0.964844,0.511719
1636,0.068852,0.222181,0.504139,0.504527,0.511719,0.511719
1637,0.610099,0.587423,0.504915,0.505302,0.687500,0.140625
1638,0.925850,0.075889,0.505690,0.506077,0.140625,0.140625
1639,0.469893,0.610947,0.506465,0.506852,0.689453,0.031250
1640,0.562846,0.931700,0.507240,0.507627,0.031250,0.031250
1641,0.026784,0.352436,0.508015,0.508403,0.566406,0.791016
1642,0.143706,0.987418,0.508790,0.509178,0.791016,0.791016
1643,0.224235,0.167585,0.509565,0.509953,0.183594,0.277344
1644,0.645824,0.857526,0.510340,0.510728,0.277344,0.277344
1645,0.601440,0.476159,0.511115,0.511503,0.203613,0.300781
1646,0.805444,0.169528,0.511891,0.512278,0.300781,0.300781
1647,0.390534,0.981973,0.512666,0.513053,0.589844,0.101562
1648,0.397112,0.049587,0.513441,0.513828,0.101562,0.101562
1649,0.572873,0.544182,0.514216,0.514603,0.906250,0.484375
1650,0.118028,0.962810,0.514991,0.515379,0.484375,0.484375
1651,0.983746,0.430636,0.515766,0.516154,0.812500,0.253906
1652,0.495578,0.402940,0.516541,0.516929,0.253906,0.253906
1653,0.524680,0.309546,0.517316,0.517704,0.404785,0.066406
1654,0.512620,0.408992,0.518091,0.518479,0.066406,0.066406
1655,0.707725,0.261135,0.518866,0.519254,0.933594,0.488770
1656,0.238964,0.785600,0.519642,0.520029,0.488770,0.488770
1657,0.182610,0.323115,0.520417,0.520804,0.144531,0.566406
1658,0.706550,0.008890,0.521192,0.521579,0.566406,0.566406
1659,0.614809,0.315506,0.521967,0.522354,0.521484,0.625000
1660,0.302823,0.764455,0.522742,0.523130,0.625000,0.625000
1661,0.662983,0.441018,0.523517,0.523905,0.781250,0.574219
1662,0.020976,0.797683,0.524292,0.524680,0.574219,0.574219
1663,0.220284,0.408399,0.525067,0.525455,0.632812,0.913086
1664,0.752290,0.881133,0.525842,0.526230,0.913086,0.913086
1665,0.686479,0.813237,0.526618,0.527005,0.550781,0.957031
1666,0.061872,0.512633,0.527393,0.527780,0.957031,0.957031
1667,0.562933,0.663919,0.528168,0.528555,0.365723,0.687500
1668,0.059780,0.122136,0.528943,0.529330,0.687500,0.687500
1669,0.349706,0.697450,0.529718,0.530105,0.005859,0.470703
1670,0.192509,0.889106,0.530493,0.530881,0.470703,0.470703
1671,0.068917,0.816697,0.531268,0.531656,0.277344,0.484375
1672,0.862062,0.770227,0.532043,0.532431,0.484375,0.484375
1673,0.115585,0.873853,0.532818,0.533206,0.833984,0.785156
1674,0.588310,0.372972,0.533593,0.533981,0.785156,0.785156
1675,0.151175,0.112056,0.534369,0.534756,0.224121,0.976562
1676,0.712512,0.666265,0.535144,0.535531,0.976562,0.976562
1677,0.343442,0.415084,0.535919,0.536306,0.074219,0.203125
1678,0.032302,0.767058,0.536694,0.537081,0.203125,0.203125
1679,0.943079,0.729216,0.537469,0.537857,0.210938,0.720703
1680,0.703022,0.660268,0.538244,0.538632,0.720703,0.720703
1681,0.307151,0.812170,0.539019,0.539407,0.896484,0.394531
1682,0.518029,0.761394,0.539794,0.540182,0.394531,0.394531
1683,0.172010,0.930429,0.540569,0.540957,0.748047,0.941406
1684,0.145551,0.329030,0.541345,0.541732,0.941406,0.941406
1685,0.932237,0.395795,0.542120,0.542507,0.480469,0.212891
1686,0.797835,0.410268,0.542895,0.543282,0.212891,0.212891
1687,0.063819,0.080134,0.543670,0.544057,0.324219,0.964844
1688,0.142250,0.120171,0.544445,0.544832,0.964844,0.964844
1689,0.266969,0.770678,0.545220,0.545608,0.834961,0.156250
1690,0.607429,0.940075,0.545995,0.546383,0.156250,0.156250
1691,0.272949,0.215969,0.546770,0.547158,0.228516,0.408203
1692,0.329917,0.763082,0.547545,0.547933,0.408203,0.408203
1693,0.472120,0.734226,0.548320,0.548708,0.363281,0.500000
1694,0.077047,0.713128,0.549096,0.549483,0.500000,0.500000
1695,0.147163,0.258610,0.549871,0.550258,0.123047,0.570312
1696,0.357284,0.860614,0.550646,0.551033,0.570312,0.570312
1697,0.674683,0.472891,0.551421,0.551808,0.746582,0.554688
1698,0.227753,0.987413,0.552196,0.552584,0.554688,0.554688
1699,0.770447,0.390819,0.552971,0.553359,0.945312,0.490234
1700,0.177950,0.274888,0.553746,0.554134,0.490234,0.490234
1701,0.664006,0.974519,0.554521,0.554909,0.226562,0.162109
1702,0.191475,0.111447,0.555296,0.555684,0.162109,0.162109
1703,0.797604,0.358068,0.556072,0.556459,0.587891,0.457031
1704,0.980587,0.048335,0.556847,0.557234,0.457031,0.457031
1705,0.494013,0.423837,0.557622,0.558009,0.804688,0.945312
1706,0.574625,0.461137,0.558397,0.558784,0.945312,0.945312
1707,0.340876,0.592004,0.559172,0.559559,0.054688,0.927734
1708,0.973073,0.329466,0.559947,0.560335,0.927734,0.927734
1709,0.895902,0.999613,0.560722,0.561110,0.367188,0.179688
1710,0.478333,0.005220,0.561497,0.561885,0.179688,0.179688
1711,0.861436,0.017466,0.562272,0.562660,0.852051,0.625000
1712,0.584088,0.522434,0.563047,0.563435,0.625000,0.625000
1713,0.233066,0.093932,0.563823,0.564210,0.083984,0.143555
1714,0.890794,0.158669,0.564598,0.564985,0.143555,0.143555
1715,0.442319,0.995102,0.565373,0.565760,0.148438,0.314453
1716,0.965191,0.208801,0.566148,0.566535,0.314453,0.314453
1717,0.287579,0.293643,0.566923,0.567311,0.875000,0.660156
1718,0.506587,0.727945,0.567698,0.568086,0.660156,0.660156
1719,0.920948,0.107178,0.568473,0.568861,0.734375,0.929688
1720,0.849311,0.291420,0.569248,0.569636,0.929688,0.929688
1721,0.462059,0.625085,0.570023,0.570411,0.675781,0.108398
1722,0.467505,0.172626,0.570799,0.571186,0.108398,0.108398
1723,0.175074,0.733280,0.571574,0.571961,0.289062,0.060547
1724,0.703597,0.329959,0.572349,0.572736,0.060547,0.060547
1725,0.510298,0.157524,0.573124,0.573511,0.370117,0.824219
1726,0.027282,0.652863,0.573899,0.574286,0.824219,0.824219
1727,0.376028,0.423026,0.574674,0.575062,0.169922,0.394531
1728,0.014062,0.022241,0.575449,0.575837,0.394531,0.394531
1729,0.773106,0.242623,0.576224,0.576612,0.285156,0.297852
1730,0.665651,0.255622,0.576999,0.577387,0.297852,0.297852
1731,0.410519,0.204426,0.577774,0.578162,0.539062,0.476562
1732,0.697662,0.059422,0.578550,0.578937,0.476562,0.476562
1733,0.691082,0.819048,0.579325,0.579712,0.658691,0.019531
1734,0.412115,0.714162,0.580100,0.580487,0.019531,0.019531
1735,0.215126,0.326781,0.580875,0.581262,0.388672,0.899414
1736,0.803642,0.475145,0.581650,0.582038,0.899414,0.899414
1737,0.913133,0.455316,0.582425,0.582813,0.625000,0.714844
1738,0.747225,0.488811,0.583200,0.583588,0.714844,0.714844
1739,0.004802,0.883718,0.583975,0.584363,0.271484,0.121094
1740,0.893298,0.422814,0.584750,0.585138,0.121094,0.121094
1741,0.498448,0.453636,0.585526,0.585913,0.947266,0.246094
1742,0.339062,0.944609,0.586301,0.586688,0.246094,0.246094
1743,0.209946,0.955391,0.587076,0.587463,0.382812,0.815918
1744,0.295702,0.725728,0.587851,0.588238,0.815918,0.815918
1745,0.305688,0.724137,0.588626,0.589013,0.460938,0.589844
1746,0.440503,0.146276,0.589401,0.589789,0.589844,0.589844
1747,0.362585,0.285287,0.590176,0.590564,0.018555,0.507812
1748,0.616232,0.513735,0.590951,0.591339,0.507812,0.507812
1749,0.541616,0.065392,0.591726,0.592114,0.056641,0.099609
1750,0.566889,0.093603,0.592501,0.592889,0.099609,0.099609
1751,0.547524,0.849050,0.593277,0.593664,0.125000,0.560547
1752,0.976185,0.790297,0.594052,0.594439,0.560547,0.560547
1753,0.621928,0.087038,0.594827,0.595214,0.695312,0.738281
1754,0.646072,0.910354,0.595602,0.595989,0.738281,0.738281
1755,0.658087,0.868890,0.596377,0.596765,0.497314,0.257812
1756,0.705114,0.982188,0.597152,0.597540,0.257812,0.257812
1757,0.975360,0.040403,0.597927,0.598315,0.976562,0.903320
1758,0.554079,0.799116,0.598702,0.599090,0.903320,0.903320
1759,0.020315,0.742635,0.599477,0.599865,0.777344,0.486328
1760,0.404635,0.630102,0.600253,0.600640,0.486328,0.486328
1761,0.012676,0.230038,0.601028,0.601415,0.513672,0.992188
1762,0.019657,0.013468,0.601803,0.602190,0.992188,0.992188
1763,0.577575,0.144174,0.602578,0.602965,0.149414,0.652344
1764,0.196883,0.445702,0.603353,0.603740,0.652344,0.652344
1765,0.799502,0.014528,0.604128,0.604516,0.179688,0.370728
1766,0.320672,0.783282,0.604903,0.605291,0.370728,0.370728
1767,0.146113,0.890616,0.605678,0.606066,0.835938,0.925781
1768,0.614168,0.283825,0.606453,0.606841,0.925781,0.925781
1769,0.876489,0.136723,0.607228,0.607616,0.304688,0.527344
1770,0.013219,0.095832,0.608004,0.608391,0.527344,0.527344
1771,0.530835,0.558710,0.608779,0.609166,0.679688,0.863281
1772,0.014613,0.849218,0.609554,0.609941,0.863281,0.863281
1773,0.162786,0.213089,0.610329,0.610716,0.519531,0.952148
1774,0.695895,0.920758,0.611104,0.611492,0.952148,0.952148
1775,0.778923,0.667869,0.611879,0.612267,0.691406,0.847656
1776,0.410642,0.514059,0.612654,0.613042,0.847656,0.847656
1777,0.116998,0.211471,0.613429,0.613817,0.610107,0.246094
1778,0.064843,0.382393,0.614204,0.614592,0.246094,0.246094
1779,0.927160,0.789367,0.614980,0.615367,0.677734,0.385742
1780,0.987081,0.731017,0.615755,0.616142,0.385742,0.385742
1781,0.297939,0.109913,0.616530,0.616917,0.578125,0.416016
1782,0.727580,0.005502,0.617305,0.617692,0.416016,0.416016
1783,0.469353,0.322347,0.618080,0.618467,0.794922,0.335938
1784,0.897498,0.836297,0.618855,0.619243,0.335938,0.335938
1785,0.247844,0.936089,0.619630,0.620018,0.105469,0.296875
1786,0.938619,0.992536,0.620405,0.620793,0.296875,0.296875
1787,0.688218,0.833519,0.621180,0.621568,0.183594,0.530151
1788,0.558370,0.477705,0.621955,0.622343,0.530151,0.530151
1789,0.465196,0.599417,0.622731,0.623118,0.503906,0.234375
1790,0.274795,0.664461,0.623506,0.623893,0.234375,0.234375
1791,0.893642,0.275792,0.624281,0.624668,0.998047,0.906250
1792,0.162182,0.680496,0.625056,0.625443,0.906250,0.906250
1793,0.425203,0.526640,0.625831,0.626218,0.250000,0.486328
1794,0.622321,0.138683,0.626606,0.626994,0.486328,0.486328
1795,0.737170,0.551158,0.627381,0.627769,0.429688,0.708984
1796,0.144592,0.232865,0.628156,0.628544,0.708984,0.708984
1797,0.749801,0.431377,0.628931,0.629319,0.371094,0.699219
1798,0.652780,0.754193,0.629706,0.630094,0.699219,0.699219
1799,0.663850,0.476794,0.630482,0.630869,0.239258,0.898438
1800,0.221889,0.416809,0.631257,0.631644,0.898438,0.898438
1801,0.073607,0.437083,0.632032,0.632419,0.320312,0.573242
1802,0.084316,0.888616,0.632807,0.633194,0.573242,0.573242
1803,0.578709,0.163101,0.633582,0.633970,0.011719,0.296875
1804,0.904980,0.160089,0.634357,0.634745,0.296875,0.296875
1805,0.425146,0.723688,0.635132,0.635520,0.312500,0.187500
1806,0.453891,0.541798,0.635907,0.636295,0.187500,0.187500
1807,0.778669,0.478087,0.636682,0.637070,0.577148,0.328125
1808,0.036712,0.977934,0.637457,0.637845,0.328125,0.328125
1809,0.683749,0.966900,0.638233,0.638620,0.503906,0.051544
1810,0.485599,0.602197,0.639008,0.639395,0.051544,0.051544
1811,0.194118,0.089029,0.639783,0.640170,0.554688,0.683594
1812,0.427609,0.226440,0.640558,0.640945,0.683594,0.683594
1813,0.544001,0.263205,0.641333,0.641721,0.871094,0.667969
1814,0.067243,0.048640,0.642108,0.642496,0.667969,0.667969
1815,0.435257,0.231676,0.642883,0.643271,0.972656,0.773438
1816,0.914577,0.085506,0.643658,0.644046,0.773438,0.773438
1817,0.541416,0.666036,0.644433,0.644821,0.808594,0.065430
1818,0.521881,0.017726,0.645209,0.645596,0.065430,0.065430
1819,0.758059,0.393723,0.645984,0.646371,0.585938,0.187500
1820,0.442914,0.401705,0.646759,0.647146,0.187500,0.187500
1821,0.956584,0.212324,0.647534,0.647921,0.627760,0.121094
1822,0.871836,0.731174,0.648309,0.648697,0.121094,0.121094
1823,0.785581,0.951855,0.649084,0.649472,0.742188,0.698242
1824,0.330674,0.674147,0.649859,0.650247,0.698242,0.698242
1825,0.445585,0.543120,0.650634,0.651022,0.046875,0.921875
1826,0.391214,0.671486,0.651409,0.651797,0.921875,0.921875
1827,0.883827,0.008367,0.652184,0.652572,0.273438,0.589844
1828,0.918854,0.569483,0.652960,0.653347,0.589844,0.589844
1829,0.060295,0.059930,0.653735,0.654122,0.333984,0.902344
1830,0.610460,0.765075,0.654510,0.654897,0.902344,0.902344
1831,0.556935,0.492419,0.655285,0.655672,0.242188,0.692413
1832,0.031897,0.256277,0.656060,0.656448,0.692413,0.692413
1833,0.481652,0.838497,0.656835,0.657223,0.089844,0.429688
1834,0.903736,0.752740,0.657610,0.657998,0.429688,0.429688
1835,0.424951,0.370912,0.658385,0.658773,0.690430,0.843750
1836,0.034570,0.917415,0.659160,0.659548,0.843750,0.843750
1837,0.761387,0.143067,0.659936,0.660323,0.052734,0.519531
1838,0.925022,0.506749,0.660711,0.661098,0.519531,0.519531
1839,0.468783,0.269482,0.661486,0.661873,0.617188,0.255859
1840,0.203028,0.581170,0.662261,0.662648,0.255859,0.255859
1841,0.834808,0.214303,0.663036,0.663424,0.181641,0.199219
1842,0.611423,0.896553,0.663811,0.664199,0.199219,0.199219
1843,0.894317,0.522308,0.664586,0.664974,0.018250,0.804688
1844,0.051927,0.931522,0.665361,0.665749,0.804688,0.804688
1845,0.692335,0.664017,0.666136,0.666524,0.785156,0.993164
1846,0.813443,0.988777,0.666911,0.667299,0.993164,0.993164
1847,0.872367,0.518906,0.667687,0.668074,0.648438,0.082031
1848,0.924999,0.389174,0.668462,0.668849,0.082031,0.082031
1849,0.724186,0.937716,0.669237,0.669624,0.876953,0.578125
1850,0.771396,0.704599,0.670012,0.670399,0.578125,0.578125
1851,0.321851,0.275976,0.670787,0.671175,0.138672,0.181641
1852,0.263593,0.288161,0.671562,0.671950,0.181641,0.181641
1853,0.391945,0.238802,0.672337,0.672725,0.500000,0.209839
1854,0.675143,0.350121,0.673112,0.673500,0.209839,0.209839
1855,0.801580,0.957488,0.673887,0.674275,0.203125,0.632812
1856,0.512605,0.557164,0.674663,0.675050,0.632812,0.632812
1857,0.471491,0.082413,0.675438,0.675825,0.222656,0.472656
1858,0.131769,0.018230,0.676213,0.676600,0.472656,0.472656
1859,0.607804,0.244841,0.676988,0.677375,0.699219,0.515625
1860,0.783456,0.340716,0.677763,0.678151,0.515625,0.515625
1861,0.952315,0.484723,0.678538,0.678926,0.824219,0.512695
1862,0.234613,0.755516,0.679313,0.679701,0.512695,0.512695
1863,0.006054,0.879420,0.680088,0.680476,0.990234,0.644531
1864,0.012692,0.345762,0.680863,0.681251,0.644531,0.644531
1865,0.379716,0.889651,0.681638,0.682026,0.653564,0.863281
1866,0.483786,0.793208,0.682414,0.682801,0.863281,0.863281
1867,0.910036,0.779592,0.683189,0.683576,0.292969,0.692383
1868,0.768470,0.881592,0.683964,0.684351,0.692383,0.692383
1869,0.338232,0.599470,0.684739,0.685126,0.781250,0.578125
1870,0.548228,0.441270,0.685514,0.685902,0.578125,0.578125
1871,0.188081,0.238794,0.686289,0.686677,0.330078,0.179688
1872,0.210913,0.720232,0.687064,0.687452,0.179688,0.179688
1873,0.126295,0.312027,0.687839,0.688227,0.762695,0.322266
1874,0.580042,0.364544,0.688614,0.689002,0.322266,0.322266
1875,0.426134,0.484542,0.689390,0.689777,0.378906,0.361206
1876,0.138584,0.998616,0.690165,0.690552,0.361206,0.361206
1877,0.321017,0.819246,0.690940,0.691327,0.007812,0.453125
1878,0.840862,0.694130,0.691715,0.692102,0.453125,0.453125
1879,0.705968,0.106704,0.692490,0.692878,0.232422,0.597656
1880,0.682362,0.522779,0.693265,0.693653,0.597656,0.597656
1881,0.904269,0.199017,0.694040,0.694428,0.111328,0.558594
1882,0.930749,0.031568,0.694815,0.695203,0.558594,0.558594
1883,0.485170,0.245510,0.695590,0.695978,0.406250,0.066406
1884,0.722254,0.625929,0.696365,0.696753,0.066406,0.066406
1885,0.246337,0.236457,0.697141,0.697528,0.853516,0.421875
1886,0.471765,0.298768,0.697916,0.698303,0.421875,0.421875
1887,0.525509,0.473872,0.698691,0.699078,0.776123,0.175781
1888,0.876372,0.786454,0.699466,0.699853,0.175781,0.175781
1889,0.087290,0.662831,0.700241,0.700629,0.113281,0.031250
1890,0.699666,0.569514,0.701016,0.701404,0.031250,0.031250
1891,0.127883,0.573599,0.701791,0.702179,0.398438,0.208984
1892,0.861795,0.566177,0.702566,0.702954,0.208984,0.208984
1893,0.837469,0.559482,0.703341,0.703729,0.839844,0.421875
1894,0.795017,0.459081,0.704117,0.704504,0.421875,0.421875
1895,0.768074,0.430213,0.704892,0.705279,0.974609,0.498047
1896,0.497370,0.984803,0.705667,0.706054,0.498047,0.498047
1897,0.521164,0.593582,0.706442,0.706829,0.960938,0.904053
1898,0.294340,0.279727,0.707217,0.707605,0.904053,0.904053
1899,0.270886,0.772532,0.707992,0.708380,0.605469,0.035156
1900,0.735491,0.308127,0.708767,0.709155,0.035156,0.035156
1901,0.396559,0.093811,0.709542,0.709930,0.486328,0.250000
1902,0.651768,0.339318,0.710317,0.710705,0.250000,0.250000
1903,0.933713,0.670074,0.711092,0.711480,0.482422,0.441406
1904,0.320592,0.866983,0.711868,0.712255,0.441406,0.441406
1905,0.700742,0.207243,0.712643,0.713030,0.332031,0.146484
1906,0.515791,0.752418,0.713418,0.713805,0.146484,0.146484
1907,0.910405,0.918384,0.714193,0.714580,0.601562,0.449219
1908,0.674109,0.047409,0.714968,0.715356,0.449219,0.449219
1909,0.807288,0.532076,0.715743,0.716131,0.628906,0.636719
1910,0.205759,0.042746,0.716518,0.716906,0.636719,0.636719
1911,0.003206,0.706422,0.717293,0.717681,0.089844,0.244141
1912,0.932187,0.767953,0.718068,0.718456,0.244141,0.244141
1913,0.252688,0.306842,0.718844,0.719231,0.457031,0.779297
1914,0.721939,0.012718,0.719619,0.720006,0.779297,0.779297
1915,0.965747,0.153453,0.720394,0.720781,0.619141,0.332031
1916,0.409609,0.778208,0.721169,0.721556,0.332031,0.332031
1917,0.125514,0.820709,0.721944,0.722332,0.543945,0.869141
1918,0.515885,0.641270,0.722719,0.723107,0.869141,0.869141
1919,0.599048,0.632192,0.723494,0.723882,0.347656,0.595703
1920,0.200336,0.113362,0.724269,0.724657,0.595703,0.595703
1921,0.517734,0.296543,0.725044,0.725432,0.117188,0.535156
1922,0.525664,0.108595,0.725819,0.726207,0.535156,0.535156
1923,0.857199,0.405745,0.726595,0.726982,0.747070,0.488281
1924,0.367168,0.287611,0.727370,0.727757,0.488281,0.488281
1925,0.249498,0.051545,0.728145,0.728532,0.017578,0.949219
1926,0.780325,0.533655,0.728920,0.729307,0.949219,0.949219
1927,0.235166,0.114791,0.729695,0.730083,0.582031,0.982422
1928,0.958505,0.932233,0.730470,0.730858,0.982422,0.982422
1929,0.240472,0.255870,0.731245,0.731633,0.068359,0.632812
1930,0.163872,0.320655,0.732020,0.732408,0.632812,0.632812
1931,0.539233,0.200410,0.732795,0.733183,0.453613,0.128906
1932,0.689363,0.076588,0.733571,0.733958,0.128906,0.128906
1933,0.128602,0.825699,0.734346,0.734733,0.078125,0.568359
1934,0.003794,0.036200,0.735121,0.735508,0.568359,0.568359
1935,0.285349,0.943673,0.735896,0.736283,0.910156,0.093750
1936,0.602365,0.766482,0.736671,0.737059,0.093750,0.093750
1937,0.055031,0.038318,0.737446,0.737834,0.878906,0.921875
1938,0.511674,0.451463,0.738221,0.738609,0.921875,0.921875
1939,0.575968,0.425086,0.738996,0.739384,0.245117,0.609375
1940,0.145801,0.004941,0.739771,0.740159,0.609375,0.609375
1941,0.933320,0.281702,0.740546,0.740934,0.621094,0.193848
1942,0.158664,0.161995,0.741322,0.741709,0.193848,0.193848
1943,0.442942,0.605772,0.742097,0.742484,0.648438,0.093750
1944,0.875227,0.630627,0.742872,0.743259,0.093750,0.093750
1945,0.338835,0.059747,0.743647,0.744034,0.778809,0.359375
1946,0.660861,0.375543,0.744422,0.744810,0.359375,0.359375
1947,0.485976,0.167752,0.745197,0.745585,0.904297,0.869141
1948,0.573290,0.047431,0.745972,0.746360,0.869141,0.869141
1949,0.761494,0.428047,0.746747,0.747135,0.144531,0.802734
1950,0.694129,0.984717,0.747522,0.747910,0.802734,0.802734
1951,0.926467,0.624312,0.748298,0.748685,0.076172,0.890625
1952,0.994681,0.292077,0.749073,0.749460,0.890625,0.890625
1953,0.092509,0.457774,0.749848,0.750235,0.492676,0.539062
1954,0.127851,0.457239,0.750623,0.751010,0.539062,0.539062
1955,0.802705,0.972003,0.751398,0.751785,0.933594,0.241699
1956,0.938111,0.318730,0.752173,0.752561,0.241699,0.241699
1957,0.899163,0.782199,0.752948,0.753336,0.699219,0.957031
1958,0.701204,0.989563,0.753723,0.754111,0.957031,0.957031
1959,0.143309,0.530938,0.754498,0.754886,0.833984,0.210938
1960,0.262760,0.804928,0.755273,0.755661,0.210938,0.210938
1961,0.839434,0.995715,0.756049,0.756436,0.851562,0.894531
1962,0.353137,0.589984,0.756824,0.757211,0.894531,0.894531
1963,0.404007,0.942156,0.757599,0.757986,0.855469,0.457031
1964,0.842994,0.454031,0.758374,0.758761,0.457031,0.457031
1965,0.655887,0.595275,0.759149,0.759537,0.328125,0.855469
1966,0.997004,0.199922,0.759924,0.760312,0.855469,0.855469
1967,0.987879,0.798537,0.760699,0.761087,0.340332,0.921875
1968,0.447971,0.906197,0.761474,0.761862,0.921875,0.921875
1969,0.426798,0.415305,0.762249,0.762637,0.339844,0.986328
1970,0.952390,0.821113,0.763025,0.763412,0.986328,0.986328
1971,0.431066,0.288506,0.763800,0.764187,0.003906,0.828125
1972,0.436856,0.742596,0.764575,0.764962,0.828125,0.828125
1973,0.151720,0.134308,0.765350,0.765737,0.453125,0.140625
1974,0.041653,0.044250,0.766125,0.766512,0.140625,0.140625
1975,0.757554,0.824293,0.766900,0.767288,0.987305,0.738281
1976,0.540134,0.981461,0.767675,0.768063,0.738281,0.738281
1977,0.809534,0.689505,0.768450,0.768838,0.523438,0.503418
1978,0.317454,0.016944,0.769225,0.769613,0.503418,0.503418
1979,0.343889,0.329211,0.770000,0.770388,0.765625,0.179688
1980,0.724693,0.919765,0.770776,0.771163,0.179688,0.179688
1981,0.726788,0.079092,0.771551,0.771938,0.701172,0.207031
1982,0.546767,0.339692,0.772326,0.772713,0.207031,0.207031
1983,0.379275,0.684844,0.773101,0.773488,0.136719,0.900391
1984,0.577573,0.892676,0.773876,0.774264,0.900391,0.900391
1985,0.244002,0.378483,0.774651,0.775039,0.132812,0.143555
1986,0.861646,0.530936,0.775426,0.775814,0.143555,0.143555
1987,0.710170,0.591337,0.776201,0.776589,0.277344,0.953125
1988,0.953897,0.079295,0.776976,0.777364,0.953125,0.953125
1989,0.437055,0.840614,0.777752,0.778139,0.195312,0.242188
1990,0.475000,0.456464,0.778527,0.778914,0.242188,0.242188
1991,0.073631,0.794428,0.779302,0.779689,0.505859,0.080078
1992,0.280829,0.347188,0.780077,0.780464,0.080078,0.080078
1993,0.000983,0.055856,0.780852,0.781239,0.152344,0.287109
1994,0.736275,0.228366,0.781627,0.782015,0.287109,0.287109
1995,0.905519,0.930321,0.782402,0.782790,0.019531,0.312500
1996,0.536985,0.454308,0.783177,0.783565,0.312500,0.312500
1997,0.355468,0.150408,0.783952,0.784340,0.179199,0.609375
1998,0.574279,0.980819,0.784727,0.785115,0.609375,0.609375
1999,0.972384,0.542720,0.785503,0.785890,0.703125,0.592285
2000,0.195904,0.172774,0.786278,0.786665,0.592285,0.592285
2001,0.273677,0.208447,0.787053,0.787440,0.050781,0.576172
2002,0.263370,0.738941,0.787828,0.788215,0.576172,0.576172
2003,0.459351,0.295111,0.788603,0.788990,0.697266,0.917969
2004,0.660829,0.917321,0.789378,0.789766,0.917969,0.917969
2005,0.574942,0.678390,0.790153,0.790541,0.878906,0.806641
2006,0.195968,0.901780,0.790928,0.791316,0.806641,0.806641
2007,0.340866,0.628600,0.791703,0.792091,0.527344,0.013184
2008,0.398326,0.747180,0.792479,0.792866,0.013184,0.013184
2009,0.846218,0.555483,0.793254,0.793641,0.621094,0.527344
2010,0.557450,0.082173,0.794029,0.794416,0.527344,0.527344
2011,0.807929,0.101430,0.794804,0.795191,0.103516,0.375000
2012,0.094481,0.040851,0.795579,0.795966,0.375000,0.375000
2013,0.239719,0.509189,0.796354,0.796742,0.591797,0.935547
2014,0.328409,0.951240,0.797129,0.797517,0.935547,0.935547
2015,0.558954,0.341760,0.797904,0.798292,0.585938,0.398438
2016,0.026578,0.564730,0.798679,0.799067,0.398438,0.398438
2017,0.959289,0.987105,0.799454,0.799842,0.593750,0.335938
2018,0.024887,0.051302,0.800230,0.800617,0.335938,0.335938
2019,0.907623,0.500125,0.801005,0.801392,0.308594,0.015625
2020,0.697205,0.310177,0.801780,0.802167,0.015625,0.015625
2021,0.504521,0.274428,0.802555,0.802942,0.339844,0.747559
2022,0.312066,0.758480,0.803330,0.803717,0.747559,0.747559
2023,0.181382,0.927854,0.804105,0.804493,0.480469,0.962891
2024,0.632798,0.235197,0.804880,0.805268,0.962891,0.962891
2025,0.478121,0.141702,0.805655,0.806043,0.046875,0.335938
2026,0.826278,0.755654,0.806430,0.806818,0.335938,0.335938
2027,0.676095,0.169291,0.807205,0.807593,0.857422,0.798828
2028,0.263869,0.861479,0.807981,0.808368,0.798828,0.798828
2029,0.812060,0.732242,0.808756,0.809143,0.105469,0.825195
2030,0.777760,0.908478,0.809531,0.809918,0.825195,0.825195
2031,0.434833,0.862483,0.810306,0.810693,0.492188,0.707031
2032,0.781682,0.972411,0.811081,0.811469,0.707031,0.707031
2033,0.969770,0.905383,0.811856,0.812244,0.823730,0.394531
2034,0.307004,0.024187,0.812631,0.813019,0.394531,0.394531
2035,0.379613,0.496611,0.813406,0.813794,0.781250,0.328125
2036,0.714899,0.355949,0.814181,0.814569,0.328125,0.328125
2037,0.989895,0.763625,0.814957,0.815344,0.312500,0.382812
2038,0.712647,0.194377,0.815732,0.816119,0.382812,0.382812
2039,0.804383,0.829744,0.816507,0.816894,0.990234,0.140625
2040,0.616380,0.704105,0.817282,0.817669,0.140625,0.140625
2041,0.816975,0.636599,0.818057,0.818444,0.615723,0.828125
2042,0.424298,0.202065,0.818832,0.819220,0.828125,0.828125
2043,0.559991,0.263246,0.819607,0.819995,0.308594,0.211426
2044,0.905229,0.425666,0.820382,0.820770,0.211426,0.211426
2045,0.402342,0.114253,0.821157,0.821545,0.992188,0.154297
2046,0.864432,0.472791,0.821932,0.822320,0.154297,0.154297
2047,0.777093,0.202882,0.822708,0.823095,0.966797,0.468750
